No,Keywords,Volume,Position,Est. Visits,Seo Difficulty,Ranking Url
1,プレミアムバンダイ,823000,1,186501,41,http://p-bandai.jp/
2,ガンプラ,368000,2,71301,63,http://p-bandai.jp/brand/b0001/
3,バンダイ,165000,1,49110,73,http://p-bandai.jp/
4,ウェブ魂,60500,1,22002,48,http://p-bandai.jp/tamashiiwebshouten/
5,プラモデル,135000,1,20111,42,http://p-bandai.jp/category/0037/
6,フィギュア,201000,2,17632,45,http://p-bandai.jp/category/0036/
7,玩具,40500,1,12596,43,http://p-bandai.jp/category/0012/
8,バンダイ プレミアム ガンプラ,27100,1,8235,22,http://p-bandai.jp/hobby/a0001/list-da20-n3/
9,プレミアムバンダイ ガンプラ,27100,1,8234,28,http://p-bandai.jp/hobby/a0001/list-da20-n3/
10,たまごっちグッズ,22200,1,7806,44,http://p-bandai.jp/chara/c0002/
11,ハンターライセンス,27100,1,7783,26,http://p-bandai.jp/item/item-1000252174/
12,ドラゴンボールカード,33100,1,7783,39,http://p-bandai.jp/item/item-1000247915/
13,ドラゴンボール　カード,33100,1,7775,39,http://p-bandai.jp/item/item-1000247915/
14,プレミアム,33100,1,7775,69,http://p-bandai.jp/
15,みみっち,74000,2,7425,21,http://p-bandai.jp/item/item-1000249336/
16,日輪刀,22200,1,7398,21,http://p-bandai.jp/tamashiiwebshouten/a0014/b0023/
17,たまごっちユニ,74000,2,7358,25,http://p-bandai.jp/item/item-1000240796/
18,バンダイプレミアム,18100,1,7354,31,http://p-bandai.jp/
19,魂ウェブ,60500,2,7254,37,http://p-bandai.jp/tamashiiwebshouten/
20,バンダイ プレミアム,18100,1,7200,40,http://p-bandai.jp/
21,グスタフカール,18100,1,7039,35,http://p-bandai.jp/item/item-1000246305/
22,受け継がれる意志,18100,1,7039,20,http://p-bandai.jp/item/item-1000248929/
23,トレーディングカード,33100,1,5950,39,http://p-bandai.jp/category/0028/00280001/
24,mg,110000,3,5468,60,http://p-bandai.jp/brand/b0004/
25,魂ウェブ商店,14800,1,5441,43,http://p-bandai.jp/tamashiiwebshouten/
26,ホビーオンラインショップ,14800,1,5441,58,http://p-bandai.jp/hobby/
27,ハンターハンター の グッズ,14800,1,5409,22,http://p-bandai.jp/chara/c0983/
28,exs,90500,3,5386,33,http://p-bandai.jp/item/item-1000253636/
29,リガズィカスタム,9900,1,5284,19,http://p-bandai.jp/item/item-1000254472/
30,アクションフィギュア,12100,1,5218,33,http://p-bandai.jp/category/0036/00360001/
31,ワンピースカード 抽選,9900,1,5180,17,http://p-bandai.jp/item/item-1000249930/
32,メッサーラ,12100,1,5151,35,http://p-bandai.jp/item/item-1000243482/
33,ルフィ ギア5,12100,1,5100,31,http://p-bandai.jp/item/item-1000247345/
34,オンライン ホビー ショップ,14800,1,5068,70,http://p-bandai.jp/hobby/
35,トレーディング カード ゲーム,12100,1,5038,36,http://p-bandai.jp/category/0028/00280001/
36,premium bandai,12100,1,4966,46,http://p-bandai.jp/
37,p bandai,12100,1,4966,50,http://p-bandai.jp/
38,bandai premium,12100,1,4966,50,http://p-bandai.jp/
39,mgバルバトスルプス,9900,1,4957,33,http://p-bandai.jp/item/item-1000241880/
40,テクマクマヤコン,9900,1,4950,22,http://p-bandai.jp/item/item-1000236433/
41,リ ガズィカスタム,9900,1,4839,21,http://p-bandai.jp/item/item-1000254472/
42,リ ガズィ カスタム,9900,1,4837,29,http://p-bandai.jp/item/item-1000248379/
43,マンダラ ガンダム,9900,1,4764,23,http://p-bandai.jp/item/item-1000249815/
44,スタークジェガン,8100,1,4744,18,http://p-bandai.jp/item/item-1000247893/
45,バンダイナムコid,74000,3,4694,28,http://p-bandai.jp/newregist_pre_bnid
46,アーセナルベース,110000,3,4545,34,http://p-bandai.jp/item/item-1000250944/
47,仮面ライダーg7,8100,1,4521,24,http://p-bandai.jp/press/2026/04/1000016933/
48,仮面 ライダー g7,8100,1,4508,22,http://p-bandai.jp/press/2026/04/1000016933/
49,ルフィ,110000,3,4498,21,http://p-bandai.jp/item/item-1000247345/
50,ex s ガンダム,8100,1,4434,34,http://p-bandai.jp/item/item-1000242860/
51,ギャン,14800,1,4040,35,http://p-bandai.jp/item/item-1000249505/
52,おやじ っ ち,60500,3,3996,23,http://p-bandai.jp/item/item-1000248688/
53,トレーディングカードゲーム,14800,1,3973,36,http://p-bandai.jp/category/0028/00280001/
54,ちいかわ なんか小さくてかわいいやつ,8100,1,3184,39,http://p-bandai.jp/item/item-1000203062/
55,クラッシュギア,9900,1,3179,29,http://p-bandai.jp/item/item-1000164022/
56,gnフラッグ,6600,1,3135,16,http://p-bandai.jp/item/item-1000244405/
57,デジヴァイス,6600,1,3135,37,http://p-bandai.jp/item/item-1000101216/
58,gn フラッグ,6600,1,2963,22,http://p-bandai.jp/item/item-1000244405/
59,セイラ専用軽キャノン,6600,1,2664,21,http://p-bandai.jp/item/item-1000249823/
60,バルバトスアダプト,6600,1,2664,24,http://p-bandai.jp/item/item-1000249943/
61,パジャマ光る,6600,1,2664,25,http://p-bandai.jp/apparel/hikarucp/
62,光るパジャマ,6600,1,2664,22,http://p-bandai.jp/apparel/hikarucp/
63,トールギス3,6600,1,2664,27,http://p-bandai.jp/item/item-1000236995/
64,mgターンx,6600,1,2664,38,http://p-bandai.jp/item/item-1000253808/
65,デュエルディスク,6600,1,2664,32,http://p-bandai.jp/item/item-1000133522/
66,マドロック,6600,1,2594,25,http://p-bandai.jp/item/item-1000238301/
67,プレミアムバンダイ アクセス できない,6600,1,2563,19,http://p-bandai.jp/contents/sorry_info03/
68,くちぱっち ぬいぐるみ,6600,1,2491,21,http://p-bandai.jp/item/item-1000248696/
69,ダンボール戦機 プラモデル,6600,1,2491,21,http://p-bandai.jp/hobby/lbx/
70,ガンダム ナ イオン,6600,1,2489,22,http://p-bandai.jp/item/item-1000252948/
71,ザク シャア,6600,1,2416,40,http://p-bandai.jp/item/item-1000227593/
72,キケロガ ジークアクス,6600,1,2416,22,http://p-bandai.jp/item/item-1000238681/
73,sガンダム,6600,1,2414,27,http://p-bandai.jp/item/item-1000254494/
74,ウルトラマンノア,6600,1,2414,27,http://p-bandai.jp/item/item-1000252241/
75,グスタフカール00型,5400,1,2258,21,http://p-bandai.jp/item/item-1000246305/
76,まる っ ち,27100,3,2222,26,http://p-bandai.jp/item/item-1000237173/
77,デナンゾン,5400,1,2125,21,http://p-bandai.jp/item/item-1000253882/
78,ウルトラマン ノア,6600,1,2118,24,http://p-bandai.jp/item/item-1000252241/
79,アイカツ グッズ,5400,1,2084,32,http://p-bandai.jp/chara/c2017/
80,獄門疆,27100,3,2052,22,http://p-bandai.jp/item/item-1000199510/
81,ガンダムグリープ,5400,1,2048,23,http://p-bandai.jp/item/item-1000243441/
82,デスティニーインパルス,5400,1,2048,24,http://p-bandai.jp/item/item-1000231768/
83,ストライクフリーダム弐式,5400,1,2048,21,http://p-bandai.jp/item/item-1000244538/
84,インパルスデスティニー,5400,1,2048,24,http://p-bandai.jp/item/item-1000231768/
85,キーブレード,5400,1,2048,26,http://p-bandai.jp/item/item-1000248748/
86,仮面 ライダー おもちゃ ウェブ,22200,3,2014,44,http://p-bandai.jp/chara/c0020/
87,f90,5400,1,1982,33,http://p-bandai.jp/item/item-1000251759/
88,ふら わっ ち,33100,3,1980,18,http://p-bandai.jp/item/item-1000248684/
89,デナンゲー,5400,1,1978,29,http://p-bandai.jp/item/item-1000236998/
90,武者ガンダム,5400,1,1977,39,http://p-bandai.jp/item/item-1000245559/
91,たまごっち グッズ,22200,2,1966,34,http://p-bandai.jp/chara/c0002/
92,リーベンヴォルフ,4400,1,1935,17,http://p-bandai.jp/item/item-1000229772/
93,ガンダムベースオンラインショップ,4400,1,1935,56,http://p-bandai.jp/gundambase/
94,ガンプラ通販,4400,1,1935,43,http://p-bandai.jp/gundambase/
95,通販ガンプラ,4400,1,1935,42,http://p-bandai.jp/gundambase/
96,サンリオ チョコボックス,27100,2,1930,25,http://p-bandai.jp/item/item-1000247260/
97,mg フルアーマーzzガンダム ver ka,5400,1,1928,18,http://p-bandai.jp/item/item-1000247173/
98,ホウオウルギア,4400,1,1911,25,http://p-bandai.jp/item/item-1000155845/
99,ガンダムf90,4400,1,1911,27,http://p-bandai.jp/item/item-1000251759/
100,ビルドドライバー,4400,1,1911,27,http://p-bandai.jp/item/item-1000180722/
101,アルトロンガンダム,4400,1,1911,20,http://p-bandai.jp/item/item-1000228112/
102,ワンピースナミ水着,4400,1,1911,26,http://p-bandai.jp/item/item-1000235613/
103,ナミ水着,4400,1,1911,25,http://p-bandai.jp/item/item-1000235613/
104,クラスターガンダム,4400,1,1911,23,http://p-bandai.jp/item/item-1000251829/
105,ルギアホウオウ,4400,1,1911,19,http://p-bandai.jp/item/item-1000155845/
106,ネオガンダム,4400,1,1911,21,http://p-bandai.jp/item/item-1000250496/
107,ハイドラガンダム,4400,1,1911,27,http://p-bandai.jp/item/item-1000252373/
108,g3ガンダム,4400,1,1911,22,http://p-bandai.jp/item/item-1000235759/
109,ガンダムマーク5,4400,1,1911,21,http://p-bandai.jp/item/item-1000253221/
110,フィギュア ワンピース,40500,3,1904,40,http://p-bandai.jp/chara/c0023/
111,仮面ライダーおもちゃウェブ,22200,3,1902,42,http://p-bandai.jp/chara/c0020/
112,バルバトス,27100,2,1898,36,http://p-bandai.jp/item/item-1000249943/
113,カメハウス,5400,1,1889,22,http://p-bandai.jp/item/item-1000246833/
114,hg 赤いガンダム,5400,1,1872,35,http://p-bandai.jp/item/item-1000248682/
115,ゲンスルー,40500,3,1872,19,http://p-bandai.jp/item/item-1000238678/
116,ガンダム スノーホワイト,5400,1,1872,26,http://p-bandai.jp/item/item-1000205704/
117,hunter hunter グッズ,5400,1,1854,20,http://p-bandai.jp/chara/c0983/
118,シュピーゲル,4400,1,1845,24,http://p-bandai.jp/item/item-1000252182/
119,ビギナギナ,4400,1,1845,26,http://p-bandai.jp/item/item-1000250486/
120,エクシアリペア4,4400,1,1840,20,http://p-bandai.jp/item/item-1000250020/
121,ガンダムダブルエックス,4400,1,1840,37,http://p-bandai.jp/item/item-1000251141/
122,ナイトガンダム,4400,1,1840,35,http://p-bandai.jp/item/item-1000219116/
123,テガソードオリジン,4400,1,1840,23,http://p-bandai.jp/item/item-1000234074/
124,元祖sd ガンダム,4400,1,1835,36,http://p-bandai.jp/item/item-1000245559/
125,ディズニー刺繍缶バッチ,27100,2,1831,24,http://p-bandai.jp/item/item-1000246675/
126,デスティニー インパルス,5400,1,1797,30,http://p-bandai.jp/item/item-1000231768/
127,インパルス デスティニー,5400,1,1797,18,http://p-bandai.jp/item/item-1000231768/
128,ジム スパルタン,5400,1,1797,19,http://p-bandai.jp/item/item-1000236810/
129,ワンピース ロゴ,5400,1,1797,23,http://p-bandai.jp/item/item-1000250956/
130,ガンプラ 予約,4400,1,1760,31,http://p-bandai.jp/hobby/a0001/
131,ガンプラ 通販,4400,1,1760,43,http://p-bandai.jp/gundambase/
132,ガンダム ダブル エックス,4400,1,1756,34,http://p-bandai.jp/item/item-1000251141/
133,スノーホワイト ガンダム,4400,1,1735,20,http://p-bandai.jp/item/item-1000205704/
134,五条悟 サングラス,4400,1,1735,23,http://p-bandai.jp/item/item-1000251861/
135,ワンピース フィギュア,33100,2,1683,39,http://p-bandai.jp/chara/c0023/
136,デナン ゾン,5400,1,1674,22,http://p-bandai.jp/item/item-1000253882/
137,デジモン ペンデュラム,5400,1,1674,40,http://p-bandai.jp/item/item-1000247735/
138,ハンコック フィギュア,4400,1,1660,22,http://p-bandai.jp/item/item-1000163017/
139,ビギナ ギナ,4400,1,1660,20,http://p-bandai.jp/item/item-1000250486/
140,ガンダム f90,4400,1,1660,33,http://p-bandai.jp/item/item-1000251759/
141,ルフィ フィギュア,4400,1,1660,21,http://p-bandai.jp/item/item-1000247345/
142,g3 ガンダム,4400,1,1660,17,http://p-bandai.jp/item/item-1000235759/
143,ガンダム フィギュア,4400,1,1660,41,http://p-bandai.jp/chara/c0010/
144,1 100,4400,1,1660,35,http://p-bandai.jp/gundambase/a0001/b014/list-da20-n3/
145,エクシア リペア 4,4400,1,1598,20,http://p-bandai.jp/item/item-1000250020/
146,ドラゴンボールフィギュア,40500,2,1584,38,http://p-bandai.jp/chara/c0005/
147,ダブルエックス ガンダム,4400,1,1537,35,http://p-bandai.jp/item/item-1000251145/
148,元祖 sdガンダム,4400,1,1537,36,http://p-bandai.jp/item/item-1000245559/
149,みみっち たまごっち,18100,2,1519,17,http://p-bandai.jp/item/item-1000238169/
150,ワンピース ヤマト,18100,2,1519,23,http://p-bandai.jp/item/item-1000222521/
151,たまごっち みみっち,18100,2,1519,20,http://p-bandai.jp/item/item-1000238169/
152,ディズニー 刺繍缶バッチ,18100,2,1494,22,http://p-bandai.jp/item/item-1000252383/
153,ディズニー 刺繍缶バッジ,18100,2,1494,25,http://p-bandai.jp/item/item-1000252383/
154,pb,18100,2,1484,21,http://p-bandai.jp/
155,ランスロットアルビオン,3600,1,1453,19,http://p-bandai.jp/item/item-1000249095/
156,ドラゴンボールロゴ,3600,1,1453,24,http://p-bandai.jp/item/item-1000250957/
157,リペアエクシア,3600,1,1453,19,http://p-bandai.jp/item/item-1000245654/
158,ガンダムエアマスター,3600,1,1439,22,http://p-bandai.jp/item/item-1000251505/
159,高機動型ザクii,3600,1,1439,34,http://p-bandai.jp/item/item-1000251377/
160,仮面 ライダー おもちゃ,18100,3,1428,34,http://p-bandai.jp/chara/c0020/
161,ハイパーゼットン,3600,1,1403,28,http://p-bandai.jp/item/item-1000239921/
162,mgプロヴィデンスガンダム,3600,1,1403,20,http://p-bandai.jp/item/item-1000238002/
163,トールギス2,3600,1,1403,19,http://p-bandai.jp/item/item-1000236968/
164,エクシアリペア,3600,1,1403,24,http://p-bandai.jp/item/item-1000250020/
165,元祖sdガンダム,3600,1,1403,38,http://p-bandai.jp/item/item-1000245559/
166,ファントムガンダム,3600,1,1403,22,http://p-bandai.jp/item/item-1000175287/
167,シオン水着,3600,1,1403,18,http://p-bandai.jp/item/item-1000182220/
168,ルフィギア2,3600,1,1403,23,http://p-bandai.jp/item/item-1000234576/
169,ドムトローペン,3600,1,1403,20,http://p-bandai.jp/item/item-1000249628/
170,v2アサルトバスター,3600,1,1403,27,http://p-bandai.jp/item/item-1000224722/
171,プロヴィデンスガンダムmg,3600,1,1403,24,http://p-bandai.jp/item/item-1000238002/
172,キュベレイダムド,3600,1,1403,18,http://p-bandai.jp/hobby/special-1000009325/
173,メタルビルド,18100,2,1392,38,http://p-bandai.jp/tamashiiwebshouten/a0013/b0050/
174,ワンピースヤマト,18100,2,1392,29,http://p-bandai.jp/item/item-1000222521/
175,たまごっちチョコブロックシール,18100,2,1392,26,http://p-bandai.jp/item/item-1000240588/
176,ビッグマム,22200,3,1353,38,http://p-bandai.jp/item/item-1000222518/
177,hg グスタフカール,3600,1,1352,34,http://p-bandai.jp/item/item-1000246305/
178,グスタフカール hg,3600,1,1352,39,http://p-bandai.jp/item/item-1000246305/
179,mg プロヴィデンスガンダム,3600,1,1352,32,http://p-bandai.jp/item/item-1000238002/
180,ガンダム ベースオンラインショップ,3600,1,1352,60,http://p-bandai.jp/gundambase/
181,ダークザギ,3600,1,1337,26,http://p-bandai.jp/item/item-1000252894/
182,ガンダム ベース オンライン ショップ,3600,1,1334,60,http://p-bandai.jp/gundambase/
183,仮面ライダー おもちゃ,18100,3,1334,23,http://p-bandai.jp/chara/c0020/
184,ラン スロット アルビオン,3600,1,1334,19,http://p-bandai.jp/item/item-1000249095/
185,ガンプラ5月 再販,18100,3,1334,14,http://p-bandai.jp/hobby/a0001/list-da20-n1/
186,ベアッガイ,3600,1,1333,27,http://p-bandai.jp/item/item-1000138080/
187,カブトゼクター,3600,1,1333,21,http://p-bandai.jp/item/item-1000213951/
188,ガンダムシュピーゲル,3600,1,1332,28,http://p-bandai.jp/item/item-1000252182/
189,グフイグナイテッド,3600,1,1332,27,http://p-bandai.jp/item/item-1000253957/
190,ワンピース の マルコ,14800,2,1324,24,http://p-bandai.jp/item/item-1000236634/
191,クラマ,27100,3,1323,33,http://p-bandai.jp/item/item-1000125672/
192,サボ,27100,3,1323,28,http://p-bandai.jp/item/item-1000105650/
193,オンラインガチャ,18100,3,1290,45,http://p-bandai.jp/gashadepa/
194,大阪 万博ガンダム プラモデル,3600,1,1284,23,http://p-bandai.jp/gundambase/expo2025gunpla/list-da20-e0/
195,ドラゴンボール ロゴ,3600,1,1278,39,http://p-bandai.jp/item/item-1000250957/
196,メッサー hg,3600,1,1278,36,http://p-bandai.jp/item/item-1000249938/
197,mg リゼル,3600,1,1278,28,http://p-bandai.jp/item/item-1000246707/
198,mg ジェガン,3600,1,1278,25,http://p-bandai.jp/item/item-1000146550/
199,プロヴィデンス mg,3600,1,1278,36,http://p-bandai.jp/item/item-1000238002/
200,ロウ ワンピース,22200,3,1266,25,http://p-bandai.jp/item/item-1000228389/
201,ルフィ ギア 5,12100,2,1262,24,http://p-bandai.jp/item/item-1000247345/
202,マルコ ワンピース,14800,2,1251,21,http://p-bandai.jp/item/item-1000220824/
203,ワンピース マルコ,14800,2,1251,29,http://p-bandai.jp/item/item-1000220824/
204,ジョジョ グッズ,14800,2,1251,38,http://p-bandai.jp/chara/c0517/
205,r gガンプラ,9900,2,1233,25,http://p-bandai.jp/brand/b0003/
206,妖怪ウォッチ メダル,9900,2,1233,23,http://p-bandai.jp/item/item-1000250906/
207,ルフィ ギア2,3600,1,1227,22,http://p-bandai.jp/item/item-1000234576/
208,吉良吉影 ネクタイ,3600,1,1227,22,http://p-bandai.jp/item/item-1000248784/
209,グリードアイランド カード,3600,1,1227,26,http://p-bandai.jp/item/item-1000183585/
210,ボニー フィギュア,3600,1,1227,24,http://p-bandai.jp/item/item-1000245737/
211,ランスロット アルビオン,3600,1,1227,18,http://p-bandai.jp/item/item-1000249095/
212,スーパーサイヤ人3 ベジータ,3600,1,1227,19,http://p-bandai.jp/item/item-1000247145/
213,ゴンさん フィギュア,3600,1,1227,25,http://p-bandai.jp/item/item-1000101591/
214,大阪万博ガンダム プラモデル,3600,1,1227,24,http://p-bandai.jp/gundambase/expo2025gunpla/list-da20-e0/
215,ガンプラ hg,9900,2,1214,42,http://p-bandai.jp/brand/b0002/
216,ガンプラ rg,9900,2,1214,31,http://p-bandai.jp/brand/b0003/
217,rg ガンプラ,9900,2,1214,30,http://p-bandai.jp/brand/b0003/
218,metal build,9900,2,1214,36,http://p-bandai.jp/tamashiiwebshouten/a0013/b0050/
219,mgsd,14800,2,1212,22,http://p-bandai.jp/item/item-1000247191/
220,ルフィ ギア 2,3600,1,1209,25,http://p-bandai.jp/item/item-1000234576/
221,mg ガンプラ,12100,2,1189,33,http://p-bandai.jp/brand/b0004/
222,ゲルググ ジークアクス,12100,2,1189,25,http://p-bandai.jp/item/item-1000248703/
223,ナルト フィギュア,12100,2,1189,19,http://p-bandai.jp/chara/c1245/
224,ガンプラ mg,12100,2,1189,34,http://p-bandai.jp/brand/b0004/
225,グレート ジオング,12100,2,1189,21,http://p-bandai.jp/item/item-1000250421/
226,メタル ビルド ゴッドガンダム,2900,1,1165,30,http://p-bandai.jp/item/item-1000228161/
227,ロビン,49500,3,1165,39,http://p-bandai.jp/item/item-1000238389/
228,ワンピース カード 神ノ島 の冒険,2900,1,1165,18,http://p-bandai.jp/item/item-1000254608/
229,ワンピースカード 神ノ島 の冒険,2900,1,1165,18,http://p-bandai.jp/item/item-1000254608/
230,フィギュアなると,12100,2,1161,20,http://p-bandai.jp/chara/c1245/
231,グレートジオング,12100,2,1161,22,http://p-bandai.jp/item/item-1000250421/
232,ナルトフィギュア,12100,2,1161,19,http://p-bandai.jp/chara/c1245/
233,ルフィ　ギア5,12100,2,1161,23,http://p-bandai.jp/item/item-1000247345/
234,メタルロボット魂,12100,2,1161,27,http://p-bandai.jp/tamashiiwebshouten/a0013/b0002/c0002/
235,ナルトのフィギュア,12100,2,1161,20,http://p-bandai.jp/chara/c1245/
236,hg シナンジュ,3600,1,1152,31,http://p-bandai.jp/item/item-1000144762/
237,ガンダム フェネクス,3600,1,1152,19,http://p-bandai.jp/item/item-1000250440/
238,ルフィギア 2,3600,1,1152,21,http://p-bandai.jp/item/item-1000234576/
239,ガンプラ ザク,3600,1,1152,28,http://p-bandai.jp/gundambase/a0004/s0047/
240,エクシア リペア,3600,1,1152,20,http://p-bandai.jp/item/item-1000250020/
241,ドム トローペン,3600,1,1152,18,http://p-bandai.jp/item/item-1000249628/
242,ハルート ガンダム,3600,1,1152,22,http://p-bandai.jp/item/item-1000205448/
243,バンダイ たまごっち,3600,1,1152,42,http://p-bandai.jp/chara/c0002/
244,シナンジュ hg,3600,1,1152,33,http://p-bandai.jp/item/item-1000144762/
245,ジェガン d型,2900,1,1140,29,http://p-bandai.jp/item/item-1000234686/
246,ガンダムmk v,2900,1,1140,19,http://p-bandai.jp/item/item-1000251329/
247,メタルビルド ゴッドガンダム,2900,1,1140,19,http://p-bandai.jp/item/item-1000228161/
248,不知火舞 フィギュア,2900,1,1140,23,http://p-bandai.jp/item/item-1000249942/
249,ジェガンd型,2900,1,1130,26,http://p-bandai.jp/item/item-1000226306/
250,ハイパーメガバズーカランチャー,2900,1,1130,34,http://p-bandai.jp/item/item-1000250826/
251,hgガンプラ,9900,2,1127,36,http://p-bandai.jp/brand/b0002/
252,shフィギュアーツ,14800,2,1120,33,http://p-bandai.jp/tamashiiwebshouten/a0013/b0001/
253,ワンピースマルコ,14800,2,1120,23,http://p-bandai.jp/item/item-1000236634/
254,フィギュアーツ,14800,2,1120,39,http://p-bandai.jp/tamashiiwebshouten/a0013/b0001/
255,ジョジョグッズ,14800,2,1120,36,http://p-bandai.jp/chara/c0517/
256,ロボット魂,14800,2,1120,41,http://p-bandai.jp/tamashiiwebshouten/a0013/b0002/
257,ギアセカンド,14800,2,1120,20,http://p-bandai.jp/item/item-1000234576/
258,ガンダム マーク 3,2900,1,1107,25,http://p-bandai.jp/item/item-1000153824/
259,高 機動 型ザクii,3600,1,1090,37,http://p-bandai.jp/item/item-1000251377/
260,テガナグール,2900,1,1085,22,http://p-bandai.jp/item/item-1000235117/
261,ザクiii,2400,1,1083,36,http://p-bandai.jp/item/item-1000164359/
262,ビスケ,33100,3,1080,27,http://p-bandai.jp/item/item-1000101649/
263,アスラーダ,2900,1,1075,41,http://p-bandai.jp/item/item-1000253246/
264,ヘビーアームズ,2900,1,1075,35,http://p-bandai.jp/item/item-1000152635/
265,トランセル,33100,3,1072,35,http://p-bandai.jp/item/item-1000152139/
266,ガシャポン,301000,6,1063,59,http://p-bandai.jp/gashadepa/
267,メッサーf01,2900,1,1062,26,http://p-bandai.jp/item/item-1000182280/
268,ディケイドライバー,2900,1,1062,22,http://p-bandai.jp/item/item-1000166869/
269,ドラゴンガンダム,2900,1,1062,33,http://p-bandai.jp/item/item-1000234372/
270,ガンダムマーク3,2900,1,1062,25,http://p-bandai.jp/item/item-1000153824/
271,ドラゴンボール フィギュア,49500,2,1060,38,http://p-bandai.jp/chara/c0005/
272,グフ カスタム hg,2900,1,1058,28,http://p-bandai.jp/item/item-1000144763/
273,ゲルググ,40500,2,1057,41,http://p-bandai.jp/item/item-1000253875/
274,ドラゴンボール のフィギュア,49500,2,1057,37,http://p-bandai.jp/chara/c0005/
275,ストフリ弐式,2400,1,1054,21,http://p-bandai.jp/item/item-1000244538/
276,ホビーオンライン,2400,1,1054,69,http://p-bandai.jp/hobby/
277,mg リックディアス,2400,1,1052,19,http://p-bandai.jp/item/item-1000171832/
278,ガイアメモリ t2,2400,1,1052,24,http://p-bandai.jp/item/item-1000247585/
279,仮面ライダーゴースト アイコン,2400,1,1052,23,http://p-bandai.jp/chara/c2326/
280,ダブルドライバー,2900,1,1037,22,http://p-bandai.jp/item/item-1000220749/
281,マジカルペン,2900,1,1037,25,http://p-bandai.jp/item/item-1000236063/
282,リンドブルム,2900,1,1037,35,http://p-bandai.jp/item/item-1000253637/
283,オルタリング,2900,1,1037,22,http://p-bandai.jp/item/item-1000197872/
284,エボルドライバー,2900,1,1037,25,http://p-bandai.jp/item/item-1000206101/
285,スーパーサイヤ人3ベジータ,2900,1,1037,19,http://p-bandai.jp/item/item-1000247145/
286,イフリートシュナイド,2900,1,1037,27,http://p-bandai.jp/item/item-1000253881/
287,オルカブースター5050,2900,1,1037,21,http://p-bandai.jp/item/item-1000247741/
288,ゾロのピアス,2900,1,1037,26,http://p-bandai.jp/item/item-1000252666/
289,ゴーストドライバー,2900,1,1037,33,http://p-bandai.jp/item/item-1000246080/
290,ケンプファーhg,2900,1,1037,17,http://p-bandai.jp/item/item-1000144750/
291,ロストドライバー,2900,1,1037,25,http://p-bandai.jp/item/item-1000231202/
292,スノーホワイトプレリュード,2900,1,1037,25,http://p-bandai.jp/item/item-1000205704/
293,ガンダムウイングスノーホワイト,2900,1,1037,22,http://p-bandai.jp/item/item-1000205704/
294,牙狼剣,2900,1,1037,26,http://p-bandai.jp/item/item-1000213971/
295,exsガンダム,2900,1,1037,29,http://p-bandai.jp/item/item-1000254494/
296,ゴーストガンダム,2900,1,1037,31,http://p-bandai.jp/item/item-1000199942/
297,百式改,2900,1,1037,36,http://p-bandai.jp/hobby/special-1000005184/
298,ライドケミートレカ,2900,1,1037,31,http://p-bandai.jp/item/item-1000246043/
299,レンジャーキー,2900,1,1037,23,http://p-bandai.jp/item/item-1000160717/
300,ワンピースギア5,2900,1,1037,22,http://p-bandai.jp/item/item-1000247345/
301,イフリートナハト,2900,1,1037,40,http://p-bandai.jp/item/item-1000229765/
302,銀魂 フィギュア,2900,1,1033,20,http://p-bandai.jp/chara/c0030/
303,イフリート シュナイド,2900,1,1033,25,http://p-bandai.jp/item/item-1000247722/
304,ワンピース nba,2900,1,1033,18,http://p-bandai.jp/chara/c2991/
305,ex sガンダム,8100,2,1030,34,http://p-bandai.jp/item/item-1000242860/
306,カービィ すいこみ,8100,2,1030,22,http://p-bandai.jp/item/item-1000216734/
307,プリキュア 変身アイテム,8100,2,1030,22,http://p-bandai.jp/chara/c0031/Precure-item-o/
308,ゾロ の刀,8100,2,1030,21,http://p-bandai.jp/item/item-1000216610/
309,mg ディープストライカー,3600,1,1029,22,http://p-bandai.jp/item/item-1000235270/
310,エアマスター ガンダム,3600,1,1029,22,http://p-bandai.jp/item/item-1000251505/
311,アリュゼウス hg,8100,2,1028,33,http://p-bandai.jp/item/item-1000251778/
312,ナンジャタウン 鬼滅の刃,8100,2,1028,22,http://p-bandai.jp/item/item-1000233378/
313,ダンバイン,22200,3,1019,37,http://p-bandai.jp/hobby/new-world/c011/list-da20-n0/
314,シナンジュ スタイン,8100,2,1011,29,http://p-bandai.jp/item/item-1000250438/
315,rg サザビー,8100,2,1011,37,http://p-bandai.jp/hobby/special-1000010285/
316,デンガッシャー,2400,1,1008,25,http://p-bandai.jp/item/item-1000222828/
317,エクシアリペア 4,2400,1,1002,22,http://p-bandai.jp/item/item-1000250020/
318,ガンダム グッズ,2400,1,1002,59,http://p-bandai.jp/chara/c0010/
319,エクシア リペア4,2400,1,1002,22,http://p-bandai.jp/item/item-1000250020/
320,ナルト,246000,5,1001,55,http://p-bandai.jp/chara/c2467/
321,たまごっちパラダイス 公式 通販,2900,1,996,23,http://p-bandai.jp/chara/c0002/
322,mgex 1/100 ストライクフリーダムガンダム,2900,1,996,38,http://p-bandai.jp/item/item-1000251319/
323,ダンボール戦機,40500,2,990,41,http://p-bandai.jp/hobby/lbx/
324,エースコンバット8,27100,2,988,44,http://p-bandai.jp/item/item-1000251365/
325,ドワッジ,2900,1,987,22,http://p-bandai.jp/item/item-1000251510/
326,ズムシティ,2900,1,987,26,http://p-bandai.jp/item/item-1000125631/
327,ニルヴァーシュ,2900,1,987,23,http://p-bandai.jp/item/item-1000248796/
328,ドラッツェ,2900,1,987,21,http://p-bandai.jp/item/item-1000251743/
329,リボルケイン,2900,1,987,40,http://p-bandai.jp/item/item-1000139027/
330,d型 ジェガン,2900,1,971,26,http://p-bandai.jp/item/item-1000254488/
331,メタルビルド バルバトス,2900,1,971,22,http://p-bandai.jp/item/item-1000242190/
332,ガンダムル ブリス,2900,1,971,21,http://p-bandai.jp/item/item-1000252187/
333,ウイングガンダム スノーホワイト,2900,1,971,22,http://p-bandai.jp/item/item-1000205704/
334,ワンピースギア 5,2900,1,971,28,http://p-bandai.jp/item/item-1000247345/
335,たまごっちパラダイス 公式通販,2900,1,971,30,http://p-bandai.jp/chara/c0002/
336,ワンピース ギア5,2900,1,971,22,http://p-bandai.jp/item/item-1000247345/
337,スーパー サイヤ人3ベジータ,2900,1,971,22,http://p-bandai.jp/item/item-1000247145/
338,キュベレイ マーク2,2900,1,971,17,http://p-bandai.jp/item/item-1000144403/
339,グフカスタム hg,2900,1,971,24,http://p-bandai.jp/item/item-1000144763/
340,ハイニューガンダム mg,2900,1,971,33,http://p-bandai.jp/item/item-1000254387/
341,ズサ,2400,1,965,32,http://p-bandai.jp/item/item-1000239308/
342,バルギル,2400,1,965,17,http://p-bandai.jp/item/item-1000211074/
343,mgバンシィ,2400,1,962,20,http://p-bandai.jp/item/item-1000150032/
344,仮面ライダーチョコレート,2400,1,962,23,http://p-bandai.jp/item/item-1000200105/
345,ヘビーガンダム,2400,1,962,29,http://p-bandai.jp/item/item-1000184804/
346,mgターンエーガンダム,2400,1,962,23,http://p-bandai.jp/item/item-1000188690/
347,紅蓮聖天八極式,2400,1,962,23,http://p-bandai.jp/item/item-1000249096/
348,仮面ライダーエデン,2400,1,962,22,http://p-bandai.jp/item/item-1000187324/
349,パーフェクトストライクガンダム,2400,1,962,30,http://p-bandai.jp/item/item-1000162780/
350,ガンダムサバーニャ,2400,1,962,25,http://p-bandai.jp/item/item-1000205447/
351,南雲タトゥー,2400,1,962,12,http://p-bandai.jp/item/item-1000250656/
352,仮面ライダーゴーストのアイコン,2400,1,962,26,http://p-bandai.jp/chara/c2326/
353,プレミアムバンダイ送料,2400,1,962,34,http://p-bandai.jp/omatome_list/
354,仮面ライダーゴーストアイコン,2400,1,962,26,http://p-bandai.jp/chara/c2326/
355,オーズドライバー,2400,1,962,24,http://p-bandai.jp/item/item-1000213953/
356,プレバン再販,2400,1,962,19,http://p-bandai.jp/hobby/a0001/list-da20-n3/
357,ディスクアニマル,2400,1,962,25,http://p-bandai.jp/item/item-1000231630/
358,量産型ニューガンダム,2400,1,962,22,http://p-bandai.jp/item/item-1000244817/
359,ザクキャノン,2400,1,962,25,http://p-bandai.jp/item/item-1000252190/
360,hgデスティニー,2400,1,962,27,http://p-bandai.jp/item/item-1000160149/
361,時透無一郎刀,2400,1,962,24,http://p-bandai.jp/item/item-1000192249/
362,dガンダム,2400,1,962,34,http://p-bandai.jp/item/item-1000251670/
363,リゼルc型,2400,1,962,19,http://p-bandai.jp/item/item-1000249349/
364,ガウェインコードギアス,2400,1,962,25,http://p-bandai.jp/item/item-1000249097/
365,クロスボーンガンダムx2,2400,1,962,22,http://p-bandai.jp/item/item-1000187232/
366,robot魂,8100,2,960,41,http://p-bandai.jp/tamashiiwebshouten/a0013/b0002/
367,パーフェクトジオング,8100,2,960,24,http://p-bandai.jp/item/item-1000235271/
368,刀ゾロ,8100,2,960,23,http://p-bandai.jp/item/item-1000216610/
369,ポケモンスケールワールド,8100,2,960,21,http://p-bandai.jp/candytoy/brand/pokemonscaleworld/
370,仮面ライダーセイヴァー,22200,3,952,22,http://p-bandai.jp/item/item-1000099264/
371,フェニックスガンダム,2400,1,951,26,http://p-bandai.jp/item/item-1000227013/
372,シルエットガンダム,2400,1,951,30,http://p-bandai.jp/gundambase/a0004/s0041/list-da20-e0/
373,ザク高機動型,2400,1,951,28,http://p-bandai.jp/item/item-1000227593/
374,鬼の手,2400,1,951,24,http://p-bandai.jp/item/item-1000243769/
375,ガンダムローズ,2400,1,951,28,http://p-bandai.jp/item/item-1000249814/
376,ウイングガンダムゼロリベリオン,2400,1,951,21,http://p-bandai.jp/item/item-1000227035/
377,リゼル,8100,2,947,22,http://p-bandai.jp/item/item-1000249350/
378,真骨頂,8100,2,947,25,http://p-bandai.jp/tamashiiwebshouten/a0013/b0001/c0001/
379,フェネクス,8100,2,947,21,http://p-bandai.jp/item/item-1000250440/
380,ゴースト アイコン,2400,1,945,26,http://p-bandai.jp/chara/c2326/
381,デジモン フィギュア,2400,1,945,20,http://p-bandai.jp/chara/0033/
382,ます くっ ち,9900,3,937,23,http://p-bandai.jp/item/item-1000237167/
383,ハイパー メガ バズーカ ランチャー,2900,1,933,21,http://p-bandai.jp/item/item-1000246086/
384,プレミアム バンダイ 抽選,2900,1,933,29,http://p-bandai.jp/item/item-1000249930/
385,ポケモンせれな,27100,3,922,24,http://p-bandai.jp/item/item-1000107733/
386,ケルディム ガンダム,2900,1,908,18,http://p-bandai.jp/item/item-1000141337/
387,アストレア ガンダム,2900,1,908,22,http://p-bandai.jp/item/item-1000251836/
388,キケロガ ガンプラ,2900,1,908,27,http://p-bandai.jp/item/item-1000238681/
389,万博 ガンプラ,2900,1,908,23,http://p-bandai.jp/gundambase/expo2025gunpla/list-da20-e0/
390,クシャトリヤ hg,2900,1,908,30,http://p-bandai.jp/item/item-1000144753/
391,ストーム ブリンガー,2900,1,908,18,http://p-bandai.jp/item/item-1000219917/
392,ゾロ ピアス,2900,1,908,24,http://p-bandai.jp/item/item-1000252666/
393,ガオレンジャー,22200,2,906,35,http://p-bandai.jp/press/2026/06/1000017074/
394,仮面 ライダー の ベルト,12100,3,901,33,http://p-bandai.jp/item/item-1000226105/
395,マーク 3 ガンダム,2900,1,898,21,http://p-bandai.jp/item/item-1000153824/
396,バンダイショップ,1900,1,897,64,http://p-bandai.jp/
397,ガイア メモリ t2,2400,1,891,24,http://p-bandai.jp/item/item-1000247585/
398,ターンエーガンダム mg,2400,1,885,21,http://p-bandai.jp/item/item-1000188690/
399,デスティニーガンダム hg,2400,1,885,22,http://p-bandai.jp/item/item-1000160149/
400,クロスボーンガンダム x2,2400,1,885,21,http://p-bandai.jp/item/item-1000187232/
401,リゼル c型,2400,1,885,19,http://p-bandai.jp/item/item-1000249349/
402,仮面ライダー エデン,2400,1,885,21,http://p-bandai.jp/item/item-1000187324/
403,プレミアムバンダイ 送料,2400,1,885,26,http://p-bandai.jp/omatome_list/
404,閃光のハサウェイ グッズ,2400,1,885,27,http://p-bandai.jp/chara/c2841/
405,時透無一郎 刀,2400,1,885,25,http://p-bandai.jp/item/item-1000192249/
406,ツイステ マジカルペン,2400,1,885,25,http://p-bandai.jp/item/item-1000236063/
407,赤いガンダム 再販,2400,1,885,22,http://p-bandai.jp/item/item-1000248682/
408,ゴジラ エヴァ,2400,1,885,33,http://p-bandai.jp/maru-p/character/a0051/list-da20-e0/
409,ギギアンダルシア パンツ,2400,1,885,25,http://p-bandai.jp/item/item-1000249491/
410,mg ユニコーンガンダム,2400,1,885,28,http://p-bandai.jp/item/item-1000150024/
411,ハンターライセンス パスケース,2400,1,885,26,http://p-bandai.jp/item/item-1000254497/
412,仮面ライダーゴースト のアイコン,2400,1,885,26,http://p-bandai.jp/chara/c2326/
413,フルアーマーガンダム hg,2400,1,885,20,http://p-bandai.jp/item/item-1000190778/
414,時透 無一郎刀,2400,1,885,24,http://p-bandai.jp/item/item-1000192249/
415,メタルビルド ケンプファー,2400,1,885,21,http://p-bandai.jp/item/item-1000247594/
416,mg ケンプファー,2400,1,885,20,http://p-bandai.jp/item/item-1000134103/
417,仮面ライダー ゴーストアイコン,2400,1,885,26,http://p-bandai.jp/chara/c2326/
418,パウパトロール ケーキ,2400,1,885,25,http://p-bandai.jp/item/item-1000231866/
419,プレミアムバンダイ 抽選,2400,1,885,29,http://p-bandai.jp/hobby/lotterysales/
420,アイコン 仮面ライダーゴースト,2400,1,885,26,http://p-bandai.jp/chara/c2326/
421,mg パーフェクトジオング,2400,1,885,25,http://p-bandai.jp/item/item-1000235271/
422,ガウェイン コードギアス,2400,1,885,24,http://p-bandai.jp/item/item-1000249097/
423,t2 ガイアメモリ,2400,1,885,23,http://p-bandai.jp/item/item-1000247585/
424,仮面ライダーカブト 20 周年,8100,3,884,26,http://p-bandai.jp/item/item-1000248944/
425,バンダイナムコ ログイン,9900,3,883,31,http://p-bandai.jp/login/
426,ビジョンドライバー,1900,1,882,31,http://p-bandai.jp/item/item-1000216915/
427,zzガンダム強化型,1900,1,882,25,http://p-bandai.jp/item/item-1000246090/
428,スペリオルカイザー,1900,1,882,30,http://p-bandai.jp/item/item-1000233118/
429,デジモンモンハン,1900,1,882,26,http://p-bandai.jp/item/item-1000243008/
430,vセカンド,1900,1,882,29,http://p-bandai.jp/item/item-1000157441/
431,ガンタンクr44,1900,1,882,19,http://p-bandai.jp/item/item-1000250488/
432,シャリア専用リックドム,1900,1,882,20,http://p-bandai.jp/item/item-1000246304/
433,ジェノアスoカスタム,1900,1,882,22,http://p-bandai.jp/item/item-1000245644/
434,ウルトラマン,246000,8,871,63,http://p-bandai.jp/chara/c0012/
435,ガンダム マーク3,2900,1,869,27,http://p-bandai.jp/item/item-1000153824/
436,ウイングガンダムゼロ リベリオン,2900,1,869,24,http://p-bandai.jp/item/item-1000227035/
437,マーク3 ガンダム,2900,1,869,26,http://p-bandai.jp/item/item-1000153824/
438,イフリート ナハト,2900,1,869,37,http://p-bandai.jp/item/item-1000229765/
439,ガンダムマーク 3,2900,1,869,24,http://p-bandai.jp/item/item-1000153824/
440,ガンダム ゴースト,2900,1,869,41,http://p-bandai.jp/item/item-1000199942/
441,ポット クリン,9900,3,861,25,http://p-bandai.jp/item/item-1000187076/
442,パーフェクト ジオング,9900,3,861,30,http://p-bandai.jp/item/item-1000235271/
443,シャリア専用 リックドム,1900,1,856,20,http://p-bandai.jp/item/item-1000246304/
444,プレミアムバンダイ ドラゴンボール,1900,1,856,19,http://p-bandai.jp/chara/c0005/
445,ウィングガンダム mg,1900,1,856,33,http://p-bandai.jp/item/item-1000137927/
446,アリュゼウス 予約,1900,1,856,24,http://p-bandai.jp/item/item-1000251778/
447,ガンキャノン hg,1900,1,856,23,http://p-bandai.jp/item/item-1000144273/
448,たまごっち オンラインストア,1900,1,856,40,http://p-bandai.jp/chara/c0002/
449,ウイングガンダム mg,1900,1,856,33,http://p-bandai.jp/item/item-1000137927/
450,赤いガンダム ビット,1900,1,856,21,http://p-bandai.jp/item/item-1000248682/
451,プロトスタークジェガン,1900,1,854,22,http://p-bandai.jp/item/item-1000234695/
452,フリーザー 第 三 形態,8100,3,853,22,http://p-bandai.jp/item/item-1000187066/
453,ex's,90500,4,851,24,http://p-bandai.jp/item/item-1000242860/
454,なんか小さくてかわいいやつ,22200,2,839,32,http://p-bandai.jp/item/item-1000203062/
455,魂ネイション,9900,3,839,50,http://p-bandai.jp/tamashiiwebshouten/
456,ガンダム ローズ,1900,1,838,23,http://p-bandai.jp/item/item-1000249814/
457,デルタザイン,1900,1,836,20,http://p-bandai.jp/item/item-1000223168/
458,エース ワンピース,12100,3,836,22,http://p-bandai.jp/item/item-1000248666/
459,エクスカイザー,2900,1,836,29,http://p-bandai.jp/item/item-1000250012/
460,仮面ライダーゴースト の アイコン,2400,1,831,26,http://p-bandai.jp/chara/c2326/
461,ハンターハンター グリードアイランド カード,2400,1,831,26,http://p-bandai.jp/item/item-1000183585/
462,バンダイ プレミアム 送料,2400,1,831,24,http://p-bandai.jp/omatome_list/
463,one piece のフィギュア,2400,1,831,37,http://p-bandai.jp/chara/c0023/
464,プリパラ の カード,2400,1,831,21,http://p-bandai.jp/item/item-1000249871/
465,クロス ボーン ガンダムx2,2400,1,831,21,http://p-bandai.jp/item/item-1000187232/
466,プロト スタークジェガン,1900,1,823,22,http://p-bandai.jp/item/item-1000234695/
467,イフリート,9900,3,822,40,http://p-bandai.jp/item/item-1000253881/
468,アイコン ゴースト,2400,1,821,23,http://p-bandai.jp/chara/c2326/
469,メッサー f02,2400,1,821,20,http://p-bandai.jp/item/item-1000249938/
470,プレバン 再販,2400,1,821,21,http://p-bandai.jp/hobby/a0001/list-da20-n3/
471,エース フィギュア,2400,1,821,21,http://p-bandai.jp/item/item-1000248666/
472,ハンター ハンター グッズ,14800,3,814,22,http://p-bandai.jp/chara/c0983/
473,ムービーモンスターシリーズ,12100,3,813,25,http://p-bandai.jp/item/item-1000249940/
474,ネオジオング,12100,3,813,23,http://p-bandai.jp/item/item-1000192949/
475,グラハム専用ユニオンフラッグカスタム,1900,1,811,15,http://p-bandai.jp/item/item-1000244405/
476,ヘイズル改,1900,1,811,36,http://p-bandai.jp/item/item-1000230903/
477,csmアークル,1900,1,811,26,http://p-bandai.jp/item/item-1000247062/
478,ガンダムマックスター,1900,1,811,28,http://p-bandai.jp/item/item-1000249813/
479,しのぶ刀,1900,1,811,25,http://p-bandai.jp/item/item-1000234871/
480,ゼロヒトガンダム,1900,1,811,34,http://p-bandai.jp/item/item-1000249825/
481,ファングメモリ,1900,1,811,23,http://p-bandai.jp/item/item-1000220747/
482,mgガンダム2.0,1900,1,811,31,http://p-bandai.jp/item/item-1000150019/
483,ハンターライセンスカード,1900,1,811,26,http://p-bandai.jp/item/item-1000254497/
484,璃奈ちゃんボード,1900,1,811,39,http://p-bandai.jp/item/item-1000220990/
485,ウルトラマンタイプa,1900,1,811,20,http://p-bandai.jp/item/item-1000251129/
486,呪術廻戦制服,1900,1,811,23,http://p-bandai.jp/item/item-1000218312/
487,テスタメントガンダム,1900,1,811,24,http://p-bandai.jp/item/item-1000184602/
488,セカンドv,1900,1,811,24,http://p-bandai.jp/item/item-1000157441/
489,ヘクセンハイムゴチゾウ,1900,1,811,25,http://p-bandai.jp/item/item-1000232753/
490,ガンダムエクシアリペア,1900,1,811,19,http://p-bandai.jp/item/item-1000250020/
491,大猿ベジータ,1900,1,811,23,http://p-bandai.jp/item/item-1000251384/
492,ギアセカンドルフィ,1900,1,811,20,http://p-bandai.jp/item/item-1000234576/
493,zガンダム3号機,1900,1,811,27,http://p-bandai.jp/item/item-1000221177/
494,ゴッドガンダム弐,1900,1,811,21,http://p-bandai.jp/item/item-1000228161/
495,ガンダムテスタメント,1900,1,811,25,http://p-bandai.jp/item/item-1000184602/
496,強化型zzガンダム,1900,1,811,23,http://p-bandai.jp/item/item-1000246090/
497,聖騎士の首飾り,1900,1,811,19,http://p-bandai.jp/item/item-1000249117/
498,ギャンhg,1900,1,811,24,http://p-bandai.jp/item/item-1000249505/
499,トライスターアイカツ,1900,1,811,22,http://p-bandai.jp/item/item-1000166353/
500,アキレスd9,1900,1,811,23,http://p-bandai.jp/item/item-1000230117/
501,カードキャプターさくらの杖,1900,1,811,22,http://p-bandai.jp/item/item-1000227460/
502,ゲルググキャノン,1900,1,811,20,http://p-bandai.jp/item/item-1000246312/
503,白ひげフィギュア,1900,1,811,22,http://p-bandai.jp/item/item-1000248661/
504,アイカツトライスター,1900,1,811,27,http://p-bandai.jp/item/item-1000166353/
505,クロスボーンガンダムx3,1900,1,811,38,http://p-bandai.jp/item/item-1000152901/
506,フリーザー 第三形態,8100,3,809,22,http://p-bandai.jp/item/item-1000187066/
507,仮面ライダーカブト 20周年,8100,3,809,25,http://p-bandai.jp/item/item-1000248944/
508,ヘクセンハイム ゴチ ゾウ,1900,1,802,23,http://p-bandai.jp/item/item-1000232753/
509,mg ゼータガンダム ver ka,1900,1,802,21,http://p-bandai.jp/item/item-1000192092/
510,アーティファクト,14800,3,796,21,http://p-bandai.jp/item/item-1000250268/
511,g アーマー,2400,1,794,25,http://p-bandai.jp/item/item-1000250953/
512,toy shop,2400,1,790,34,http://p-bandai.jp/b-toys-shop/
513,ジークアクス ゲルググ,8100,3,786,29,http://p-bandai.jp/item/item-1000248703/
514,カビゴン ぬいぐるみ,8100,3,786,23,http://p-bandai.jp/item/item-1000110942/
515,ソードインパルス,1900,1,783,16,http://p-bandai.jp/item/item-1000208940/
516,バンダイ プラモデル,8100,3,780,64,http://p-bandai.jp/hobby/
517,ヤマトワンピース,9900,3,778,23,http://p-bandai.jp/item/item-1000222521/
518,ポットクリン,9900,3,778,25,http://p-bandai.jp/item/item-1000187076/
519,シアーハートアタック,9900,3,778,27,http://p-bandai.jp/item/item-1000132639/
520,ヒソカズキューン,9900,3,778,25,http://p-bandai.jp/item/item-1000110997/
521,ワンピースキッド,9900,3,778,27,http://p-bandai.jp/item/item-1000161039/
522,ハイゼンスレイ,1900,1,777,37,http://p-bandai.jp/item/item-1000157102/
523,スーパー戦隊 おもちゃウェブ,8100,3,774,45,http://p-bandai.jp/chara/c0050/
524,ブースター カプセ ム,2400,1,767,22,http://p-bandai.jp/item/item-1000243015/
525,ゴースト の アイコン,2400,1,767,23,http://p-bandai.jp/chara/c2326/
526,one piece の フィギュア,2400,1,767,37,http://p-bandai.jp/chara/c0023/
527,mg ターンエー ガンダム,2400,1,767,21,http://p-bandai.jp/item/item-1000188690/
528,ツイステ マジカル ペン,2400,1,767,25,http://p-bandai.jp/item/item-1000236063/
529,t2 ガイア メモリ,2400,1,767,33,http://p-bandai.jp/item/item-1000247585/
530,アイコン 仮面 ライダー ゴースト,2400,1,767,27,http://p-bandai.jp/chara/c2326/
531,仮面 ライダー ゴースト アイコン,2400,1,767,27,http://p-bandai.jp/chara/c2326/
532,gフレーム,8100,3,764,24,http://p-bandai.jp/brand/b0048/
533,ディープストライカー,8100,3,764,23,http://p-bandai.jp/item/item-1000235270/
534,仮面ライダーカブト20周年,8100,3,764,23,http://p-bandai.jp/item/item-1000248944/
535,マスターグレード,8100,3,764,36,http://p-bandai.jp/brand/b0004/
536,ワンピースコアラ,8100,3,764,25,http://p-bandai.jp/item/item-1000182495/
537,ギア5,8100,3,764,23,http://p-bandai.jp/item/item-1000247345/
538,ガルスj,8100,3,764,34,http://p-bandai.jp/item/item-1000236293/
539,ゾロの刀,8100,3,764,23,http://p-bandai.jp/item/item-1000216610/
540,たまごっちカード,8100,3,764,21,http://p-bandai.jp/item/item-1000252374/
541,騎士ガンダム,1900,1,763,38,http://p-bandai.jp/item/item-1000253941/
542,ガンマガンダム,1900,1,763,29,http://p-bandai.jp/item/item-1000142810/
543,ローズガンダム,1900,1,763,26,http://p-bandai.jp/item/item-1000249814/
544,ゼロカスタム,1900,1,763,42,http://p-bandai.jp/item/item-1000241012/
545,ガオキング,1900,1,761,40,http://p-bandai.jp/item/item-1000253310/
546,tr6,1900,1,761,41,http://p-bandai.jp/hobby/special-1000008445/
547,リバウ,1900,1,761,38,http://p-bandai.jp/item/item-1000213654/
548,オルトリンデ,1900,1,761,22,http://p-bandai.jp/item/item-1000251827/
549,csg,1900,1,761,16,http://p-bandai.jp/item/item-1000229404/
550,ジークアクス グッズ,1900,1,749,22,http://p-bandai.jp/chara/c2956/
551,アキレス d9,1900,1,749,22,http://p-bandai.jp/item/item-1000230117/
552,サイド バッシャー,1900,1,749,26,http://p-bandai.jp/item/item-1000236635/
553,デジモン ゴジラ,1900,1,749,23,http://p-bandai.jp/item/item-1000247735/
554,mg ギラドーガ,1900,1,749,20,http://p-bandai.jp/item/item-1000254198/
555,スペリオル カイザー,1900,1,749,30,http://p-bandai.jp/item/item-1000233118/
556,チョコサプ,8100,3,746,21,http://p-bandai.jp/brand/b0079/
557,アイスラッガー,2400,1,735,37,http://p-bandai.jp/item/item-1000213227/
558,ジョニーライデン ゲルググ,1600,1,719,21,http://p-bandai.jp/item/item-1000253875/
559,クスィーガンダム ロボット魂,1600,1,719,22,http://p-bandai.jp/item/item-1000241480/
560,コードギアス フィギュア,1600,1,719,21,http://p-bandai.jp/item/item-1000250549/
561,プロップリカ 日輪刀,1600,1,719,36,http://p-bandai.jp/tamashiiwebshouten/a0013/b0051/
562,ゲルググ ジョニーライデン,1600,1,719,20,http://p-bandai.jp/item/item-1000253875/
563,スタークジェガン hg,1600,1,719,20,http://p-bandai.jp/item/item-1000251359/
564,初音ミク ザク,1600,1,719,30,http://p-bandai.jp/item/item-1000243718/
565,リックディアス mg,1600,1,719,15,http://p-bandai.jp/item/item-1000171832/
566,陸戦型ガンダム mg,1600,1,719,20,http://p-bandai.jp/item/item-1000149843/
567,mg ガンダムバルバトスルプス,1600,1,719,35,http://p-bandai.jp/item/item-1000241880/
568,ターンエーガンダム hg,1600,1,719,28,http://p-bandai.jp/item/item-1000240539/
569,mg ガンダムx,1900,1,706,33,http://p-bandai.jp/item/item-1000251137/
570,リゼルc型 mg,1900,1,706,29,http://p-bandai.jp/item/item-1000171840/
571,rg デスティニーガンダム,1900,1,706,17,http://p-bandai.jp/item/item-1000253790/
572,ベジータ 大猿,1900,1,706,23,http://p-bandai.jp/item/item-1000251384/
573,たまごっちユニ 定価,1900,1,706,39,http://p-bandai.jp/item/item-1000240797/
574,ガンダムage fx,1900,1,706,20,http://p-bandai.jp/item/item-1000151676/
575,ウルトラマン aタイプ,1900,1,706,23,http://p-bandai.jp/item/item-1000251129/
576,ウルトラマン タイプa,1900,1,706,21,http://p-bandai.jp/item/item-1000251129/
577,ハンターライセンス カード,1900,1,706,26,http://p-bandai.jp/item/item-1000254497/
578,クロスボーン ガンダムx3,1900,1,706,29,http://p-bandai.jp/item/item-1000152901/
579,ガンダム tシャツ,1900,1,706,26,http://p-bandai.jp/strict-g/
580,戸愚呂弟 サングラス,1900,1,706,25,http://p-bandai.jp/item/item-1000238677/
581,ジョニーライデン ザク,1900,1,706,20,http://p-bandai.jp/item/item-1000253878/
582,ガンダムバルバトスルプス mg,1900,1,706,32,http://p-bandai.jp/item/item-1000241880/
583,クロスボーンガンダム x3,1900,1,706,20,http://p-bandai.jp/item/item-1000152901/
584,ワンピースカード 新時代の主役,1900,1,706,18,http://p-bandai.jp/item/item-1000209879/
585,大猿 ベジータ,1900,1,706,23,http://p-bandai.jp/item/item-1000251384/
586,呪術廻戦 制服,1900,1,706,23,http://p-bandai.jp/item/item-1000218312/
587,ガンダム 6号機,1900,1,706,25,http://p-bandai.jp/item/item-1000238301/
588,戸愚呂 サングラス,1900,1,706,24,http://p-bandai.jp/item/item-1000238677/
589,胡蝶しのぶ 日輪刀,1900,1,706,30,http://p-bandai.jp/item/item-1000234871/
590,カードキャプターさくら の杖,1900,1,706,22,http://p-bandai.jp/item/item-1000227460/
591,呪術廻戦 せいふく,1900,1,706,27,http://p-bandai.jp/item/item-1000218312/
592,カードキャプターさくら 杖,1900,1,706,21,http://p-bandai.jp/item/item-1000221223/
593,アイカツ 学生証,1900,1,706,22,http://p-bandai.jp/item/item-1000249098/
594,hg zガンダム,1900,1,706,36,http://p-bandai.jp/item/item-1000135673/
595,mg ガンダム2.0,1900,1,706,31,http://p-bandai.jp/item/item-1000150019/
596,zガンダム 3号機,1900,1,706,27,http://p-bandai.jp/item/item-1000221177/
597,軽キャノン hg,1900,1,706,25,http://p-bandai.jp/item/item-1000249823/
598,ハートキャッチプリキュア おもちゃ,1900,1,706,22,http://p-bandai.jp/item/item-1000249994/
599,ワンピースのロー,18100,2,705,20,http://p-bandai.jp/item/item-1000252663/
600,クロス ボーン ガンダム x3,1900,1,695,21,http://p-bandai.jp/item/item-1000152901/
601,ガンダム t シャツ,1900,1,695,28,http://p-bandai.jp/strict-g/
602,mg パーフェクト ジオング,1900,1,695,25,http://p-bandai.jp/item/item-1000235271/
603,ヘクセン ハイム ゴチ ゾウ,1900,1,695,26,http://p-bandai.jp/item/item-1000232753/
604,キルケーの魔女,60500,5,687,39,http://p-bandai.jp/chara/c2841/
605,ザングラソード,1600,1,676,22,http://p-bandai.jp/item/item-1000191719/
606,マージ フォン,1600,1,671,25,http://p-bandai.jp/item/item-1000235119/
607,テガソード uni,1600,1,671,23,http://p-bandai.jp/item/item-1000252081/
608,ドラゴンボール おもちゃ,1600,1,671,42,http://p-bandai.jp/chara/c0005/
609,30mm 再販,1600,1,671,24,http://p-bandai.jp/brand/b0065/
610,エクシア mg,1600,1,671,23,http://p-bandai.jp/item/item-1000141543/
611,mg ターンエー,1600,1,671,20,http://p-bandai.jp/item/item-1000188690/
612,アメイジング ズゴック,1600,1,671,20,http://p-bandai.jp/item/item-1000219111/
613,eg ガンダム,1600,1,671,36,http://p-bandai.jp/item/item-1000158885/
614,鬼滅の刃,1830000,6,664,63,http://p-bandai.jp/chara/c2799/
615,バイアラン カスタム2号機,1900,1,654,19,http://p-bandai.jp/item/item-1000207526/
616,シュピーゲル ガンダム,1900,1,654,23,http://p-bandai.jp/item/item-1000252182/
617,ガンダム tr6,1900,1,654,39,http://p-bandai.jp/hobby/special-1000008445/
618,ガンダムtr 6,1900,1,654,40,http://p-bandai.jp/hobby/special-1000008445/
619,ワンピースカード 新弾 予約,1900,1,652,20,http://p-bandai.jp/brand/b0061/
620,ぷち き ゅ あっち,1900,1,652,24,http://p-bandai.jp/item/item-1000248648/
621,アメイジングズゴック,1600,1,652,20,http://p-bandai.jp/item/item-1000219111/
622,大阪万博 ガンダム プラモデル,1900,1,652,21,http://p-bandai.jp/gundambase/expo2025gunpla/list-da20-e0/
623,ワンピースカード 決戦の刻 予約,1900,1,652,16,http://p-bandai.jp/item/item-1000253295/
624,ゾンビブレイカー,1600,1,652,24,http://p-bandai.jp/item/item-1000235669/
625,ハートキャッチ プリキュア おもちゃ,1900,1,652,22,http://p-bandai.jp/item/item-1000249994/
626,強化型 zz ガンダム,1900,1,652,25,http://p-bandai.jp/item/item-1000246090/
627,あばたーふみな,1600,1,652,22,http://p-bandai.jp/item/item-1000209097/
628,1/144 hg 赤いガンダム,1900,1,652,19,http://p-bandai.jp/item/item-1000248682/
629,クロス ボーン ガンダムx3,1900,1,652,29,http://p-bandai.jp/item/item-1000152901/
630,アイズガンダム,1600,1,646,25,http://p-bandai.jp/item/item-1000227021/
631,ガンダムエクシアリペアiv,1600,1,646,20,http://p-bandai.jp/item/item-1000250020/
632,マラサイmg,1600,1,646,23,http://p-bandai.jp/item/item-1000249340/
633,ナミワンピースフィギュア,1600,1,646,22,http://p-bandai.jp/item/item-1000235613/
634,ターンエーガンダムhg,1600,1,646,19,http://p-bandai.jp/item/item-1000240539/
635,サイコロガンダム,1600,1,646,20,http://p-bandai.jp/item/item-1000253988/
636,コードギアスフィギュア,1600,1,646,21,http://p-bandai.jp/item/item-1000250549/
637,ワンピースナミフィギュア,1600,1,646,21,http://p-bandai.jp/item/item-1000235613/
638,rgズゴック,1600,1,646,29,http://p-bandai.jp/item/item-1000253330/
639,mgv2アサルトバスター,1600,1,646,36,http://p-bandai.jp/item/item-1000224722/
640,マージフォン,1600,1,646,26,http://p-bandai.jp/item/item-1000235119/
641,おしゃべりゴチゾウ,1600,1,646,25,http://p-bandai.jp/item/item-1000227825/
642,ギャレンキングフォーム,1600,1,646,27,http://p-bandai.jp/item/item-1000239924/
643,ガブリボルバー,1600,1,646,25,http://p-bandai.jp/item/item-1000208449/
644,ハクジ,1600,1,645,21,http://p-bandai.jp/item/item-1000249505/
645,d 3,1900,1,642,42,http://p-bandai.jp/item/item-1000228249/
646,ビギナ ゼラ,1900,1,642,23,http://p-bandai.jp/item/item-1000226968/
647,hg デスティニー,1900,1,642,27,http://p-bandai.jp/item/item-1000160149/
648,マルコシアス ガンダム,1900,1,642,20,http://p-bandai.jp/item/item-1000238663/
649,ガンダム クシャトリヤ,1900,1,642,21,http://p-bandai.jp/item/item-1000144753/
650,r3 ビルバイン,1900,1,642,15,http://p-bandai.jp/item/item-1000237593/
651,オーバーレイ デク,1900,1,642,22,http://p-bandai.jp/item/item-1000238668/
652,ギャン クリーガー,1900,1,642,22,http://p-bandai.jp/item/item-1000142973/
653,ケンプファー mg,1900,1,642,26,http://p-bandai.jp/item/item-1000134103/
654,ココロ パフューム,1900,1,642,22,http://p-bandai.jp/item/item-1000249994/
655,ガンダム テスタメント,1900,1,642,24,http://p-bandai.jp/item/item-1000184602/
656,しのぶ 刀,1900,1,642,26,http://p-bandai.jp/item/item-1000234871/
657,ソード インパルス,1900,1,642,16,http://p-bandai.jp/item/item-1000208940/
658,csm アークル,1900,1,642,25,http://p-bandai.jp/item/item-1000247062/
659,ビジョン ドライバー,1900,1,642,24,http://p-bandai.jp/item/item-1000216915/
660,ヒロアカ ロゴ,1900,1,642,22,http://p-bandai.jp/item/item-1000251311/
661,ヘビーアームズ 改,1600,1,625,20,http://p-bandai.jp/item/item-1000152635/
662,hg クシャトリヤ,1600,1,625,38,http://p-bandai.jp/item/item-1000144753/
663,ゲンスルー サングラス,1600,1,625,26,http://p-bandai.jp/item/item-1000238678/
664,ドラゴンボール ポタラ,1600,1,625,37,http://p-bandai.jp/item/item-1000252142/
665,マドロック ガンダム,1600,1,625,33,http://p-bandai.jp/item/item-1000238301/
666,キュベレイ アンベリール,1600,1,625,34,http://p-bandai.jp/item/item-1000178561/
667,ex s,1600,1,625,39,http://p-bandai.jp/item/item-1000254494/
668,ガンダム マドロック,1600,1,625,24,http://p-bandai.jp/item/item-1000238301/
669,ダーク ハウンド,1600,1,625,23,http://p-bandai.jp/item/item-1000240144/
670,mg ネモ,1600,1,625,24,http://p-bandai.jp/item/item-1000251744/
671,煉獄 刀,1600,1,625,22,http://p-bandai.jp/item/item-1000245933/
672,ヤクトドーガ hg,1600,1,625,32,http://p-bandai.jp/item/item-1000125971/
673,エルス クアンタ,1600,1,625,29,http://p-bandai.jp/item/item-1000076361/
674,mg エクシア,1600,1,625,27,http://p-bandai.jp/item/item-1000141543/
675,セル 爆発,1600,1,625,39,http://p-bandai.jp/item/item-1000221732/
676,ガオレンジャー ロボ,1600,1,625,27,http://p-bandai.jp/item/item-1000245447/
677,トランザム ライザー,1600,1,625,19,http://p-bandai.jp/item/item-1000248466/
678,rgトールギス 3,1300,1,622,21,http://p-bandai.jp/item/item-1000236995/
679,すみっコぐらし ケーキ,1300,1,622,19,http://p-bandai.jp/item/item-1000216371/
680,gnフラッグ hg,1300,1,622,24,http://p-bandai.jp/item/item-1000244405/
681,hg シャア専用ザク,1300,1,622,27,http://p-bandai.jp/item/item-1000150451/
682,魔法つかい プリキュアおもちゃ,1300,1,622,23,http://p-bandai.jp/item/item-1000243028/
683,魔法使い プリキュアのおもちゃ,1300,1,622,21,http://p-bandai.jp/item/item-1000243028/
684,魔法つかいプリキュア おもちゃ,1300,1,622,23,http://p-bandai.jp/item/item-1000243028/
685,リックディアス hg,1300,1,622,27,http://p-bandai.jp/item/item-1000251729/
686,ガンダム ベースオンライン,1300,1,622,61,http://p-bandai.jp/gundambase/
687,すみっこぐらし ケーキ,1300,1,622,22,http://p-bandai.jp/item/item-1000216371/
688,バルバトスルプスレクス hg,1300,1,622,41,http://p-bandai.jp/item/item-1000139379/
689,バンダイ ホビーオンラインショップ,1300,1,622,47,http://p-bandai.jp/hobby/
690,ターンエックス mg,1300,1,622,36,http://p-bandai.jp/item/item-1000253808/
691,メタルビルド ハイニュー,1300,1,622,20,http://p-bandai.jp/item/item-1000246357/
692,ブースト レイダーガンダム,1300,1,622,26,http://p-bandai.jp/item/item-1000223169/
693,プレミアムバンダイ ジェガン,1300,1,622,32,http://p-bandai.jp/item/item-1000254488/
694,オーディーンmk 2,1300,1,622,24,http://p-bandai.jp/item/item-1000230116/
695,マンダラガンダム hg,1300,1,622,38,http://p-bandai.jp/item/item-1000249815/
696,プロトタイプリック ディアス,1300,1,622,21,http://p-bandai.jp/item/item-1000234724/
697,ウルトラマン tシャツ,1300,1,622,17,http://p-bandai.jp/item/item-1000250576/
698,mg ザクキャノン,1300,1,622,27,http://p-bandai.jp/item/item-1000252190/
699,ユニオンアリーナtoloveる 予約,1300,1,622,22,http://p-bandai.jp/item/item-1000250706/
700,プロトタイプ リックディアス,1300,1,622,20,http://p-bandai.jp/item/item-1000234724/
701,僕のヒーローアカデミア ロゴ,1300,1,622,22,http://p-bandai.jp/item/item-1000251311/
702,バンダイ 1 100 mg ダブル ゼータガンダム ver ka,1600,1,620,31,http://p-bandai.jp/hobby/special-1000007948/
703,あばた ー ふみな,1600,1,619,20,http://p-bandai.jp/item/item-1000209097/
704,シスクード,1600,1,614,29,http://p-bandai.jp/item/item-1000201042/
705,ザルバ,1600,1,614,28,http://p-bandai.jp/item/item-1000224101/
706,csmゴーストドライバー,1600,1,610,24,http://p-bandai.jp/item/item-1000246080/
707,mgズゴック,1600,1,610,19,http://p-bandai.jp/item/item-1000249347/
708,ウイングガンダムゼロスノーホワイト,1600,1,610,16,http://p-bandai.jp/item/item-1000205704/
709,ギーツix,1600,1,610,22,http://p-bandai.jp/item/item-1000248280/
710,ダンボール戦機アキレス,1600,1,610,22,http://p-bandai.jp/item/item-1000252873/
711,セーラームーンコンパクト,1600,1,610,22,http://p-bandai.jp/item/item-1000180941/
712,ジムドミナンス,1600,1,610,25,http://p-bandai.jp/item/item-1000226304/
713,ランスロットアルビオンゼロ,1600,1,610,34,http://p-bandai.jp/item/item-1000218554/
714,ひみつのアッコちゃんのコンパクト,1600,1,610,22,http://p-bandai.jp/item/item-1000236433/
715,ハンターハンターめがね,1600,1,610,26,http://p-bandai.jp/item/item-1000238678/
716,セル爆発,1600,1,610,22,http://p-bandai.jp/item/item-1000221732/
717,プレバン送料,1600,1,610,21,http://p-bandai.jp/omatome_list/
718,ドラゴンボールポタラ,1600,1,610,29,http://p-bandai.jp/item/item-1000255474/
719,ミニモニテレフォン,1600,1,610,21,http://p-bandai.jp/item/item-1000246085/
720,csmダブルドライバーver2,1600,1,610,24,http://p-bandai.jp/item/item-1000220749/
721,アクセルドライバー,1600,1,610,24,http://p-bandai.jp/item/item-1000244873/
722,メガバズーカランチャー,1600,1,610,26,http://p-bandai.jp/item/item-1000250826/
723,トランザムライザー,1600,1,610,19,http://p-bandai.jp/item/item-1000248466/
724,アヴァランチエクシア,1600,1,610,31,http://p-bandai.jp/item/item-1000228372/
725,ハイゼンスレイ2ラー,1600,1,610,21,http://p-bandai.jp/hobby/special-1000011085/
726,ダークハウンド,1600,1,610,20,http://p-bandai.jp/item/item-1000240144/
727,mgスタークジェガン,1600,1,610,19,http://p-bandai.jp/item/item-1000247893/
728,ザクプラモデル,1600,1,610,21,http://p-bandai.jp/item/item-1000150451/
729,ゼインドライバー,1600,1,610,24,http://p-bandai.jp/item/item-1000238583/
730,ハイパーメガランチャー,1600,1,610,37,http://p-bandai.jp/item/item-1000250826/
731,ゾロ　三刀流,1600,1,610,31,http://p-bandai.jp/contents/item-pickup-zoro-proplica/
732,蝶ネクタイコナン,1600,1,610,23,http://p-bandai.jp/item/item-1000235312/
733,アストレイレッドドラゴン,1600,1,610,22,http://p-bandai.jp/item/item-1000249108/
734,ハンターハンターメガネ,1600,1,610,25,http://p-bandai.jp/item/item-1000238678/
735,エクストリームガンダム,1600,1,610,32,http://p-bandai.jp/item/item-1000157855/
736,ハンターハンターライセンスカード,1600,1,610,25,http://p-bandai.jp/item/item-1000254497/
737,無敵要塞ザイガス,1600,1,610,24,http://p-bandai.jp/item/item-1000166930/
738,hgクシャトリヤ,1600,1,610,38,http://p-bandai.jp/item/item-1000144753/
739,vダッシュガンダム,1600,1,610,21,http://p-bandai.jp/item/item-1000133135/
740,ケンプファーシュヴェーア,1600,1,610,20,http://p-bandai.jp/item/item-1000243851/
741,ヘビーアームズ改,1600,1,610,27,http://p-bandai.jp/item/item-1000152635/
742,ゾロ三刀流,1600,1,610,24,http://p-bandai.jp/contents/item-pickup-zoro-proplica/
743,ビオランテ,18100,3,607,41,http://p-bandai.jp/item/item-1000250358/
744,エネル,18100,3,607,25,http://p-bandai.jp/item/item-1000211478/
745,シナンジュ,18100,3,607,28,http://p-bandai.jp/item/item-1000250438/
746,マンガブースター ドラゴンボール,1600,1,604,17,http://p-bandai.jp/item/item-1000244821/
747,ハートキャッチプリキュア 変身アイテム,1600,1,604,22,http://p-bandai.jp/item/item-1000249994/
748,ハンターハンター メガネ,1600,1,604,25,http://p-bandai.jp/item/item-1000238678/
749,dガンダム ファースト,1600,1,604,20,http://p-bandai.jp/item/item-1000251670/
750,仮面ライダー ケーキ,1600,1,604,24,http://p-bandai.jp/charadecoshop/rider/
751,ワンピース ギア2,1600,1,604,20,http://p-bandai.jp/item/item-1000234576/
752,クロスボーンガンダム フルクロス,1600,1,604,30,http://p-bandai.jp/item/item-1000187229/
753,アキレス ダンボール戦機,1600,1,604,24,http://p-bandai.jp/item/item-1000252873/
754,ハイゼンスレイ 2ラー,1600,1,604,25,http://p-bandai.jp/hobby/special-1000011085/
755,ワンピース ナミフィギュア,1600,1,604,21,http://p-bandai.jp/item/item-1000235613/
756,ストライクフリーダム mgex,1600,1,604,21,http://p-bandai.jp/item/item-1000251319/
757,仮面ライダーゼッツ イナズマプラズマ,1600,1,604,30,http://p-bandai.jp/item/item-1000234416/
758,ウイングガンダムゼロ スノーホワイト,1600,1,604,17,http://p-bandai.jp/item/item-1000205704/
759,ハンターハンター ライセンスカード,1600,1,604,25,http://p-bandai.jp/item/item-1000254497/
760,ダンボール戦機 アキレス,1600,1,604,22,http://p-bandai.jp/item/item-1000252873/
761,ランスロット アルビオンゼロ,1600,1,604,33,http://p-bandai.jp/item/item-1000218554/
762,mg v2アサルトバスター,1600,1,604,36,http://p-bandai.jp/item/item-1000224722/
763,mg スタークジェガン,1600,1,604,19,http://p-bandai.jp/item/item-1000254474/
764,ギャレン キングフォーム,1600,1,604,20,http://p-bandai.jp/item/item-1000239924/
765,赤いガンダム プラモデル,1600,1,604,32,http://p-bandai.jp/item/item-1000248682/
766,アストレイ レッドドラゴン,1600,1,604,20,http://p-bandai.jp/item/item-1000249108/
767,マスターガンダム hg,1600,1,604,28,http://p-bandai.jp/item/item-1000146286/
768,ブルーロック ジャージ,1600,1,604,23,http://p-bandai.jp/item/item-1000242710/
769,コナン 蝶ネクタイ,1600,1,604,27,http://p-bandai.jp/item/item-1000235312/
770,hg スコープドッグ,1600,1,604,18,http://p-bandai.jp/item/item-1000248465/
771,ドートレス,1300,1,603,19,http://p-bandai.jp/item/item-1000246089/
772,ショドウフォン,1300,1,603,23,http://p-bandai.jp/item/item-1000224676/
773,ジムスループ,1300,1,603,24,http://p-bandai.jp/item/item-1000236811/
774,タイムロボ,1300,1,603,22,http://p-bandai.jp/item/item-1000236350/
775,モバイレーツ,1300,1,603,25,http://p-bandai.jp/item/item-1000221765/
776,アイカツ,135000,4,601,39,http://p-bandai.jp/chara/c2017/
777,ウルトラマンシャドー,1600,1,600,25,http://p-bandai.jp/item/item-1000250485/
778,ソードカラミティ,1600,1,600,26,http://p-bandai.jp/item/item-1000211734/
779,ギャン改,1600,1,600,22,http://p-bandai.jp/item/item-1000231296/
780,gファルコン,1600,1,600,26,http://p-bandai.jp/item/item-1000251145/
781,アバターふみな,1600,1,600,22,http://p-bandai.jp/item/item-1000209097/
782,ひみつのアッコちゃんコンパクト,1600,1,600,22,http://p-bandai.jp/item/item-1000236433/
783,ギーツバスター qb9,1300,1,591,22,http://p-bandai.jp/item/item-1000235602/
784,ギャプランtr 5,1600,1,590,20,http://p-bandai.jp/hobby/special-1000016486/
785,鬼の手 ぬーべー,1600,1,590,22,http://p-bandai.jp/item/item-1000243769/
786,ひみつのアッコちゃん コンパクト,1600,1,590,22,http://p-bandai.jp/item/item-1000236433/
787,sd ガンダム外伝,1600,1,590,37,http://p-bandai.jp/item/item-1000243454/
788,ソード カラミティ,1600,1,590,36,http://p-bandai.jp/item/item-1000211734/
789,シナンジュ スタイン hg,1900,1,589,24,http://p-bandai.jp/item/item-1000250438/
790,ガンダム x mg,1900,1,589,33,http://p-bandai.jp/item/item-1000251137/
791,mg ガンダム 2.0,1900,1,589,22,http://p-bandai.jp/item/item-1000150019/
792,強化 型 zz ガンダム,1900,1,589,26,http://p-bandai.jp/item/item-1000246090/
793,プロト スターク ジェガン,1900,1,589,22,http://p-bandai.jp/item/item-1000234695/
794,ガンダム 6 号機,1900,1,589,22,http://p-bandai.jp/item/item-1000238301/
795,バイアラン カスタム 2 号機,1900,1,589,26,http://p-bandai.jp/item/item-1000207526/
796,rg デスティニー インパルス,1900,1,589,16,http://p-bandai.jp/item/item-1000231768/
797,ガッ チャー ドライバー,1900,1,589,25,http://p-bandai.jp/item/item-1000246042/
798,アイカツ トライ スター,1900,1,589,22,http://p-bandai.jp/item/item-1000166353/
799,ベジータ 大 猿,1900,1,589,23,http://p-bandai.jp/item/item-1000251384/
800,アキレス ディード,1300,1,577,23,http://p-bandai.jp/item/item-1000238161/
801,バンダイ 予約,1300,1,577,23,http://p-bandai.jp/candytoy/pre-order/
802,mg ジンクス,1300,1,577,28,http://p-bandai.jp/item/item-1000141545/
803,ゴチゾウ 投票,1300,1,577,24,http://p-bandai.jp/item/item-1000236739/
804,たまごっち 通販,1300,1,577,32,http://p-bandai.jp/chara/c0002/
805,ビルバイン r3,1300,1,577,17,http://p-bandai.jp/item/item-1000237593/
806,mg 投票,1300,1,577,36,http://p-bandai.jp/hobby/sousenkyo2025/
807,ジンクス mg,1300,1,577,29,http://p-bandai.jp/item/item-1000141545/
808,hg バルバトス,1300,1,577,21,http://p-bandai.jp/item/item-1000249943/
809,クシャトリヤ,22200,4,572,20,http://p-bandai.jp/item/item-1000144753/
810,ゼロツー,22200,4,572,29,http://p-bandai.jp/item/item-1000173516/
811,カイドウ,22200,4,572,20,http://p-bandai.jp/item/item-1000248660/
812,刺繍缶 バッチ ディズニー,6600,2,571,24,http://p-bandai.jp/item/item-1000246675/
813,フルアーマーzzガンダム ver ka,6600,2,571,20,http://p-bandai.jp/item/item-1000247173/
814,ガンダムエクシア リペアiv,1300,1,569,19,http://p-bandai.jp/item/item-1000250020/
815,ソードインパルス spec2,1300,1,569,30,http://p-bandai.jp/item/item-1000229770/
816,プレミアム バンダイ アクセス できない,6600,2,566,22,http://p-bandai.jp/contents/sorry_info03/
817,ターンエー ガンダム hg,1600,1,565,28,http://p-bandai.jp/item/item-1000240539/
818,赤い ガンダム ビット,1600,1,565,19,http://p-bandai.jp/item/item-1000248682/
819,ゴジュウ ジャー 指輪,1600,1,565,26,http://p-bandai.jp/item/item-1000252141/
820,コード ギアス フィギュア,1600,1,565,21,http://p-bandai.jp/item/item-1000250549/
821,ゴチ ゾウ パーティー,1600,1,565,21,http://p-bandai.jp/item/item-1000251238/
822,ワンピース ナミ フィギュア,1600,1,565,21,http://p-bandai.jp/item/item-1000235613/
823,魔法つかいプリキュアおもちゃ,1300,1,556,23,http://p-bandai.jp/item/item-1000243028/
824,ウルトラマンロゴ,1300,1,556,20,http://p-bandai.jp/item/item-1000251947/
825,gnアームズ,1300,1,556,20,http://p-bandai.jp/item/item-1000251753/
826,イカロスユニット,1300,1,556,19,http://p-bandai.jp/item/item-1000245950/
827,アキレスディード,1300,1,556,22,http://p-bandai.jp/item/item-1000238161/
828,ディスティニーガンダムspec2,1300,1,556,25,http://p-bandai.jp/item/item-1000244468/
829,ewacジェガン,1300,1,556,22,http://p-bandai.jp/item/item-1000234650/
830,reバウ,1300,1,556,22,http://p-bandai.jp/item/item-1000248989/
831,すみっこぐらしのケーキ,1300,1,556,21,http://p-bandai.jp/item/item-1000216371/
832,バンダイワンピースカード,1300,1,556,22,http://p-bandai.jp/brand/b0061/
833,魔法使いプリキュアのおもちゃ,1300,1,556,21,http://p-bandai.jp/item/item-1000243028/
834,メタルビルドハイニュー,1300,1,556,20,http://p-bandai.jp/item/item-1000246357/
835,ジンクスmg,1300,1,556,29,http://p-bandai.jp/item/item-1000141545/
836,エクシアリペア3,1300,1,556,23,http://p-bandai.jp/item/item-1000137208/
837,すみっコぐらしのケーキ,1300,1,556,17,http://p-bandai.jp/item/item-1000216371/
838,プロトタイプリックディアス,1300,1,556,20,http://p-bandai.jp/item/item-1000234724/
839,mgジンクス,1300,1,556,28,http://p-bandai.jp/item/item-1000141545/
840,hgceレジェンドガンダム,1300,1,556,27,http://p-bandai.jp/item/item-1000245802/
841,リントヴルム,1300,1,553,25,http://p-bandai.jp/item/item-1000253637/
842,デジタイザー,1300,1,553,29,http://p-bandai.jp/item/item-1000137816/
843,age2,1300,1,553,19,http://p-bandai.jp/item/item-1000248930/
844,カブト,90500,7,551,24,http://p-bandai.jp/chara/c1473/
845,アイカツ カード,27100,4,551,19,http://p-bandai.jp/item/item-1000249872/
846,ワンピース カード 蒼海 の 七 傑,6600,2,544,13,http://p-bandai.jp/item/item-1000248926/
847,ボニー,27100,4,541,21,http://p-bandai.jp/item/item-1000245737/
848,ミスタ,27100,4,541,26,http://p-bandai.jp/item/item-1000198027/
849,セーラームーン　おもちゃ,1000,1,534,27,http://p-bandai.jp/chara/c0468/
850,ガンドノード,1000,1,534,25,http://p-bandai.jp/item/item-1000252433/
851,シンケンマル,1000,1,534,24,http://p-bandai.jp/item/item-1000233403/
852,ケンプファー シュヴェーア,1300,1,533,19,http://p-bandai.jp/item/item-1000243851/
853,サンジ フィギュア,1300,1,533,21,http://p-bandai.jp/item/item-1000251765/
854,ガンダム 再販,1300,1,533,30,http://p-bandai.jp/hobby/a0001/list-da20-n1/
855,mg ザク,1300,1,533,25,http://p-bandai.jp/item/item-1000143587/
856,ロー フィギュア,1300,1,533,23,http://p-bandai.jp/item/item-1000228389/
857,ガンダム rg,1300,1,533,19,http://p-bandai.jp/brand/b0003/
858,ギラドーガ mg,1300,1,533,23,http://p-bandai.jp/item/item-1000252189/
859,コナン たまごっち,1300,1,533,22,http://p-bandai.jp/item/item-1000221170/
860,ジョジョ アクセサリー,1300,1,533,28,http://p-bandai.jp/item/item-1000252125/
861,クラピカ ピアス,1300,1,533,26,http://p-bandai.jp/item/item-1000239003/
862,ジュウレンジャー ロボ,1300,1,533,26,http://p-bandai.jp/chara/c0450/
863,ギャン ガンプラ,1300,1,533,34,http://p-bandai.jp/item/item-1000249505/
864,ズワァース,1300,1,531,20,http://p-bandai.jp/item/item-1000250419/
865,ワンピース 抽選,1000,1,526,20,http://p-bandai.jp/item/item-1000249930/
866,ガンダム再販,1300,1,524,27,http://p-bandai.jp/hobby/a0001/list-da20-n1/
867,ミーティア,12100,2,523,37,http://p-bandai.jp/item/item-1000225726/
868,モンスターアーツ デストロイア,1000,1,522,21,http://p-bandai.jp/item/item-1000234415/
869,ヘビーアームズ改 ew,1000,1,522,20,http://p-bandai.jp/item/item-1000255590/
870,ストライクフリーダム弐式 hg,1000,1,522,20,http://p-bandai.jp/item/item-1000244538/
871,マイティーストライクフリーダムガンダム hg,1000,1,522,35,http://p-bandai.jp/item/item-1000212520/
872,バンダイプレミアム 仮面ライダー,1000,1,522,24,http://p-bandai.jp/chara/c0020/
873,バンダイ 通販,1000,1,522,49,http://p-bandai.jp/
874,バンダイ オンラインショップ,1000,1,522,60,http://p-bandai.jp/
875,hg ガンダムグリープ,1000,1,522,34,http://p-bandai.jp/item/item-1000252945/
876,仮面ライダー プレバン,1000,1,522,39,http://p-bandai.jp/chara/c0020/
877,クスィー ロボット魂,1000,1,522,21,http://p-bandai.jp/item/item-1000241480/
878,mg ジェスタキャノン,1000,1,522,30,http://p-bandai.jp/item/item-1000242049/
879,デスサイズヘル hg,1000,1,522,23,http://p-bandai.jp/hobby/special-1000015443/
880,ガンプラ 総選挙2025,1000,1,522,36,http://p-bandai.jp/hobby/sousenkyo2025/
881,メタルビルド ハイニューガンダム,1000,1,522,21,http://p-bandai.jp/item/item-1000246357/
882,プレミアムバンダイ ワンピースカード,1000,1,522,20,http://p-bandai.jp/brand/b0061/
883,ガンダム7号機 hg,1000,1,522,23,http://p-bandai.jp/item/item-1000242742/
884,デストロイア モンスターアーツ,1000,1,522,30,http://p-bandai.jp/item/item-1000234415/
885,バルバトスアダプト hg,1000,1,522,25,http://p-bandai.jp/item/item-1000249943/
886,アストレイ ミラージュフレーム,1000,1,522,19,http://p-bandai.jp/item/item-1000238021/
887,hg ダブルゼータ,1000,1,522,26,http://p-bandai.jp/item/item-1000149831/
888,プリキュア クリスマスケーキ,1000,1,522,22,http://p-bandai.jp/item/item-1000235629/
889,バルバトスルプス hg,1000,1,522,29,http://p-bandai.jp/item/item-1000139367/
890,プレミアムバンダイ 仮面ライダー,1000,1,522,28,http://p-bandai.jp/chara/c0020/
891,ドラゴンガンダム hg,1000,1,522,25,http://p-bandai.jp/item/item-1000234372/
892,クロスボーンガンダム mg,1000,1,522,20,http://p-bandai.jp/item/item-1000149852/
893,岸辺露伴 フィギュア,1000,1,522,21,http://p-bandai.jp/item/item-1000228365/
894,バンダイ ナムコ,110000,5,522,70,http://p-bandai.jp/
895,シンケンジャー おもちゃ,1000,1,522,25,http://p-bandai.jp/item/item-1000233403/
896,mg gファイター,1000,1,522,18,http://p-bandai.jp/item/item-1000250953/
897,クリスマスケーキ プリキュア,1000,1,522,23,http://p-bandai.jp/item/item-1000235629/
898,キケロガ ロボット魂,1000,1,522,20,http://p-bandai.jp/item/item-1000238681/
899,プリキュアケーキ クリスマス,1000,1,522,23,http://p-bandai.jp/item/item-1000235629/
900,クリスマス プリキュアケーキ,1000,1,522,23,http://p-bandai.jp/item/item-1000235629/
901,樋口円香 フィギュア,1000,1,522,38,http://p-bandai.jp/item/item-1000253053/
902,すみっこぐらしケーキ,1300,1,520,22,http://p-bandai.jp/item/item-1000216371/
903,ブンブンチェンジャー,1300,1,520,26,http://p-bandai.jp/item/item-1000219980/
904,エターナルエッジ,1300,1,520,22,http://p-bandai.jp/item/item-1000229472/
905,ミラージュフレーム,1300,1,520,19,http://p-bandai.jp/item/item-1000238021/
906,アークドライバー,1300,1,520,23,http://p-bandai.jp/item/item-1000176438/
907,ゲルググウェルテクス,1300,1,520,22,http://p-bandai.jp/item/item-1000161099/
908,mgアレックス,1300,1,520,38,http://p-bandai.jp/item/item-1000150050/
909,たまごっちコナン,1300,1,520,22,http://p-bandai.jp/item/item-1000221170/
910,dガンダムファースト,1300,1,520,34,http://p-bandai.jp/item/item-1000251670/
911,すみっコぐらしケーキ,1300,1,520,22,http://p-bandai.jp/item/item-1000216371/
912,仮面ライダーゴーストのベルト,1300,1,520,25,http://p-bandai.jp/item/item-1000246080/
913,光るパジャマ大人,1300,1,520,20,http://p-bandai.jp/apparel/otonahikaru/
914,ハートキャッチプリキュア変身アイテム,1300,1,520,22,http://p-bandai.jp/item/item-1000249994/
915,プロトタイプケンプファー,1300,1,520,22,http://p-bandai.jp/item/item-1000173511/
916,rgトールギス3,1300,1,520,22,http://p-bandai.jp/item/item-1000236995/
917,インパルスガンダムブランシュ,1300,1,520,21,http://p-bandai.jp/item/item-1000246070/
918,シャア専用ガンダム,1300,1,520,32,http://p-bandai.jp/item/item-1000150451/
919,hgバルバトス,1300,1,520,28,http://p-bandai.jp/item/item-1000249943/
920,仮面ライダーダブルベルト,1300,1,520,27,http://p-bandai.jp/item/item-1000220749/
921,ブラックキングジョー,1300,1,520,23,http://p-bandai.jp/item/item-1000238855/
922,ザクiii改,1300,1,520,28,http://p-bandai.jp/item/item-1000121111/
923,煉獄さん刀,1300,1,520,23,http://p-bandai.jp/item/item-1000245933/
924,mgエクシア,1300,1,520,27,http://p-bandai.jp/item/item-1000141543/
925,フリーレンの杖,1300,1,520,20,http://p-bandai.jp/item/item-1000236060/
926,ガンダムヘビーアームズ改,1300,1,520,17,http://p-bandai.jp/item/item-1000152635/
927,エボルx,1300,1,520,20,http://p-bandai.jp/item/item-1000216505/
928,ライトニングストライカー,1300,1,520,21,http://p-bandai.jp/item/item-1000244813/
929,仮面ライダーゴーストベルト,1300,1,520,25,http://p-bandai.jp/item/item-1000246080/
930,hgガンダムx,1300,1,520,31,http://p-bandai.jp/item/item-1000188738/
931,ゴールドフレーム天,1300,1,520,19,http://p-bandai.jp/item/item-1000251139/
932,ファイズギア,1300,1,520,25,http://p-bandai.jp/item/item-1000213964/
933,怪盗キッド　トランプ銃,1300,1,520,25,http://p-bandai.jp/item/item-1000235314/
934,mg陸戦型ジム,1300,1,520,16,http://p-bandai.jp/item/item-1000145881/
935,ローフィギュア,1300,1,520,18,http://p-bandai.jp/item/item-1000228389/
936,プレミアムバンダイ支払い方法,1300,1,520,21,http://p-bandai.jp/guide/guide_paymentinfo/
937,クラピカピアス,1300,1,520,26,http://p-bandai.jp/item/item-1000239003/
938,mgトールギス3,1300,1,520,38,http://p-bandai.jp/item/item-1000148245/
939,サイレントマジシャンフィギュア,1300,1,520,28,http://p-bandai.jp/item/item-1000241842/
940,ハイパー化ガンダム,1300,1,520,32,http://p-bandai.jp/item/item-1000239889/
941,アストレイゴールドフレーム,1300,1,520,20,http://p-bandai.jp/item/item-1000251139/
942,怪盗キッドのトランプ銃,1300,1,520,26,http://p-bandai.jp/item/item-1000235314/
943,ガーベラテトラ改,1300,1,520,24,http://p-bandai.jp/item/item-1000221172/
944,バンダイホビーオンラインショップ,1300,1,520,47,http://p-bandai.jp/hobby/
945,プレミアムバンダイクーポン,1300,1,520,37,http://p-bandai.jp/menu/eventtop/page-list-cp0/
946,ガンダム5号機,1300,1,520,36,http://p-bandai.jp/item/item-1000157853/
947,ワンピースカード　新時代の主役,1300,1,520,14,http://p-bandai.jp/item/item-1000209879/
948,僕のヒーローアカデミアロゴ,1300,1,520,20,http://p-bandai.jp/item/item-1000251309/
949,アメイジングストライクフリーダム,1300,1,520,27,http://p-bandai.jp/item/item-1000129703/
950,怪盗キッドトランプ銃,1300,1,520,26,http://p-bandai.jp/item/item-1000235314/
951,善逸日輪刀,1300,1,520,23,http://p-bandai.jp/item/item-1000245934/
952,キングジョーブラック,1300,1,520,23,http://p-bandai.jp/item/item-1000238855/
953,ガンダムベースオンライン,1300,1,520,61,http://p-bandai.jp/gundambase/
954,おジャ魔女どれみのおもちゃ,1300,1,520,21,http://p-bandai.jp/chara/c0905/
955,ギア 2 ワンピース,1600,1,519,22,http://p-bandai.jp/item/item-1000234576/
956,ハイゼンスレイ 2 ラー,1600,1,519,21,http://p-bandai.jp/hobby/special-1000011085/
957,ゾロ 三 刀 流,1600,1,519,22,http://p-bandai.jp/contents/item-pickup-zoro-proplica/
958,ラン スロット アルビオン ゼロ,1600,1,519,34,http://p-bandai.jp/item/item-1000218554/
959,メガ バズーカ ランチャー,1600,1,519,21,http://p-bandai.jp/item/item-1000250826/
960,ハンター ハンター めがね,1600,1,519,25,http://p-bandai.jp/item/item-1000238678/
961,ハイパー メガ ランチャー,1600,1,519,35,http://p-bandai.jp/item/item-1000250826/
962,フィギュア ワンピース ナミ,1600,1,519,22,http://p-bandai.jp/item/item-1000235613/
963,黒い 三連星 ザク,1600,1,519,24,http://p-bandai.jp/item/item-1000217325/
964,ワンピース ナミ の フィギュア,1600,1,519,22,http://p-bandai.jp/item/item-1000235613/
965,ウルトラ 母,18100,3,519,29,http://p-bandai.jp/item/item-1000227028/
966,unicorn gundam,90500,6,518,39,http://p-bandai.jp/item/item-1000184462/
967,ガチャ バンダイ,33100,5,517,55,http://p-bandai.jp/gashadepa/
968,mg プロヴィデンス スペシャルコーティング,1300,1,516,20,http://p-bandai.jp/item/item-1000238002/
969,すみ っ コぐらし ケーキ,1300,1,516,19,http://p-bandai.jp/item/item-1000216371/
970,すみ っ コぐらしケーキ,1300,1,516,19,http://p-bandai.jp/item/item-1000216371/
971,ユニオンアリーナ tolove る 予約,1300,1,516,20,http://p-bandai.jp/item/item-1000250706/
972,すみ っ コぐらしのケーキ,1300,1,516,17,http://p-bandai.jp/item/item-1000216371/
973,ユニオンアリーナ to love る 予約,1300,1,516,20,http://p-bandai.jp/item/item-1000250706/
974,rg ウイングガンダムゼロ 再販,1300,1,516,23,http://p-bandai.jp/item/item-1000156979/
975,ルフィ ワンピース,33100,5,513,22,http://p-bandai.jp/item/item-1000247345/
976,ヤマト フィギュア,1000,1,508,21,http://p-bandai.jp/item/item-1000222521/
977,マチュ インナー,1000,1,508,23,http://p-bandai.jp/item/item-1000254594/
978,リゼル hguc,1000,1,508,34,http://p-bandai.jp/item/item-1000249350/
979,ザブングル プラモデル,1000,1,508,22,http://p-bandai.jp/item/item-1000255656/
980,rg デスティニー,1000,1,508,20,http://p-bandai.jp/item/item-1000250402/
981,トールギス rg,1000,1,508,33,http://p-bandai.jp/item/item-1000146487/
982,バンダイ ドラゴンボール,1000,1,508,43,http://p-bandai.jp/chara/c0005/
983,バルカン ブレス,1000,1,508,21,http://p-bandai.jp/item/item-1000241671/
984,クウガ ベルト,1000,1,508,24,http://p-bandai.jp/item/item-1000247062/
985,デジモン モンハン,1000,1,508,26,http://p-bandai.jp/item/item-1000243008/
986,セーラームーン おもちゃ,1000,1,508,27,http://p-bandai.jp/chara/c0468/
987,ガンダム キーホルダー,1000,1,508,21,http://p-bandai.jp/item/item-1000215821/
988,mg ゲルググ,1000,1,508,22,http://p-bandai.jp/item/item-1000253877/
989,f80 ガンレイド,1000,1,508,20,http://p-bandai.jp/item/item-1000229767/
990,ゲンキダマツリ フィギュア,1000,1,508,25,http://p-bandai.jp/item/item-1000245678/
991,ジョジョ 財布,1000,1,508,22,http://p-bandai.jp/item/item-1000252607/
992,ドーベンウルフ ユニコーン,1000,1,508,30,http://p-bandai.jp/item/item-1000155070/
993,hguc リゼル,1000,1,508,35,http://p-bandai.jp/item/item-1000249350/
994,ダンバイン hg,1000,1,508,33,http://p-bandai.jp/item/item-1000235468/
995,プレミアムバンダイ クーポン,1300,1,507,35,http://p-bandai.jp/menu/eventtop/page-list-cp0/
996,ワンピースルフィギア 5,1300,1,507,23,http://p-bandai.jp/item/item-1000247345/
997,ワンピース ルフィギア5,1300,1,507,23,http://p-bandai.jp/item/item-1000247345/
998,ワンピース カード新時代の主役,1300,1,507,14,http://p-bandai.jp/item/item-1000209879/
999,mg zガンダム,1300,1,507,27,http://p-bandai.jp/item/item-1000192092/
1000,ガンダムx hg,1300,1,507,31,http://p-bandai.jp/item/item-1000188738/
1001,ティターンズ の旗のもとに,1300,1,507,41,http://p-bandai.jp/hobby/special-1000010029/
1002,バンダイ公式,1300,1,507,70,http://p-bandai.jp/
1003,プレミアムバンダイ 支払い方法,1300,1,507,21,http://p-bandai.jp/guide/guide_paymentinfo/
1004,ブラストインパルス,1300,1,507,19,http://p-bandai.jp/item/item-1000254947/
1005,仮面ライダーゴースト ベルト,1300,1,507,25,http://p-bandai.jp/item/item-1000246080/
1006,受け継がれる意志 box,1300,1,507,21,http://p-bandai.jp/item/item-1000254606/
1007,ゲルググ ウェルテクス,1300,1,507,22,http://p-bandai.jp/item/item-1000161099/
1008,ガンダム 5号機,1300,1,507,24,http://p-bandai.jp/item/item-1000157853/
1009,すみっこ ぐらしケーキ,1300,1,507,22,http://p-bandai.jp/item/item-1000216371/
1010,トールギス3 mg,1300,1,507,32,http://p-bandai.jp/item/item-1000148245/
1011,仮面ライダーダブル ベルト,1300,1,507,27,http://p-bandai.jp/item/item-1000220749/
1012,ゴールドフレーム アストレイ,1300,1,507,21,http://p-bandai.jp/item/item-1000251139/
1013,hg ガンダムx,1300,1,507,31,http://p-bandai.jp/item/item-1000188738/
1014,シャア専用 ガンダム,1300,1,507,23,http://p-bandai.jp/item/item-1000150451/
1015,ドラゴンボールスーパーダイバーズ 40周年,1300,1,507,19,http://p-bandai.jp/item/item-1000236546/
1016,キルケーの魔女 グッズ,1300,1,507,27,http://p-bandai.jp/chara/c2841/
1017,妖怪ウォッチ ウォッチ,1300,1,507,45,http://p-bandai.jp/item/item-1000185519/
1018,デジモンペンデュラム カラー,1300,1,507,21,http://p-bandai.jp/item/item-1000252399/
1019,ハイパー化 ガンダム,1300,1,507,32,http://p-bandai.jp/item/item-1000239889/
1020,dx 妖怪ウォッチ,1300,1,507,42,http://p-bandai.jp/item/item-1000185519/
1021,葬送のフリーレン 杖,1300,1,507,24,http://p-bandai.jp/item/item-1000236060/
1022,煉獄さん 刀,1300,1,507,24,http://p-bandai.jp/item/item-1000245933/
1023,ゼータプラス mg,1300,1,507,18,http://p-bandai.jp/item/item-1000250954/
1024,バルバトス メタルビルド,1300,1,507,21,http://p-bandai.jp/item/item-1000242190/
1025,ガンダムベース オンライン,1300,1,507,61,http://p-bandai.jp/gundambase/
1026,ガンプラ 百式,1300,1,507,37,http://p-bandai.jp/item/item-1000135674/
1027,mg 陸戦型ジム,1300,1,507,16,http://p-bandai.jp/item/item-1000145881/
1028,sdガンダム カードダス,1300,1,507,19,http://p-bandai.jp/carddas/a0009/b0008/list-da20-n3/
1029,たまごっち コナン,1300,1,507,21,http://p-bandai.jp/item/item-1000221170/
1030,善逸 日輪刀,1300,1,507,27,http://p-bandai.jp/item/item-1000245934/
1031,赤いガンダム 拡張セット,1300,1,507,19,http://p-bandai.jp/item/item-1000248682/
1032,ガンプラ ストライクフリーダム,1300,1,507,35,http://p-bandai.jp/item/item-1000251319/
1033,おジャ魔女どれみ おもちゃ,1300,1,507,22,http://p-bandai.jp/chara/c0905/
1034,光るパジャマ 大人,1300,1,507,20,http://p-bandai.jp/apparel/otonahikaru/
1035,ユニコーンガンダム mg,1300,1,507,27,http://p-bandai.jp/item/item-1000150024/
1036,ゴールドフレーム 天,1300,1,507,20,http://p-bandai.jp/item/item-1000251139/
1037,mg ゼータプラス,1300,1,507,21,http://p-bandai.jp/item/item-1000250954/
1038,ガーベラ テトラ改,1300,1,507,28,http://p-bandai.jp/item/item-1000221172/
1039,ロードアストレイ,1300,1,507,26,http://p-bandai.jp/item/item-1000179970/
1040,陸戦型ジム mg,1300,1,507,20,http://p-bandai.jp/item/item-1000145881/
1041,怪盗キッド トランプ銃,1300,1,507,23,http://p-bandai.jp/item/item-1000235314/
1042,冨岡義勇 日輪刀,1300,1,507,20,http://p-bandai.jp/item/item-1000188507/
1043,リクーム,9900,2,501,22,http://p-bandai.jp/item/item-1000250357/
1044,たまごっち ユニ,60500,6,500,25,http://p-bandai.jp/item/item-1000240797/
1045,ジェガン,14800,2,500,20,http://p-bandai.jp/item/item-1000247893/
1046,にじさんじ缶バッジ ビスケット,6600,2,499,27,http://p-bandai.jp/item/item-1000249509/
1047,たまごっち どこで買える,6600,2,499,39,http://p-bandai.jp/chara/c0002/
1048,チョコボックス サンリオ,6600,2,499,25,http://p-bandai.jp/item/item-1000247260/
1049,ガンバ レジェンズ 極めようセット2026,1600,1,498,24,http://p-bandai.jp/item/item-1000242542/
1050,ランスロット アルビオン ゼロ,1600,1,498,33,http://p-bandai.jp/item/item-1000218554/
1051,ラン スロット アルビオンゼロ,1600,1,498,33,http://p-bandai.jp/item/item-1000218554/
1052,hg アリュゼウス 予約,1600,1,498,25,http://p-bandai.jp/item/item-1000251778/
1053,閃光のハサウェイ キルケーの魔女 グッズ,1600,1,498,26,http://p-bandai.jp/chara/c2841/
1054,ワンピース カード 新時代の主役,1600,1,498,14,http://p-bandai.jp/item/item-1000209879/
1055,h g クシャトリヤ,1600,1,498,32,http://p-bandai.jp/item/item-1000144753/
1056,metal build ゴッドガンダム&ゴッドガンダム弐,1600,1,498,23,http://p-bandai.jp/item/item-1000228161/
1057,ガンバ レジェンズ 極めようセット 2026,1600,1,498,26,http://p-bandai.jp/item/item-1000242542/
1058,ガッ チャー イグナイター,1300,1,490,21,http://p-bandai.jp/item/item-1000234040/
1059,ガンダム x ディバイダー,1600,1,488,16,http://p-bandai.jp/item/item-1000247013/
1060,ひみつ の アッコ ちゃん コンパクト,1600,1,488,22,http://p-bandai.jp/item/item-1000236433/
1061,ユニコーンガンダム ペル フェ クティ ビリティ ディバイン デストロイ アンチェ インド,1600,1,486,26,http://p-bandai.jp/hobby/special-1000013624/
1062,gp03,1000,1,484,19,http://p-bandai.jp/item/item-1000149846/
1063,hws,1000,1,484,20,http://p-bandai.jp/item/item-1000254946/
1064,クモオーグ,1000,1,484,25,http://p-bandai.jp/item/item-1000243683/
1065,ルブリスジウ,1000,1,484,22,http://p-bandai.jp/item/item-1000234267/
1066,ヒロアカロゴ,1000,1,484,20,http://p-bandai.jp/item/item-1000251309/
1067,バンダイキャンディ,33100,5,478,31,http://p-bandai.jp/candytoy/
1068,ルギア,40500,4,477,37,http://p-bandai.jp/item/item-1000221889/
1069,スタークジェガン mg,1000,1,477,19,http://p-bandai.jp/item/item-1000254474/
1070,フリーレン 杖,6600,2,473,23,http://p-bandai.jp/item/item-1000236060/
1071,ガオ,27100,4,473,39,http://p-bandai.jp/item/item-1000253313/
1072,カードダス ドラゴンボール,6600,2,473,21,http://p-bandai.jp/carddas/a0009/b0015/list-da20-e0/
1073,マチュ,27100,4,473,20,http://p-bandai.jp/item/item-1000254594/
1074,rg トールギス 3,1300,1,471,21,http://p-bandai.jp/item/item-1000236995/
1075,プリキュア おもちゃ 魔法使い,1300,1,471,21,http://p-bandai.jp/item/item-1000243028/
1076,ソード インパルス spec2,1300,1,471,18,http://p-bandai.jp/item/item-1000254945/
1077,ガンダム ベース オンライン,1300,1,471,61,http://p-bandai.jp/gundambase/
1078,エクシア リペア 3,1300,1,471,23,http://p-bandai.jp/item/item-1000137208/
1079,魔法使い プリキュア おもちゃ,1300,1,471,22,http://p-bandai.jp/item/item-1000243028/
1080,魔法使い プリキュア の おもちゃ,1300,1,471,22,http://p-bandai.jp/item/item-1000243028/
1081,プロトタイプ リック ディアス,1300,1,471,21,http://p-bandai.jp/item/item-1000234724/
1082,ユニオン アリーナ to love る 予約,1300,1,471,20,http://p-bandai.jp/item/item-1000250706/
1083,すみ っ コ ぐらし の ケーキ,1300,1,471,18,http://p-bandai.jp/item/item-1000216371/
1084,ブースト レイダー ガンダム,1300,1,471,34,http://p-bandai.jp/item/item-1000223169/
1085,マンダラ ガンダム hg,1300,1,471,38,http://p-bandai.jp/item/item-1000249815/
1086,ヴァグセクト,1300,1,470,22,http://p-bandai.jp/item/item-1000231674/
1087,ギャン ジークアクス,6600,2,470,38,http://p-bandai.jp/item/item-1000249505/
1088,ドラゴンボール グッズ,6600,2,470,41,http://p-bandai.jp/chara/c0005/
1089,リガズィ hg,1000,1,464,36,http://p-bandai.jp/item/item-1000125974/
1090,ベジータ 3,1000,1,464,19,http://p-bandai.jp/item/item-1000247145/
1091,アリュゼウス ガンダム,1000,1,464,29,http://p-bandai.jp/item/item-1000251778/
1092,バンダイ ガンダム,1000,1,464,41,http://p-bandai.jp/chara/c0010/
1093,ガンダム mk5,1000,1,464,19,http://p-bandai.jp/item/item-1000251329/
1094,フリーザー 乗り物,1000,1,464,44,http://p-bandai.jp/item/item-1000182645/
1095,pg フェネクス,1000,1,464,31,http://p-bandai.jp/item/item-1000246624/
1096,ストフリ mgex,1000,1,464,27,http://p-bandai.jp/item/item-1000251319/
1097,ポッピー 君,1000,1,464,23,http://p-bandai.jp/item/item-1000250615/
1098,ガンダム ステイメン,1000,1,464,37,http://p-bandai.jp/item/item-1000149846/
1099,フリーザ 乗り物,1000,1,464,34,http://p-bandai.jp/item/item-1000182645/
1100,千年 リング,1000,1,464,28,http://p-bandai.jp/item/item-1000209484/
1101,csm デンガッシャー,1000,1,464,21,http://p-bandai.jp/item/item-1000222828/
1102,ゴジラ デジモン,1000,1,464,23,http://p-bandai.jp/item/item-1000247735/
1103,シャア ヘルメット,1000,1,464,32,http://p-bandai.jp/item/item-1000233597/
1104,キングダム チェーン,1000,1,464,39,http://p-bandai.jp/item/item-1000237957/
1105,mg シャアザク,1000,1,464,31,http://p-bandai.jp/item/item-1000143587/
1106,ポルナレフ ピアス,1000,1,464,23,http://p-bandai.jp/item/item-1000254117/
1107,フリーダム ガンプラ,1000,1,464,30,http://p-bandai.jp/item/item-1000146463/
1108,グランド ライナー,1000,1,464,26,http://p-bandai.jp/item/item-1000143194/
1109,ステイメン ガンダム,1000,1,464,26,http://p-bandai.jp/item/item-1000149846/
1110,ミーティア hg,1000,1,464,29,http://p-bandai.jp/item/item-1000225726/
1111,ゾロ 阿修羅,1000,1,464,24,http://p-bandai.jp/item/item-1000236721/
1112,キュベレイ mk2,1000,1,464,27,http://p-bandai.jp/item/item-1000144403/
1113,ヤクトドーガ クェス,1000,1,464,37,http://p-bandai.jp/item/item-1000225938/
1114,ポタラ ピアス,1000,1,464,28,http://p-bandai.jp/item/item-1000208427/
1115,シンマツナガ ザク,1000,1,464,21,http://p-bandai.jp/item/item-1000171834/
1116,ガンダム リントヴルム,1000,1,464,20,http://p-bandai.jp/item/item-1000166766/
1117,rg フェネクス,1000,1,464,29,http://p-bandai.jp/item/item-1000250440/
1118,カルバリー テンプル,1000,1,464,20,http://p-bandai.jp/item/item-1000229771/
1119,ガンダム バンダイ,1000,1,464,58,http://p-bandai.jp/chara/c0010/
1120,hg ミーティア,1000,1,464,34,http://p-bandai.jp/item/item-1000225726/
1121,バーザム 2,1000,1,464,33,http://p-bandai.jp/item/item-1000228118/
1122,ガンダム ガンプラ,1000,1,464,54,http://p-bandai.jp/brand/b0001/
1123,nba ワンピース,1000,1,464,20,http://p-bandai.jp/chara/c2991/
1124,bandaiキャンディ,33100,5,463,48,http://p-bandai.jp/candytoy/
1125,ゴーカイジャー,40500,4,463,31,http://p-bandai.jp/chara/c0037/
1126,バンダイナムコ,110000,5,462,70,http://p-bandai.jp/
1127,ガンプラ 再販 8 月,14800,4,460,16,http://p-bandai.jp/hobby/a0001/list-da20-n1/
1128,レッドフレーム改,1000,1,456,34,http://p-bandai.jp/item/item-1000136421/
1129,rgデスティニー,1000,1,456,20,http://p-bandai.jp/item/item-1000250402/
1130,超ゴジラ,1300,1,456,26,http://p-bandai.jp/item/item-1000215213/
1131,量産型百式改,1000,1,456,37,http://p-bandai.jp/hobby/special-1000005184/
1132,プレバン仮面ライダー,1000,1,456,39,http://p-bandai.jp/chara/c0020/
1133,バンダイオンラインショップ,1000,1,456,59,http://p-bandai.jp/
1134,ケミーカード,1000,1,456,37,http://p-bandai.jp/item/item-1000246043/
1135,mgクロスボーンガンダム,1000,1,456,20,http://p-bandai.jp/item/item-1000149852/
1136,プリキュアケーキクリスマス,1000,1,456,23,http://p-bandai.jp/item/item-1000235629/
1137,真骨彫カイザ,1000,1,456,21,http://p-bandai.jp/item/item-1000238466/
1138,csmオーズドライバー,1300,1,456,25,http://p-bandai.jp/item/item-1000213953/
1139,ガンダムサンドロック改,1000,1,456,40,http://p-bandai.jp/item/item-1000252262/
1140,ララァ専用モビルアーマー,1300,1,456,27,http://p-bandai.jp/item/item-1000234990/
1141,hgucリゼル,1000,1,456,33,http://p-bandai.jp/item/item-1000249350/
1142,デジタルモンスターcolor,1000,1,456,21,http://p-bandai.jp/item/item-1000213984/
1143,ガンダムキーホルダー,1000,1,456,22,http://p-bandai.jp/item/item-1000215821/
1144,ドラグナープラモデル,1000,1,456,21,http://p-bandai.jp/item/item-1000251830/
1145,csmオルタリング,1300,1,456,26,http://p-bandai.jp/item/item-1000197872/
1146,ザイアスペック,1300,1,456,21,http://p-bandai.jp/item/item-1000145486/
1147,アドバンスドヘイズル,1000,1,456,35,http://p-bandai.jp/item/item-1000239962/
1148,天零頑駄無,1000,1,456,21,http://p-bandai.jp/item/item-1000253780/
1149,クリスマスプリキュアケーキ,1000,1,456,23,http://p-bandai.jp/item/item-1000235629/
1150,sdガンダム外伝,1300,1,456,40,http://p-bandai.jp/item/item-1000253941/
1151,mgジムキャノン,1000,1,456,35,http://p-bandai.jp/item/item-1000219873/
1152,リンクルステッキ,1000,1,456,22,http://p-bandai.jp/item/item-1000243028/
1153,タイムシャドウ,1000,1,456,23,http://p-bandai.jp/item/item-1000239890/
1154,セーラームーンおもちゃ,1000,1,456,27,http://p-bandai.jp/chara/c0468/
1155,水中型ガンダム,1000,1,456,40,http://p-bandai.jp/item/item-1000189954/
1156,ジェスタキャノンmg,1000,1,456,30,http://p-bandai.jp/item/item-1000242049/
1157,シャアヘルメット,1000,1,456,32,http://p-bandai.jp/item/item-1000233597/
1158,ブーストレイダーガンダム,1300,1,456,20,http://p-bandai.jp/item/item-1000223169/
1159,レッドライダー,1000,1,456,18,http://p-bandai.jp/item/item-1000177387/
1160,プレミアムバンダイ仮面ライダー,1000,1,456,38,http://p-bandai.jp/chara/c0020/
1161,ガンダムwスノーホワイト,1300,1,456,25,http://p-bandai.jp/item/item-1000168313/
1162,vsチェンジャー,1000,1,456,25,http://p-bandai.jp/item/item-1000141666/
1163,ガンプラ総選挙2025,1000,1,456,39,http://p-bandai.jp/hobby/sousenkyo2025/
1164,超合金,9900,2,454,41,http://p-bandai.jp/brand/b0041/
1165,仮面ライダーギルス,9900,2,454,35,http://p-bandai.jp/item/item-1000249056/
1166,スコープドッグ,9900,2,454,27,http://p-bandai.jp/item/item-1000248465/
1167,アイカツカード,27100,4,448,23,http://p-bandai.jp/item/item-1000249872/
1168,ザク,33100,5,446,32,http://p-bandai.jp/item/item-1000150451/
1169,仮面ライダーw,33100,5,446,33,http://p-bandai.jp/chara/c0025/
1170,仮面ライダーダブル,33100,5,446,35,http://p-bandai.jp/chara/c0025/
1171,rx 93,1300,1,445,26,http://p-bandai.jp/item/item-1000251379/
1172,バンダイ キャンディ,33100,5,443,47,http://p-bandai.jp/candytoy/
1173,ワンピース ロー,18100,3,442,22,http://p-bandai.jp/item/item-1000228389/
1174,mg トールギス3,1300,1,439,32,http://p-bandai.jp/item/item-1000148245/
1175,rg トールギス3,1300,1,439,24,http://p-bandai.jp/item/item-1000236995/
1176,mg sガンダム,1300,1,439,37,http://p-bandai.jp/item/item-1000242860/
1177,csm オルタリング,1300,1,439,26,http://p-bandai.jp/item/item-1000197872/
1178,ターンエーガンダム 月光蝶,1300,1,439,39,http://p-bandai.jp/item/item-1000239902/
1179,シャリア ブル,33100,4,439,40,http://p-bandai.jp/item/item-1000250583/
1180,仮面ライダー ゴースト,40500,4,436,28,http://p-bandai.jp/item/item-1000246080/
1181,仮面 ライダー ゴースト,40500,4,436,34,http://p-bandai.jp/chara/c2326/
1182,神の島の冒険 予約,880,1,434,19,http://p-bandai.jp/item/item-1000254608/
1183,hg ガンダムヴィダール,880,1,434,40,http://p-bandai.jp/item/item-1000139373/
1184,リアルマッコイ ドラゴンボール,880,1,434,20,http://p-bandai.jp/item/item-1000248652/
1185,ワンピース プレミアムバンダイ,880,1,434,19,http://p-bandai.jp/chara/c0023/
1186,ドラゴンボール ロゴフィギュア,880,1,434,24,http://p-bandai.jp/item/item-1000218040/
1187,ワンピース フィギュアルフィ,880,1,434,22,http://p-bandai.jp/item/item-1000247345/
1188,ジャイロ クマちゃん,880,1,434,21,http://p-bandai.jp/item/item-1000251048/
1189,るかっぷ 銀魂,880,1,434,19,http://p-bandai.jp/item/item-1000247300/
1190,ガンダムバルバトス hg,880,1,434,23,http://p-bandai.jp/item/item-1000249943/
1191,プレミアムバンダイ ワンピース,880,1,434,20,http://p-bandai.jp/brand/b0061/
1192,mg サンドロック,880,1,434,18,http://p-bandai.jp/item/item-1000155073/
1193,真骨彫 カイザ,880,1,434,19,http://p-bandai.jp/item/item-1000238466/
1194,ゼータプラス hg,880,1,434,28,http://p-bandai.jp/item/item-1000146460/
1195,ブラストインパルス spec2,880,1,434,27,http://p-bandai.jp/item/item-1000227840/
1196,グリムジョー,14800,2,433,20,http://p-bandai.jp/item/item-1000250552/
1197,ワンピースのエース,14800,2,433,23,http://p-bandai.jp/item/item-1000248666/
1198,プレバン ガンプラ 再販,1000,1,432,28,http://p-bandai.jp/hobby/a0001/list-da20-n1/
1199,キュアモ,880,1,430,22,http://p-bandai.jp/item/item-1000238728/
1200,刺繍缶バッジディズニー,6600,2,429,24,http://p-bandai.jp/item/item-1000246675/
1201,ガンダムバルバトスルプスレクス,6600,2,429,37,http://p-bandai.jp/item/item-1000139379/
1202,謎のモビルスーツ,6600,2,429,22,http://p-bandai.jp/item/item-1000150155/
1203,プレミアムバンダイアクセスできない,6600,2,429,23,http://p-bandai.jp/contents/sorry_info03/
1204,ドラグーンストライク,6600,2,429,28,http://p-bandai.jp/item/item-1000236574/
1205,ラストシューティング,6600,2,429,28,http://p-bandai.jp/item/item-1000249763/
1206,ディスティニー ガンダム spec2,1300,1,427,31,http://p-bandai.jp/item/item-1000244468/
1207,ガンダム ヘビーアームズ 改,1300,1,427,25,http://p-bandai.jp/item/item-1000152635/
1208,仮面 ライダー ゴースト の ベルト,1300,1,427,25,http://p-bandai.jp/item/item-1000246080/
1209,ガンダム 8 号機,1300,1,427,25,http://p-bandai.jp/item/item-1000125916/
1210,バルテウス 食 玩,1300,1,427,39,http://p-bandai.jp/item/item-1000253318/
1211,僕 の ヒーロー アカデミア ロゴ,1300,1,427,20,http://p-bandai.jp/item/item-1000251311/
1212,ドラゴンボール カード,33100,5,427,42,http://p-bandai.jp/item/item-1000252480/
1213,プリキュア 魔法使い おもちゃ,1300,1,427,24,http://p-bandai.jp/item/item-1000243028/
1214,トールギス 3 mg,1300,1,427,39,http://p-bandai.jp/item/item-1000148245/
1215,ワンピース カード バンダイ,1300,1,427,20,http://p-bandai.jp/brand/b0061/
1216,仮面 ライダー ゴースト ベルト,1300,1,427,25,http://p-bandai.jp/item/item-1000246080/
1217,煉獄 さん 刀,1300,1,427,29,http://p-bandai.jp/item/item-1000245933/
1218,キングダム ハーツ キー ブレード,1300,1,427,24,http://p-bandai.jp/item/item-1000237957/
1219,ゲルググ ウェル テクス,1300,1,427,22,http://p-bandai.jp/item/item-1000161099/
1220,ガリュー デカ リバー,1300,1,427,23,http://p-bandai.jp/item/item-1000241668/
1221,gn フラッグ hg,1300,1,427,19,http://p-bandai.jp/item/item-1000244405/
1222,すみっこ ぐらし ケーキ,1300,1,427,21,http://p-bandai.jp/item/item-1000216371/
1223,光る パジャマ 大人,1300,1,427,21,http://p-bandai.jp/apparel/otonahikaru/
1224,csm オルタ リング,1300,1,427,25,http://p-bandai.jp/item/item-1000197872/
1225,hg ガンダム x,1300,1,427,31,http://p-bandai.jp/item/item-1000188738/
1226,仮面 ライダー ダブル ベルト,1300,1,427,27,http://p-bandai.jp/item/item-1000220749/
1227,ベジータ3,1000,1,425,18,http://p-bandai.jp/item/item-1000247145/
1228,アストレイミラージュフレーム,1000,1,425,19,http://p-bandai.jp/item/item-1000238021/
1229,フリーザ乗り物,1000,1,425,43,http://p-bandai.jp/item/item-1000182645/
1230,ブレイズザクファントム,1000,1,425,20,http://p-bandai.jp/item/item-1000253701/
1231,ガンダムのガンプラ,1000,1,425,60,http://p-bandai.jp/brand/b0001/
1232,クラピカのピアス,1000,1,425,26,http://p-bandai.jp/item/item-1000239003/
1233,ウイングガンダムスノーホワイトプレリュード,1000,1,425,21,http://p-bandai.jp/item/item-1000205704/
1234,時透無一郎日輪刀,1000,1,425,23,http://p-bandai.jp/item/item-1000192249/
1235,ワンピースカードプレイマット,1000,1,425,18,http://p-bandai.jp/item/item-1000247483/
1236,プリキュアのクリスマスケーキ,1000,1,425,23,http://p-bandai.jp/item/item-1000235629/
1237,zガンダム3号機p2型,1000,1,425,22,http://p-bandai.jp/item/item-1000142005/
1238,ファイズギアcsm,1000,1,425,25,http://p-bandai.jp/item/item-1000190185/
1239,クロスボーンガンダムx1フルクロス,1000,1,425,29,http://p-bandai.jp/item/item-1000187229/
1240,ホワイトライダー,1000,1,425,18,http://p-bandai.jp/item/item-1000168448/
1241,ファイズエッジ,1000,1,425,26,http://p-bandai.jp/item/item-1000213959/
1242,ミーティアhg,1000,1,425,29,http://p-bandai.jp/item/item-1000225726/
1243,hgミーティア,1000,1,425,34,http://p-bandai.jp/item/item-1000225726/
1244,仮面ライダーメタルビルド,1000,1,425,31,http://p-bandai.jp/item/item-1000221145/
1245,ジョジョ財布,1000,1,425,22,http://p-bandai.jp/item/item-1000252607/
1246,セーラームーンのおもちゃ,1000,1,425,21,http://p-bandai.jp/chara/c0468/
1247,アクションベース5,1000,1,425,36,http://p-bandai.jp/item/item-1000121221/
1248,フリーザー乗り物,1000,1,425,42,http://p-bandai.jp/item/item-1000182645/
1249,ドワッジ改,1000,1,425,28,http://p-bandai.jp/item/item-1000219112/
1250,たまごっち購入方法,1000,1,425,40,http://p-bandai.jp/chara/c0002/
1251,ガンダムレオパルドデストロイ,1000,1,425,21,http://p-bandai.jp/item/item-1000251143/
1252,プレミアムカードコレクション,1000,1,425,13,http://p-bandai.jp/item/item-1000248311/
1253,グランドライナー,1000,1,425,24,http://p-bandai.jp/item/item-1000143194/
1254,シンケンジャーおもちゃ,1000,1,425,25,http://p-bandai.jp/item/item-1000233403/
1255,善逸の刀,1000,1,425,22,http://p-bandai.jp/item/item-1000245934/
1256,dガンダムセカンド,1000,1,425,19,http://p-bandai.jp/item/item-1000255629/
1257,シンマツナガザク,1000,1,425,21,http://p-bandai.jp/item/item-1000171834/
1258,ユニオンフラッグカスタム,1000,1,425,32,http://p-bandai.jp/item/item-1000244405/
1259,ブイレックスロボ,1000,1,425,27,http://p-bandai.jp/item/item-1000240817/
1260,バルカンブレス,1000,1,425,24,http://p-bandai.jp/item/item-1000241671/
1261,mgゲルググ,1000,1,425,22,http://p-bandai.jp/item/item-1000253877/
1262,csmロストドライバーver2,1000,1,425,26,http://p-bandai.jp/item/item-1000231202/
1263,ガンダムアストレイレッドドラゴン,1000,1,425,22,http://p-bandai.jp/item/item-1000249108/
1264,ビクトリーロボ,1000,1,425,22,http://p-bandai.jp/item/item-1000213746/
1265,ガンダムステイメン,1000,1,425,28,http://p-bandai.jp/item/item-1000149846/
1266,rgデスティニーインパルス,1000,1,425,23,http://p-bandai.jp/item/item-1000231768/
1267,nbaワンピース,1000,1,425,19,http://p-bandai.jp/chara/c2991/
1268,アイカツルミナス,1000,1,425,35,http://p-bandai.jp/item/item-1000186902/
1269,ガンダムmk5,1000,1,425,29,http://p-bandai.jp/item/item-1000253221/
1270,ガンダムアスクレプオス,1000,1,425,20,http://p-bandai.jp/hobby/special-1000013503/
1271,ジムナイトシーカー,1000,1,425,23,http://p-bandai.jp/item/item-1000215264/
1272,仮面ライダーガヴゴチゾウ,1000,1,425,27,http://p-bandai.jp/item/item-1000251232/
1273,ワンピースプレミアムカードコレクション,1000,1,425,13,http://p-bandai.jp/item/item-1000248311/
1274,ザクデザートタイプ,1000,1,425,28,http://p-bandai.jp/item/item-1000253894/
1275,バーザム2,1000,1,425,21,http://p-bandai.jp/item/item-1000228118/
1276,スーパーアスラーダ,1000,1,425,37,http://p-bandai.jp/item/item-1000227986/
1277,ボアハンコックフィギュア,1000,1,425,30,http://p-bandai.jp/item/item-1000163017/
1278,リゼル隊長機,1000,1,425,27,http://p-bandai.jp/item/item-1000246707/
1279,可動式フィギュア,1000,1,425,21,http://p-bandai.jp/category/0036/00360001/
1280,シャアのヘルメット,1000,1,425,27,http://p-bandai.jp/item/item-1000233597/
1281,デザートタイプザク,1000,1,425,21,http://p-bandai.jp/item/item-1000253894/
1282,3ベジータ,1000,1,425,16,http://p-bandai.jp/item/item-1000247145/
1283,mgシャアザク,1000,1,425,31,http://p-bandai.jp/item/item-1000143587/
1284,合体13号,1000,1,425,21,http://p-bandai.jp/item/item-1000243681/
1285,ホビーサイト,6600,2,425,65,http://p-bandai.jp/hobby/
1286,ゼータプラスc1,1000,1,425,20,http://p-bandai.jp/item/item-1000196788/
1287,pgフェネクス,1000,1,425,31,http://p-bandai.jp/item/item-1000246624/
1288,スーパーサイヤ人4ダイマ,1000,1,425,21,http://p-bandai.jp/item/item-1000245530/
1289,ドラグナー1,1000,1,425,32,http://p-bandai.jp/item/item-1000252339/
1290,キングダムチェーン,1000,1,425,39,http://p-bandai.jp/item/item-1000237957/
1291,ブラックライダー,1000,1,425,20,http://p-bandai.jp/item/item-1000168449/
1292,csmファイズギア,1000,1,425,25,http://p-bandai.jp/item/item-1000190185/
1293,ガンダムシールド,1000,1,425,37,http://p-bandai.jp/item/item-1000229029/
1294,csmデンガッシャー,1000,1,425,20,http://p-bandai.jp/item/item-1000222828/
1295,千年リング,1000,1,425,37,http://p-bandai.jp/item/item-1000209484/
1296,乙骨憂太指輪,1000,1,425,25,http://p-bandai.jp/item/item-1000254465/
1297,プリキュアクリスマスケーキ,1000,1,425,23,http://p-bandai.jp/item/item-1000235629/
1298,スレイヴレイス,1000,1,425,26,http://p-bandai.jp/item/item-1000142970/
1299,レッドゼータ,1000,1,425,19,http://p-bandai.jp/item/item-1000142005/
1300,デジタルモンスター,8100,2,424,43,http://p-bandai.jp/chara/c2168/
1301,ダンバイン mg,880,1,423,19,http://p-bandai.jp/item/item-1000230039/
1302,ジ エンペラー,880,1,423,20,http://p-bandai.jp/item/item-1000252874/
1303,カイザーベリアル,1600,1,422,26,http://p-bandai.jp/item/item-1000236680/
1304,仮面ライダー カブト,60500,5,422,33,http://p-bandai.jp/chara/c1473/
1305,ガンプラ 9 月再販,14800,4,422,15,http://p-bandai.jp/hobby/a0022/list-da20-n0/
1306,ハヤタ隊員,1600,1,422,30,http://p-bandai.jp/item/item-1000251049/
1307,ガンプラ 8月 再販,14800,4,422,20,http://p-bandai.jp/hobby/a0001/list-da20-n1/
1308,ミレニアムファルコン,8100,2,421,38,http://p-bandai.jp/item/item-1000253809/
1309,ガンダムウイングゼロカスタム,8100,2,421,43,http://p-bandai.jp/item/item-1000241012/
1310,ウタ フィギュア,880,1,420,22,http://p-bandai.jp/item/item-1000237010/
1311,hguc サザビー,880,1,420,30,http://p-bandai.jp/item/item-1000092241/
1312,アストレイ ノワール,880,1,420,20,http://p-bandai.jp/item/item-1000105795/
1313,ボンゴレ ボックス,880,1,420,26,http://p-bandai.jp/item/item-1000194053/
1314,トールギス iii,880,1,420,35,http://p-bandai.jp/item/item-1000236995/
1315,バンダイ ビルバイン,880,1,420,17,http://p-bandai.jp/hobby/special-1000018190/
1316,カビゴン クッション,880,1,420,24,http://p-bandai.jp/item/item-1000192196/
1317,ギャプラン フライルー,880,1,420,37,http://p-bandai.jp/hobby/special-1000016486/
1318,花京院 サングラス,880,1,420,23,http://p-bandai.jp/item/item-1000253431/
1319,テガソード メモリアル,880,1,420,23,http://p-bandai.jp/item/item-1000249931/
1320,グリム ジョー,14800,2,417,21,http://p-bandai.jp/item/item-1000250552/
1321,フィギュアワンピース,40500,5,417,42,http://p-bandai.jp/chara/c0023/
1322,ドラゴンボール ビジュアル アドベンチャー プレミアム セット vol2,1000,1,416,22,http://p-bandai.jp/item/item-1000253331/
1323,ガンプラ 総選挙 2025,1000,1,416,39,http://p-bandai.jp/hobby/sousenkyo2025/
1324,バンダイ オンライン ショップ,1000,1,416,67,http://p-bandai.jp/
1325,ワンピースカード 受け継がれる意志 予約,1000,1,416,18,http://p-bandai.jp/item/item-1000248929/
1326,赤いガンダム ビット 6個,1000,1,416,20,http://p-bandai.jp/item/item-1000248682/
1327,rg サザビー スペシャルコーティング,1000,1,416,25,http://p-bandai.jp/item/item-1000245486/
1328,ストライクフリーダム 弐式 hg,1000,1,416,20,http://p-bandai.jp/item/item-1000244538/
1329,プレバン ガンプラ 予約,1000,1,416,19,http://p-bandai.jp/hobby/a0001/list-da20-n1/
1330,スタークジェガンmg,1000,1,415,20,http://p-bandai.jp/item/item-1000254474/
1331,ウエハース,40500,5,413,27,http://p-bandai.jp/category/0019/00190006/
1332,mg シャア専用ザク,1000,1,412,30,http://p-bandai.jp/item/item-1000143587/
1333,プリキュア5 変身アイテム,1000,1,412,21,http://p-bandai.jp/item/item-1000234055/
1334,rgサザビー スペシャルコーティング,1000,1,412,20,http://p-bandai.jp/item/item-1000245486/
1335,呪術高専 制服,1000,1,412,25,http://p-bandai.jp/item/item-1000218312/
1336,ガンダムアストレイ レッドドラゴン,1000,1,412,25,http://p-bandai.jp/item/item-1000249108/
1337,ウイングガンダム スノーホワイトプレリュード,1000,1,412,21,http://p-bandai.jp/item/item-1000205704/
1338,リゼル 隊長機,1000,1,412,20,http://p-bandai.jp/item/item-1000246707/
1339,アストレイ ブルーフレーム,1000,1,412,24,http://p-bandai.jp/item/item-1000142403/
1340,ボアハンコック フィギュア,1000,1,412,23,http://p-bandai.jp/item/item-1000163017/
1341,善 逸の刀,1000,1,412,24,http://p-bandai.jp/item/item-1000245934/
1342,仮面ライダー メタルビルド,1000,1,412,31,http://p-bandai.jp/item/item-1000221145/
1343,mg ゴッドガンダム,1000,1,412,21,http://p-bandai.jp/item/item-1000139077/
1344,hg ドラゴンガンダム,1000,1,412,22,http://p-bandai.jp/item/item-1000234372/
1345,ガンダム リアルタイプ,1000,1,412,28,http://p-bandai.jp/item/item-1000250953/
1346,ハンターハンター パスケース,1000,1,412,26,http://p-bandai.jp/item/item-1000252174/
1347,リゼル ディフェンサーbユニット,1000,1,412,14,http://p-bandai.jp/item/item-1000249350/
1348,もちもちの木 tシャツ,1000,1,412,22,http://p-bandai.jp/item/item-1000254094/
1349,ゼータプラス c1,1000,1,412,22,http://p-bandai.jp/item/item-1000171433/
1350,時透無一郎 日輪刀,1000,1,412,24,http://p-bandai.jp/item/item-1000192249/
1351,proplica 日輪刀,1000,1,412,30,http://p-bandai.jp/tamashiiwebshouten/a0013/b0051/
1352,乙骨 指輪,1000,1,412,26,http://p-bandai.jp/item/item-1000254465/
1353,リアルタイプ ガンダム,1000,1,412,31,http://p-bandai.jp/item/item-1000250953/
1354,hg デスサイズヘル,1000,1,412,20,http://p-bandai.jp/item/item-1000192733/
1355,ロストドライバー ver2,1000,1,412,26,http://p-bandai.jp/item/item-1000231202/
1356,ワンピースカード 3周年,1000,1,412,24,http://p-bandai.jp/item/item-1000249930/
1357,ゴジュウジャー テガソード,1000,1,412,26,http://p-bandai.jp/item/item-1000249931/
1358,デジタルモンスター color,1000,1,412,21,http://p-bandai.jp/item/item-1000213984/
1359,乙骨憂太 指輪,1000,1,412,23,http://p-bandai.jp/item/item-1000254465/
1360,csmファイズ ギア,1000,1,412,26,http://p-bandai.jp/item/item-1000190185/
1361,プレバン 仮面ライダー,1000,1,412,38,http://p-bandai.jp/chara/c0020/
1362,rg デスティニーインパルス,1000,1,412,24,http://p-bandai.jp/item/item-1000231768/
1363,遊戯王 デュエルディスク,1000,1,412,40,http://p-bandai.jp/item/item-1000133522/
1364,ジェスタキャノン mg,1000,1,412,25,http://p-bandai.jp/item/item-1000242049/
1365,キャリバーン hg,1000,1,412,36,http://p-bandai.jp/item/item-1000195884/
1366,ハンターハンター ハンターライセンス,1000,1,412,26,http://p-bandai.jp/item/item-1000254497/
1367,呪術高専 せいふく,1000,1,412,22,http://p-bandai.jp/item/item-1000218313/
1368,ハンターライセンス icカード,1000,1,412,26,http://p-bandai.jp/item/item-1000252174/
1369,ラクスクライン フィギュア,1000,1,412,21,http://p-bandai.jp/item/item-1000228367/
1370,ウルトラマン ギンガビクトリー,1000,1,412,26,http://p-bandai.jp/item/item-1000254010/
1371,ガンダム メタルビルド,1000,1,412,40,http://p-bandai.jp/tamashiiwebshouten/a0013/b0050/
1372,仮面ライダーカブト ベルト,1000,1,412,22,http://p-bandai.jp/item/item-1000213951/
1373,mgex ストライクフリーダムガンダム,1000,1,412,31,http://p-bandai.jp/item/item-1000251319/
1374,たまごっち 購入方法,1000,1,412,40,http://p-bandai.jp/chara/c0002/
1375,ゴッドガンダム メタルビルド,1000,1,412,21,http://p-bandai.jp/item/item-1000228161/
1376,プリキュア 光るパジャマ,1000,1,412,21,http://p-bandai.jp/apparel/hikarucp/
1377,天上院明日香 フィギュア,1000,1,412,23,http://p-bandai.jp/item/item-1000140029/
1378,ザク デザートタイプ,1000,1,412,28,http://p-bandai.jp/item/item-1000253894/
1379,宿儺の指 チョコレート,1000,1,412,24,http://p-bandai.jp/item/item-1000162853/
1380,mg ジムキャノン,1000,1,412,35,http://p-bandai.jp/item/item-1000219873/
1381,プレバン ガンプラ再販,1000,1,412,21,http://p-bandai.jp/hobby/a0001/list-da20-n3/
1382,dガンダム セカンド,1000,1,412,28,http://p-bandai.jp/item/item-1000249107/
1383,セーラームーン のおもちゃ,1000,1,412,23,http://p-bandai.jp/chara/c0468/
1384,ダブルゼータ hg,1000,1,412,31,http://p-bandai.jp/item/item-1000149831/
1385,rg レッドドラゴン,1000,1,412,18,http://p-bandai.jp/item/item-1000249108/
1386,ジムキャノン mg,1000,1,412,34,http://p-bandai.jp/item/item-1000219873/
1387,プレバン アクセスできない,1000,1,412,19,http://p-bandai.jp/contents/sorry_info03/
1388,なんか小さくて可愛いやつ,33100,4,410,27,http://p-bandai.jp/item/item-1000203062/
1389,シャアザク,6600,2,410,39,http://p-bandai.jp/item/item-1000150451/
1390,ヒュッケバイン ボクサー,880,1,404,21,http://p-bandai.jp/item/item-1000247387/
1391,ロビン フィギュア,880,1,404,21,http://p-bandai.jp/item/item-1000238389/
1392,ブチャラティ,74000,7,403,35,http://p-bandai.jp/item/item-1000254109/
1393,光る プリキュア パジャマ,1000,1,402,22,http://p-bandai.jp/apparel/hikarucp/
1394,ワンピース nba フィギュア,1000,1,402,19,http://p-bandai.jp/chara/c2991/
1395,メタル ロボット 魂 デスティニー,1000,1,402,36,http://p-bandai.jp/item/item-1000208813/
1396,mg ジェスタ キャノン,1000,1,402,30,http://p-bandai.jp/item/item-1000242049/
1397,プリキュア ケーキ クリスマス,1000,1,402,23,http://p-bandai.jp/item/item-1000235629/
1398,天上 院 明日香 フィギュア,1000,1,402,23,http://p-bandai.jp/item/item-1000140029/
1399,クロス ボーン ガンダム x0,1000,1,402,20,http://p-bandai.jp/item/item-1000175297/
1400,ワンピース ルフィ フィギュア,1000,1,402,20,http://p-bandai.jp/item/item-1000247345/
1401,ブイ レックス ロボ,1000,1,402,27,http://p-bandai.jp/item/item-1000240817/
1402,クリスマス プリキュア ケーキ,1000,1,402,23,http://p-bandai.jp/item/item-1000235629/
1403,仮面 ライダー プレバン,1000,1,402,40,http://p-bandai.jp/chara/c0020/
1404,モンスター アーツ デストロイ ア,1000,1,402,21,http://p-bandai.jp/item/item-1000234415/
1405,ロボット 魂 クスィー,1000,1,402,21,http://p-bandai.jp/item/item-1000241480/
1406,クリスマス ケーキ プリキュア,1000,1,402,23,http://p-bandai.jp/item/item-1000235629/
1407,バンダイ プレミアム 仮面 ライダー,1000,1,402,24,http://p-bandai.jp/chara/c0020/
1408,ヘビーアームズ 改 ew,1000,1,402,21,http://p-bandai.jp/item/item-1000255590/
1409,プレバン 仮面 ライダー,1000,1,402,39,http://p-bandai.jp/chara/c0020/
1410,シン ケンジャー おもちゃ,1000,1,402,25,http://p-bandai.jp/item/item-1000233403/
1411,プレミアム バンダイ クーポン,1300,1,401,28,http://p-bandai.jp/menu/eventtop/page-list-cp0/
1412,ブラック大 獣 神,1300,1,401,24,http://p-bandai.jp/item/item-1000227222/
1413,ゴースト 仮面ライダー ベルト,1300,1,401,34,http://p-bandai.jp/item/item-1000246080/
1414,アメイジングミ ゴチ ゾウ,1300,1,401,24,http://p-bandai.jp/item/item-1000232719/
1415,仮面ライダー ヴァレン パルフェモード,1300,1,401,24,http://p-bandai.jp/item/item-1000236299/
1416,たまごっち チョコブロックシール 予約,1300,1,401,26,http://p-bandai.jp/item/item-1000240588/
1417,mg ガンダムage 2,1300,1,401,20,http://p-bandai.jp/item/item-1000248930/
1418,ハートキャッチプリキュア 変身 アイテム,1300,1,401,22,http://p-bandai.jp/item/item-1000249994/
1419,mgsd デスティニーガンダム 再販,1300,1,401,21,http://p-bandai.jp/item/item-1000247191/
1420,仮面ライダー ゴースト ベルト,1300,1,401,25,http://p-bandai.jp/item/item-1000246080/
1421,ワンピースカード 新たなる皇帝 再販,1300,1,401,22,http://p-bandai.jp/item/item-1000221028/
1422,仮面ライダーゴースト の ベルト,1300,1,401,25,http://p-bandai.jp/item/item-1000246080/
1423,鬼 滅 の刃 たまごっち,1300,1,401,25,http://p-bandai.jp/item/item-1000167363/
1424,ジュエリーボニー,18100,3,399,24,http://p-bandai.jp/item/item-1000245737/
1425,アイカツプリパラ,18100,3,399,38,http://p-bandai.jp/item/item-1000249870/
1426,ワンピースロー,18100,3,399,21,http://p-bandai.jp/item/item-1000207339/
1427,ガンダム アスク レプ オス,1000,1,397,21,http://p-bandai.jp/hobby/special-1000013503/
1428,仮面ライダーゴースト,40500,4,396,34,http://p-bandai.jp/chara/c2326/
1429,ドラゴンボールのトランクス,27100,4,392,33,http://p-bandai.jp/item/item-1000140072/
1430,アイカツスターズ グッズ,720,1,392,29,http://p-bandai.jp/aikatsu-designmart/aikatsu-style/stars/
1431,ジムスパルタン hg,720,1,392,18,http://p-bandai.jp/item/item-1000236810/
1432,グフフライトタイプ hg,720,1,392,19,http://p-bandai.jp/item/item-1000126777/
1433,受け継がれる意志 予約,720,1,392,21,http://p-bandai.jp/item/item-1000248929/
1434,ガンダムバルバトスルプスレクス hg,720,1,392,33,http://p-bandai.jp/item/item-1000139379/
1435,大猿ベジータ フィギュア,720,1,392,20,http://p-bandai.jp/item/item-1000251384/
1436,ルフィ ギア5フィギュア,720,1,392,23,http://p-bandai.jp/item/item-1000247345/
1437,mgsd デスティニーガンダム 予約,4400,2,392,22,http://p-bandai.jp/item/item-1000247191/
1438,仮面ライダー の フィギュア,4400,2,392,20,http://p-bandai.jp/tamashiiwebshouten/a0014/b0001/
1439,ガンダムヘビーアームズ改 ew,720,1,392,35,http://p-bandai.jp/item/item-1000152635/
1440,hgズゴック seed,720,1,392,38,http://p-bandai.jp/item/item-1000226930/
1441,仮面ライダー ベルト,12100,4,389,25,http://p-bandai.jp/brand/b0008/
1442,バンダイ ナムコ i d,74000,7,386,21,http://p-bandai.jp/newregist_pre_bnid
1443,バンダイ ナムコ id,74000,7,384,21,http://p-bandai.jp/newregist_pre_bnid
1444,クロスボーンガンダム x0,880,1,384,20,http://p-bandai.jp/item/item-1000175297/
1445,煉獄杏寿郎 日輪刀,880,1,384,27,http://p-bandai.jp/item/item-1000245933/
1446,mg ジムコマンド,880,1,384,25,http://p-bandai.jp/item/item-1000229642/
1447,mg ガンダムエピオン,880,1,384,34,http://p-bandai.jp/item/item-1000150027/
1448,ワンピース プレミアムカードコレクション,880,1,384,14,http://p-bandai.jp/item/item-1000248311/
1449,百式改 量産型,880,1,384,25,http://p-bandai.jp/hobby/special-1000005184/
1450,獄門疆 グッズ,880,1,384,26,http://p-bandai.jp/item/item-1000199510/
1451,ハミングバード ガンダム,880,1,384,24,http://p-bandai.jp/item/item-1000109645/
1452,rg ガンダムエクシア,880,1,384,21,http://p-bandai.jp/item/item-1000250020/
1453,無一郎 日輪刀,880,1,384,23,http://p-bandai.jp/item/item-1000192249/
1454,牙狼 フィギュア,880,1,384,21,http://p-bandai.jp/item/item-1000245485/
1455,ナミ エッグヘッド,880,1,384,20,http://p-bandai.jp/item/item-1000240367/
1456,クロスボーン ガンダムx0,880,1,384,20,http://p-bandai.jp/item/item-1000175297/
1457,遊戯王 千年パズル,880,1,384,33,http://p-bandai.jp/item/item-1000183414/
1458,プレミアムバンダイ ガンプラ再販,880,1,384,19,http://p-bandai.jp/hobby/a0001/list-da20-n3/
1459,ロボット魂 クスィー,880,1,384,21,http://p-bandai.jp/item/item-1000241480/
1460,ガンダムエクシア rg,880,1,384,21,http://p-bandai.jp/item/item-1000250020/
1461,黒ひげ フィギュア,880,1,384,21,http://p-bandai.jp/zoukeio-onepiece/2024/challenger2/
1462,ガンダム ハイパー化,880,1,384,29,http://p-bandai.jp/item/item-1000239889/
1463,ドラゴンボールフュージョンワールド 予約,880,1,384,20,http://p-bandai.jp/carddas/a0008/b0003/dbscgfw/list-da20-e0/
1464,バルバトスルプスレクス ガンプラ,880,1,384,33,http://p-bandai.jp/item/item-1000139379/
1465,超サイヤ人3 ベジータ,880,1,384,19,http://p-bandai.jp/item/item-1000247145/
1466,hg デスティニーガンダムspecii,880,1,384,35,http://p-bandai.jp/item/item-1000244468/
1467,禪院直哉 ピアス,880,1,384,24,http://p-bandai.jp/item/item-1000254830/
1468,ゾロ,60500,7,383,23,http://p-bandai.jp/item/item-1000216610/
1469,トールギス,12100,3,371,31,http://p-bandai.jp/item/item-1000236968/
1470,量産 型 エヴァ,4400,2,370,24,http://p-bandai.jp/item/item-1000233058/
1471,ルフィ ギア 4,4400,2,370,33,http://p-bandai.jp/item/item-1000166746/
1472,ブラッカリィ,880,1,370,21,http://p-bandai.jp/item/item-1000246820/
1473,hggirls,880,1,370,13,http://p-bandai.jp/gashadepa/series/a012/
1474,刀剣 乱舞 グッズ,4400,2,370,41,http://p-bandai.jp/chara/c2327/
1475,やん ぐ みみっち,4400,2,370,23,http://p-bandai.jp/item/item-1000248690/
1476,csm戦極ドライバー,1000,1,369,22,http://p-bandai.jp/item/item-1000170439/
1477,mgフェネクス,1000,1,369,21,http://p-bandai.jp/item/item-1000229531/
1478,宇髄天元日輪刀,1000,1,369,23,http://p-bandai.jp/item/item-1000169551/
1479,ガンダムヘイズル,1000,1,369,24,http://p-bandai.jp/item/item-1000230903/
1480,ガオハンター,1000,1,369,35,http://p-bandai.jp/item/item-1000245448/
1481,カードコミューン,1000,1,369,22,http://p-bandai.jp/item/item-1000238727/
1482,ワンピースヤマトフィギュア,880,1,368,21,http://p-bandai.jp/item/item-1000222521/
1483,rgレッドドラゴン,880,1,368,19,http://p-bandai.jp/item/item-1000249108/
1484,ワンピースフィギュアルフィ,880,1,368,22,http://p-bandai.jp/item/item-1000247345/
1485,クロスボーンガンダムx0,880,1,368,20,http://p-bandai.jp/item/item-1000175297/
1486,プレミアムバンダイワンピースカード,880,1,368,20,http://p-bandai.jp/brand/b0061/
1487,ダイノバックラー,880,1,368,23,http://p-bandai.jp/item/item-1000227228/
1488,ガンダムおもちゃ,880,1,368,43,http://p-bandai.jp/chara/c0010/
1489,ガンダムエアマスターバースト,880,1,368,22,http://p-bandai.jp/item/item-1000251505/
1490,タイタンソード,880,1,368,21,http://p-bandai.jp/item/item-1000177520/
1491,高機動型ゲルググ,880,1,368,23,http://p-bandai.jp/item/item-1000253875/
1492,ワドルディ,74000,7,363,38,http://p-bandai.jp/item/item-1000184472/
1493,ヘイズル ラー,880,1,360,21,http://p-bandai.jp/item/item-1000163277/
1494,luffy gear 5,1000,1,358,26,http://p-bandai.jp/item/item-1000247345/
1495,ガンダム アストレイ レッド ドラゴン,1000,1,358,22,http://p-bandai.jp/item/item-1000249108/
1496,csm ファイズ ギア,1000,1,358,26,http://p-bandai.jp/item/item-1000190185/
1497,セーラームーン の おもちゃ,1000,1,358,31,http://p-bandai.jp/chara/c0468/
1498,たまごっち 購入 方法,1000,1,358,40,http://p-bandai.jp/chara/c0002/
1499,シン マツナガ ザク,1000,1,358,20,http://p-bandai.jp/item/item-1000171834/
1500,プリキュア クリスマス ケーキ,1000,1,358,23,http://p-bandai.jp/item/item-1000235629/
1501,バルバトス ルプス hg,1000,1,358,25,http://p-bandai.jp/item/item-1000139367/
1502,ダブル ゼータ hg,1000,1,358,33,http://p-bandai.jp/item/item-1000149831/
1503,ボア ハンコック フィギュア,1000,1,358,30,http://p-bandai.jp/item/item-1000163017/
1504,バーサル ナイト ガンダム,1000,1,358,20,http://p-bandai.jp/item/item-1000243477/
1505,プリキュア 5 変身 アイテム,1000,1,358,27,http://p-bandai.jp/item/item-1000234055/
1506,ファイズ エッジ,1000,1,358,26,http://p-bandai.jp/item/item-1000213959/
1507,プリキュア 光る パジャマ,1000,1,358,21,http://p-bandai.jp/apparel/hikarucp/
1508,プレバン アクセス できない,1000,1,358,19,http://p-bandai.jp/contents/sorry_info03/
1509,プレミアム バンダイ 仮面 ライダー,1000,1,358,38,http://p-bandai.jp/chara/c0020/
1510,ククルス ドアン ザク,1000,1,358,38,http://p-bandai.jp/item/item-1000228104/
1511,ガオ ハンター,1000,1,358,25,http://p-bandai.jp/item/item-1000245448/
1512,アイ カツ ルミナス,1000,1,358,35,http://p-bandai.jp/item/item-1000186902/
1513,ユニオン フラッグ カスタム,1000,1,358,36,http://p-bandai.jp/item/item-1000244405/
1514,ガンダム ヘイズル,1000,1,358,27,http://p-bandai.jp/item/item-1000230903/
1515,ロビン エッグヘッド,720,1,357,26,http://p-bandai.jp/item/item-1000238389/
1516,ウエハースシール サイズ,720,1,357,21,http://p-bandai.jp/item/item-1000214280/
1517,mg デスサイズ,720,1,357,37,http://p-bandai.jp/item/item-1000137928/
1518,one pieceロゴ,720,1,357,22,http://p-bandai.jp/item/item-1000250956/
1519,ミレニアムファルコン プラモデル,720,1,357,20,http://p-bandai.jp/item/item-1000252183/
1520,ガンダム リアルタイプカラー,720,1,357,20,http://p-bandai.jp/item/item-1000250953/
1521,ふたりはプリキュア 変身アイテム,720,1,357,21,http://p-bandai.jp/item/item-1000226051/
1522,ウルトラマンティガ スカイタイプ,720,1,357,19,http://p-bandai.jp/item/item-1000238311/
1523,ウイングガンダム アーリータイプ,720,1,357,31,http://p-bandai.jp/item/item-1000244814/
1524,pg ペルフェクティビリティ,720,1,357,28,http://p-bandai.jp/item/item-1000246623/
1525,たまごっち どこで売ってる,720,1,357,32,http://p-bandai.jp/chara/c0002/
1526,マンダラガンダム プラモデル,720,1,357,35,http://p-bandai.jp/item/item-1000249815/
1527,ラクスクライン パイロットスーツ,720,1,357,27,http://p-bandai.jp/item/item-1000228367/
1528,仮面ライダー響鬼 バイク,720,1,357,26,http://p-bandai.jp/item/item-1000241709/
1529,仮面ライダークウガ ベルト,720,1,357,25,http://p-bandai.jp/item/item-1000247062/
1530,しのぶの 刀,720,1,357,26,http://p-bandai.jp/item/item-1000234871/
1531,ジムコマンド mg,720,1,357,28,http://p-bandai.jp/item/item-1000229642/
1532,高機動 型ケンプファー,720,1,357,22,http://p-bandai.jp/item/item-1000198234/
1533,アイカツ パスケース,720,1,357,21,http://p-bandai.jp/item/item-1000249098/
1534,トレカ,110000,8,356,41,http://p-bandai.jp/category/0028/00280001/
1535,hg エアマスター,880,1,353,21,http://p-bandai.jp/item/item-1000251505/
1536,ペイルライダー キャバルリー,880,1,353,36,http://p-bandai.jp/item/item-1000157856/
1537,ぎんじろっち たまごっち,880,1,353,25,http://p-bandai.jp/item/item-1000248701/
1538,ゴッド マキシマムマイティx,880,1,353,21,http://p-bandai.jp/item/item-1000118563/
1539,ウイングゼロ リベリオン,880,1,353,23,http://p-bandai.jp/item/item-1000227035/
1540,ガンダムtr 1,1000,1,351,32,http://p-bandai.jp/item/item-1000230903/
1541,ダーク ウルフデカリバー,1000,1,351,26,http://p-bandai.jp/item/item-1000229838/
1542,ジム ナイトシーカー,1000,1,351,23,http://p-bandai.jp/item/item-1000215264/
1543,アルトロンガンダム ew,1000,1,351,29,http://p-bandai.jp/item/item-1000249105/
1544,バンダイ ガシャポン,18100,5,351,66,http://p-bandai.jp/gashadepa/
1545,ガンダムダブルエックス hg,1000,1,351,18,http://p-bandai.jp/item/item-1000146457/
1546,ヴァイエイト メリクリウス,1000,1,351,34,http://p-bandai.jp/item/item-1000230909/
1547,csm ゲネシスドライバー,1000,1,351,23,http://p-bandai.jp/item/item-1000199324/
1548,シャイニングガンダム hg,1000,1,351,37,http://p-bandai.jp/item/item-1000139502/
1549,ガンプラ8月 再販,14800,4,349,11,http://p-bandai.jp/hobby/a0001/list-da20-n1/
1550,ガンプラ9月 再販,14800,4,349,15,http://p-bandai.jp/hobby/a0022/list-da20-n0/
1551,しずくちゃん シール,14800,4,349,20,http://p-bandai.jp/item/item-1000248738/
1552,ガンプラ再販 8月,14800,4,349,8,http://p-bandai.jp/hobby/a0001/list-da20-n3/
1553,ガンプラ 8月再販,14800,4,349,16,http://p-bandai.jp/hobby/a0001/list-da20-n1/
1554,ガンプラ 9月再販,14800,4,349,15,http://p-bandai.jp/hobby/a0022/list-da20-n0/
1555,ハサウェイ,74000,6,348,43,http://p-bandai.jp/fashion/c0004/c000412/
1556,mg トールギス 3,1300,1,344,32,http://p-bandai.jp/item/item-1000148245/
1557,デジモン,110000,8,344,69,http://p-bandai.jp/chara/0033/
1558,ドラゴンボールスーパーダイバーズ,110000,8,342,35,http://p-bandai.jp/carddas/a0023/list-da20-e0/
1559,ウマ 娘 ウエハース,6600,4,341,21,http://p-bandai.jp/item/item-1000249520/
1560,rg トールギス2,720,1,340,24,http://p-bandai.jp/item/item-1000236968/
1561,ガンダムマックスター hg,720,1,340,21,http://p-bandai.jp/item/item-1000249813/
1562,ガンダムエアマスター hg,720,1,340,27,http://p-bandai.jp/item/item-1000251505/
1563,ターンエー ガンダム 月光蝶,1300,1,337,31,http://p-bandai.jp/item/item-1000239902/
1564,ララァ スン専用 モビルアーマー,1300,1,337,23,http://p-bandai.jp/item/item-1000234990/
1565,ジョジョ ウエハース,18100,4,337,22,http://p-bandai.jp/item/item-1000238198/
1566,セニョール ピンク,18100,4,337,27,http://p-bandai.jp/item/item-1000104067/
1567,ショット ライザー,720,1,336,26,http://p-bandai.jp/item/item-1000251114/
1568,シャア 仮面,720,1,336,27,http://p-bandai.jp/item/item-1000233597/
1569,ジェガン f91,720,1,336,37,http://p-bandai.jp/item/item-1000160841/
1570,ウィザード ベルト,720,1,336,30,http://p-bandai.jp/item/item-1000250772/
1571,アイカツ バンダイ,720,1,336,29,http://p-bandai.jp/chara/c2017/
1572,シャア マスク,720,1,336,26,http://p-bandai.jp/item/item-1000233597/
1573,ギンガ スパーク,720,1,336,29,http://p-bandai.jp/item/item-1000147778/
1574,キュベレイ ファンネル,720,1,336,36,http://p-bandai.jp/item/item-1000233229/
1575,クリスマス ガンダム,720,1,336,33,http://p-bandai.jp/item/item-1000149883/
1576,たまごっち 購入,720,1,336,39,http://p-bandai.jp/chara/c0002/
1577,デジモン 紋章,720,1,336,23,http://p-bandai.jp/item/item-1000094918/
1578,age 1,720,1,336,39,http://p-bandai.jp/item/item-1000151425/
1579,onepiece ロゴ,720,1,336,24,http://p-bandai.jp/item/item-1000250956/
1580,いる かっ ち,6600,4,335,26,http://p-bandai.jp/item/item-1000238993/
1581,ジョジョ,301000,10,334,47,http://p-bandai.jp/chara/c0517/
1582,仮面ライダー ガンバレジェンズ,9900,2,334,42,http://p-bandai.jp/item/item-1000205630/
1583,ウルトラマン おもちゃ ウェブ,4400,2,333,25,http://p-bandai.jp/chara/c0012/
1584,マグアナック隊,880,1,328,20,http://p-bandai.jp/item/item-1000149528/
1585,ヒュッケバインボクサー,880,1,328,21,http://p-bandai.jp/item/item-1000247387/
1586,トールギスiii,880,1,328,35,http://p-bandai.jp/item/item-1000236995/
1587,光るパジャマプリキュア,880,1,328,26,http://p-bandai.jp/apparel/hikarucp/
1588,プレバン予約,880,1,328,41,http://p-bandai.jp/hobby/a0001/list-da20-n3/
1589,ドフラミンゴフィギュア,880,1,328,22,http://p-bandai.jp/item/item-1000237006/
1590,ハイ ニュー ガンダム メタル ロボット魂,880,1,328,41,http://p-bandai.jp/item/item-1000236630/
1591,煉獄杏寿郎日輪刀,880,1,328,27,http://p-bandai.jp/item/item-1000245933/
1592,ポルナレフピアス,880,1,328,23,http://p-bandai.jp/item/item-1000247530/
1593,牙狼フィギュア,880,1,328,21,http://p-bandai.jp/item/item-1000245485/
1594,カスタムフラッグ,880,1,328,27,http://p-bandai.jp/item/item-1000244405/
1595,mgジムコマンド,880,1,328,28,http://p-bandai.jp/item/item-1000229642/
1596,faガンダム,880,1,328,34,http://p-bandai.jp/item/item-1000251375/
1597,超サイヤ人3ベジータ,880,1,328,18,http://p-bandai.jp/item/item-1000247145/
1598,たまごっちメゾピアノ予約,880,1,328,26,http://p-bandai.jp/item/item-1000240836/
1599,ニューボンゴレリング,880,1,328,24,http://p-bandai.jp/item/item-1000243799/
1600,究極大聖剣,880,1,328,24,http://p-bandai.jp/item/item-1000162137/
1601,クロス ボーン ガンダムx0,880,1,328,23,http://p-bandai.jp/item/item-1000175297/
1602,mgバルバトス ルプス 拡張パーツ,880,1,328,29,http://p-bandai.jp/item/item-1000246286/
1603,ガンダムエピオンmg,880,1,328,27,http://p-bandai.jp/item/item-1000150027/
1604,アマゾンズドライバー,880,1,328,25,http://p-bandai.jp/item/item-1000152326/
1605,mg バルバトス ルプス 拡張パーツ,880,1,328,34,http://p-bandai.jp/item/item-1000246286/
1606,青薔薇の剣,880,1,328,25,http://p-bandai.jp/item/item-1000158855/
1607,r3 1/35 ビルバイン,880,1,328,24,http://p-bandai.jp/item/item-1000237593/
1608,ガンダム 7号機 hg,880,1,328,31,http://p-bandai.jp/item/item-1000242742/
1609,ワンピースカード王族の血統予約,880,1,328,20,http://p-bandai.jp/item/item-1000238053/
1610,hg デスティニーガンダム specii,880,1,328,38,http://p-bandai.jp/item/item-1000244468/
1611,ガンプラオンラインショップ,880,1,328,36,http://p-bandai.jp/gundambase/
1612,無一郎日輪刀,880,1,328,22,http://p-bandai.jp/item/item-1000192249/
1613,ボンゴレボックス,880,1,328,26,http://p-bandai.jp/item/item-1000194053/
1614,カードキャプターさくらステッキ,880,1,328,22,http://p-bandai.jp/item/item-1000221223/
1615,csmデンオウベルト,880,1,328,24,http://p-bandai.jp/item/item-1000226272/
1616,魂ステージ,880,1,328,22,http://p-bandai.jp/item/item-1000133007/
1617,hgガンダムバルバトスルプスレクス,720,1,327,34,http://p-bandai.jp/item/item-1000139379/
1618,オーラチェンジャー,720,1,327,23,http://p-bandai.jp/item/item-1000236477/
1619,魂商店,720,1,327,56,http://p-bandai.jp/tamashiiwebshouten/
1620,ジェガンa2型,720,1,327,20,http://p-bandai.jp/item/item-1000234694/
1621,ふたりはプリキュア変身アイテム,720,1,327,21,http://p-bandai.jp/item/item-1000226051/
1622,エアジョーダンプラモデル,720,1,327,22,http://p-bandai.jp/hobby/special-1000018330/
1623,プレミアムバンダイ 予約,4400,2,325,41,http://p-bandai.jp/hobby/a0001/list-da20-n3/
1624,刺繍 缶バッチ,4400,2,325,25,http://p-bandai.jp/item/item-1000241081/
1625,ちいかわ チョコチャーム,4400,2,325,24,http://p-bandai.jp/item/item-1000228276/
1626,ちいかわ ビスケット,4400,2,325,25,http://p-bandai.jp/item/item-1000226415/
1627,刺繍缶バッジ ディズニー,4400,2,325,22,http://p-bandai.jp/item/item-1000252383/
1628,コルニ,18100,4,325,21,http://p-bandai.jp/item/item-1000237694/
1629,バトルドーム,12100,3,323,39,http://p-bandai.jp/item/item-1000216052/
1630,人造人間19号,12100,3,323,26,http://p-bandai.jp/item/item-1000190081/
1631,ぷる ゼリー ノアール ゴチ ゾウ,880,1,321,23,http://p-bandai.jp/item/item-1000238805/
1632,コードギアス ゼロ,1300,1,318,21,http://p-bandai.jp/item/item-1000250549/
1633,仮面ライダー ビルド,60500,4,315,32,http://p-bandai.jp/chara/c2697/
1634,ニュー ボンゴレ リング,880,1,314,28,http://p-bandai.jp/item/item-1000243799/
1635,究極 大聖 剣,880,1,314,23,http://p-bandai.jp/item/item-1000162137/
1636,rg ソード インパルス spec2,880,1,314,19,http://p-bandai.jp/item/item-1000229770/
1637,鬼 滅 たまごっち,880,1,314,23,http://p-bandai.jp/item/item-1000167363/
1638,rx78 2 ガンプラ,880,1,314,24,http://p-bandai.jp/item/item-1000146462/
1639,バルバトス ガンダム hg,880,1,314,30,http://p-bandai.jp/item/item-1000249943/
1640,孫悟空 スーパー サイヤ 人 4,880,1,314,25,http://p-bandai.jp/item/item-1000245530/
1641,ドラゴンボール ロゴ フィギュア,880,1,314,21,http://p-bandai.jp/item/item-1000218040/
1642,ガンプラ rx 78 2,880,1,314,25,http://p-bandai.jp/item/item-1000146462/
1643,ウルトラマン おもちゃ,12100,4,312,23,http://p-bandai.jp/chara/c0012/
1644,コムギメルエム,12100,4,310,24,http://p-bandai.jp/item/item-1000118033/
1645,人造人間21号,12100,4,310,26,http://p-bandai.jp/item/item-1000131406/
1646,シャア専用ザク,12100,4,310,34,http://p-bandai.jp/item/item-1000150451/
1647,mg ヘビーアームズ,720,1,309,23,http://p-bandai.jp/item/item-1000218268/
1648,mg デュナメス,720,1,309,19,http://p-bandai.jp/item/item-1000248467/
1649,シャンクス pop,720,1,309,25,http://p-bandai.jp/item/item-1000242546/
1650,魂 商店,720,1,309,48,http://p-bandai.jp/tamashiiwebshouten/
1651,mg バンシィノルン,720,1,309,23,http://p-bandai.jp/item/item-1000209779/
1652,仮面ライダー,450000,11,308,58,http://p-bandai.jp/chara/c0020/
1653,デストロイ ア モンスターアーツ,1000,1,306,23,http://p-bandai.jp/item/item-1000234415/
1654,キマリ スヴィ ダール,5400,2,306,33,http://p-bandai.jp/item/item-1000139381/
1655,hg 1/144 01ガンダム,1000,1,306,26,http://p-bandai.jp/item/item-1000249825/
1656,モチモチの木 t シャツ,1000,1,306,22,http://p-bandai.jp/item/item-1000247534/
1657,乙骨 憂太 指輪,1000,1,306,25,http://p-bandai.jp/item/item-1000254465/
1658,クロス ボーン ガンダムx1フルクロス,1000,1,306,29,http://p-bandai.jp/item/item-1000187229/
1659,ハンターハンター グッズ 公式,1000,1,306,21,http://p-bandai.jp/chara/c0983/
1660,ワンピース カード 3周年,1000,1,306,17,http://p-bandai.jp/item/item-1000249930/
1661,時透 無一郎 日輪刀,1000,1,306,23,http://p-bandai.jp/item/item-1000192249/
1662,バンダイ プレミアム 仮面ライダー,1000,1,306,34,http://p-bandai.jp/chara/c0020/
1663,hg ストライクフリーダム 弐式,1000,1,306,20,http://p-bandai.jp/item/item-1000244538/
1664,プレミアムバンダイ ガンプラ 発売 予定,1000,1,306,19,http://p-bandai.jp/hobby/a0001/list-da20-n1/
1665,リゼル ディ フェンサー bユニット,1000,1,306,14,http://p-bandai.jp/item/item-1000249350/
1666,プレミアムバンダイ ガンプラ 発売予定,1000,1,306,19,http://p-bandai.jp/hobby/a0001/list-da20-n1/
1667,プリキュア 5 変身アイテム,1000,1,306,27,http://p-bandai.jp/item/item-1000234055/
1668,リゼルディフェンサー b ユニット,1000,1,306,15,http://p-bandai.jp/item/item-1000249350/
1669,g セルフ,4400,2,302,26,http://p-bandai.jp/item/item-1000251672/
1670,ニカ フィギュア,4400,2,302,24,http://p-bandai.jp/item/item-1000247345/
1671,サイコ ドーガ,4400,2,302,22,http://p-bandai.jp/item/item-1000185564/
1672,ディアルガ パルキア,4400,2,302,19,http://p-bandai.jp/item/item-1000172423/
1673,バンダイ ガンプラ,4400,2,302,54,http://p-bandai.jp/brand/b0001/
1674,たまごっち メゾピアノ,4400,2,302,22,http://p-bandai.jp/item/item-1000240836/
1675,ワンピース ミホーク,4400,2,302,27,http://p-bandai.jp/item/item-1000160971/
1676,たまごっちどこで売ってる,720,1,300,32,http://p-bandai.jp/chara/c0002/
1677,ショットライザー,720,1,300,26,http://p-bandai.jp/item/item-1000251114/
1678,ふたりはプリキュアおもちゃ,720,1,300,23,http://p-bandai.jp/item/item-1000238727/
1679,仮面ライダークウガベルト,720,1,300,25,http://p-bandai.jp/item/item-1000247062/
1680,ガンダムリアルタイプカラー,720,1,300,18,http://p-bandai.jp/item/item-1000250953/
1681,ウイングゼロスノーホワイト,720,1,300,19,http://p-bandai.jp/item/item-1000205704/
1682,mgヘビーアームズ,720,1,300,29,http://p-bandai.jp/item/item-1000218268/
1683,rgインパルス,720,1,300,25,http://p-bandai.jp/item/item-1000248109/
1684,大猿ベジータフィギュア,720,1,300,26,http://p-bandai.jp/item/item-1000251384/
1685,伊之助日輪刀,720,1,300,36,http://p-bandai.jp/item/item-1000245936/
1686,ウイングマンフィギュア,720,1,300,19,http://p-bandai.jp/item/item-1000221084/
1687,pgペルフェクティビリティ,720,1,300,30,http://p-bandai.jp/item/item-1000246623/
1688,仮面ライダークウガのベルト,720,1,300,26,http://p-bandai.jp/item/item-1000142261/
1689,egニューガンダム,720,1,300,20,http://p-bandai.jp/item/item-1000173158/
1690,ウイングガンダムアーリータイプ,720,1,300,23,http://p-bandai.jp/item/item-1000244814/
1691,hgucドライセン,880,1,300,20,http://p-bandai.jp/item/item-1000162348/
1692,高機動型ケンプファー,720,1,300,22,http://p-bandai.jp/item/item-1000198234/
1693,ザンライザー,720,1,300,27,http://p-bandai.jp/item/item-1000204533/
1694,天竜神,880,1,300,29,http://p-bandai.jp/item/item-1000139188/
1695,見習いタップ,720,1,300,24,http://p-bandai.jp/item/item-1000221217/
1696,csmディケイドライバーver2,720,1,300,23,http://p-bandai.jp/item/item-1000166869/
1697,シャアマスク,720,1,300,26,http://p-bandai.jp/item/item-1000233597/
1698,刃王剣クロスセイバー,880,1,300,24,http://p-bandai.jp/item/item-1000235118/
1699,ウエハースシールサイズ,720,1,300,20,http://p-bandai.jp/item/item-1000214280/
1700,ジークアクス,110000,8,299,44,http://p-bandai.jp/fashion/c0004/c000420/
1701,hg バルバトス ルプス レクス,880,1,298,34,http://p-bandai.jp/item/item-1000139379/
1702,仮面 ライダー ゴースト の おもちゃ,880,1,298,22,http://p-bandai.jp/item/item-1000246080/
1703,hg デスティニー ガンダム specii,880,1,298,33,http://p-bandai.jp/item/item-1000244468/
1704,mg ジム コマンド,880,1,298,25,http://p-bandai.jp/item/item-1000229642/
1705,ワンピース フィギュア ルフィ,880,1,298,22,http://p-bandai.jp/item/item-1000247345/
1706,ワンピース カード,246000,9,296,40,http://p-bandai.jp/carddas/a0009/b0016/list-da20-n2/
1707,hguc zzガンダム,720,1,293,23,http://p-bandai.jp/item/item-1000149831/
1708,hg ガンダムマックスター,720,1,293,17,http://p-bandai.jp/item/item-1000249813/
1709,hg マンダラガンダム,720,1,293,28,http://p-bandai.jp/item/item-1000249815/
1710,ウイングガンダムゼロカスタム,9900,3,290,38,http://p-bandai.jp/item/item-1000241012/
1711,ウィングガンダムゼロカスタム,9900,3,290,42,http://p-bandai.jp/item/item-1000241012/
1712,ワンピースカイドウ,9900,3,290,40,http://p-bandai.jp/item/item-1000166733/
1713,メタルロボット魂 ストライクフリーダム 弐式,720,1,286,24,http://p-bandai.jp/item/item-1000214205/
1714,鉄 華 団コンプリートセット,720,1,286,21,http://p-bandai.jp/item/item-1000246282/
1715,三千 世 界,8100,3,280,23,http://p-bandai.jp/item/item-1000163015/
1716,バンダイカレンダー,6600,4,279,42,http://p-bandai.jp/hobby/special-1000000733/
1717,ガンプラ 再販,165000,4,279,27,http://p-bandai.jp/hobby/a0001/list-da20-n1/
1718,爆豪勝己フィギュア,6600,4,279,21,http://p-bandai.jp/item/item-1000236569/
1719,学マスウエハース,6600,4,279,38,http://p-bandai.jp/item/item-1000250881/
1720,サンドワーム,8100,3,279,30,http://p-bandai.jp/item/item-1000242868/
1721,ガンダムマーク 2 ティターンズ,880,1,278,39,http://p-bandai.jp/item/item-1000144274/
1722,百式 改 量産型,880,1,278,33,http://p-bandai.jp/hobby/special-1000005184/
1723,ワンピースカード 新たなる皇帝 予約,880,1,278,22,http://p-bandai.jp/item/item-1000221028/
1724,ドラゴンボール フュージョンワールド 予約,880,1,278,18,http://p-bandai.jp/carddas/a0008/b0003/dbscgfw/list-da20-e0/
1725,カビゴン ぬいぐるみ 等身大,880,1,278,26,http://p-bandai.jp/item/item-1000110942/
1726,トッキュウジャー,60500,4,276,43,http://p-bandai.jp/chara/c2253/
1727,仮面ライダー ギルス,9900,3,276,24,http://p-bandai.jp/item/item-1000249056/
1728,デスノート ウエハース,18100,5,276,28,http://p-bandai.jp/item/item-1000238195/
1729,バルト ロメオ,18100,5,276,24,http://p-bandai.jp/item/item-1000103640/
1730,エヴァンゲリオン 4号機,6600,3,276,31,http://p-bandai.jp/hobby/special-1000014203/
1731,アクセル 仮面ライダー,6600,3,276,21,http://p-bandai.jp/press/2025/12/1000016545/
1732,デジタルモンスタ,8100,3,275,41,http://p-bandai.jp/item/item-1000213984/
1733,アストレア,8100,4,274,34,http://p-bandai.jp/item/item-1000251836/
1734,ロボット兵,4400,2,273,38,http://p-bandai.jp/item/item-1000114986/
1735,デスサイズ,4400,2,273,19,http://p-bandai.jp/item/item-1000192733/
1736,ネェルアーガマ,4400,2,273,19,http://p-bandai.jp/item/item-1000248133/
1737,ザクi,4400,2,273,36,http://p-bandai.jp/item/item-1000245134/
1738,家庭教師ヒットマンrebornグッズ,590,1,270,19,http://p-bandai.jp/chara/c2706/
1739,hgペイルライダー,590,1,270,37,http://p-bandai.jp/item/item-1000226754/
1740,アクションベース4,590,1,270,24,http://p-bandai.jp/item/item-1000121222/
1741,ユニコーンフェネクス,590,1,270,20,http://p-bandai.jp/item/item-1000250440/
1742,ビクトリー大将軍,590,1,270,23,http://p-bandai.jp/item/item-1000247718/
1743,しのぶ　日輪刀,590,1,270,24,http://p-bandai.jp/item/item-1000234871/
1744,ポリポッドボール,590,1,270,23,http://p-bandai.jp/item/item-1000246071/
1745,重装フルアーマーガンダム7号機,590,1,270,23,http://p-bandai.jp/item/item-1000147745/
1746,ゴーカイジャー変身アイテム,590,1,270,25,http://p-bandai.jp/item/item-1000163427/
1747,エルバフルフィ,590,1,270,19,http://p-bandai.jp/item/item-1000232928/
1748,プレバン再販情報,590,1,270,21,http://p-bandai.jp/hobby/a0001/
1749,ガンプラクシャトリヤ,590,1,270,20,http://p-bandai.jp/item/item-1000144753/
1750,サンダーグリッドマン,590,1,270,26,http://p-bandai.jp/item/item-1000234792/
1751,ガンプラアッガイ,590,1,270,28,http://p-bandai.jp/item/item-1000143562/
1752,おジャ魔女どれみ変身アイテム,590,1,270,24,http://p-bandai.jp/item/item-1000221217/
1753,コレクションカード,590,1,270,17,http://p-bandai.jp/category/0028/00280002/
1754,pcクッション,590,1,270,21,http://p-bandai.jp/item/item-1000249562/
1755,レオパルドデストロイ,590,1,270,20,http://p-bandai.jp/item/item-1000251143/
1756,バルバトス第4形態,590,1,270,20,http://p-bandai.jp/item/item-1000242190/
1757,アクションベース1,590,1,270,21,http://p-bandai.jp/item/item-1000092556/
1758,コナンリボン,590,1,270,27,http://p-bandai.jp/item/item-1000235312/
1759,age2ダークハウンド,590,1,270,29,http://p-bandai.jp/item/item-1000240144/
1760,ディアクティブモード,590,1,270,23,http://p-bandai.jp/item/item-1000249644/
1761,デスサイズヘル,6600,4,269,20,http://p-bandai.jp/item/item-1000192733/
1762,フィギュア ヒソカ,6600,4,269,22,http://p-bandai.jp/item/item-1000110997/
1763,バンダイガシャポン,18100,5,268,61,http://p-bandai.jp/gashadepa/
1764,モモタロス,8100,3,265,41,http://p-bandai.jp/item/item-1000122631/
1765,プリキュア フィギュア,4400,2,265,21,http://p-bandai.jp/item/item-1000234497/
1766,コードギアスゼロ,1300,1,265,22,http://p-bandai.jp/item/item-1000250549/
1767,シーランス,480,1,263,21,http://p-bandai.jp/item/item-1000234354/
1768,ニャレンティ,480,1,263,21,http://p-bandai.jp/item/item-1000223116/
1769,ガンプラ再販,165000,4,263,29,http://p-bandai.jp/hobby/a0001/list-da20-n1/
1770,デルタ ガンダム,6600,4,262,21,http://p-bandai.jp/item/item-1000158133/
1771,ディズニー 缶バッジ,5400,2,261,23,http://p-bandai.jp/item/item-1000252383/
1772,サンリオ チョコボックスフィギュア,5400,2,261,21,http://p-bandai.jp/item/item-1000247260/
1773,たまごっち ドット絵,5400,2,261,20,http://p-bandai.jp/press/2015/02/1000001518/
1774,hguc ガンキャノン,590,1,259,25,http://p-bandai.jp/item/item-1000144273/
1775,ゼータガンダム hg,590,1,259,39,http://p-bandai.jp/item/item-1000135673/
1776,るかっぷ 五条悟,590,1,259,19,http://p-bandai.jp/item/item-1000251630/
1777,01ガンダム ジークアクス,590,1,259,37,http://p-bandai.jp/item/item-1000249825/
1778,響鬼 バイク,590,1,259,21,http://p-bandai.jp/item/item-1000241709/
1779,mg トランザムライザー,590,1,259,26,http://p-bandai.jp/item/item-1000248466/
1780,ドワッジ改 mg,590,1,259,22,http://p-bandai.jp/item/item-1000219112/
1781,土井先生 私服,590,1,259,24,http://p-bandai.jp/item/item-1000245177/
1782,ワンピ コラソン,9900,4,259,26,http://p-bandai.jp/item/item-1000104776/
1783,ゲシュペンストmk ii,590,1,259,24,http://p-bandai.jp/item/item-1000251842/
1784,メタルビルド デュナメス,590,1,259,20,http://p-bandai.jp/item/item-1000221183/
1785,アムロ パイロットスーツ,590,1,259,43,http://p-bandai.jp/item/item-1000233916/
1786,ガンプラ再販 予約,590,1,259,30,http://p-bandai.jp/hobby/a0001/list-da20-n1/
1787,ビルドストライク フルパッケージ,590,1,259,22,http://p-bandai.jp/item/item-1000084424/
1788,ガンダムdx hg,590,1,259,32,http://p-bandai.jp/item/item-1000146457/
1789,氷室幻徳 tシャツ,590,1,259,30,http://p-bandai.jp/item/item-1000250748/
1790,レッドフレーム rg,590,1,259,38,http://p-bandai.jp/item/item-1000249108/
1791,ガンダムキャリバーン hg,590,1,259,39,http://p-bandai.jp/item/item-1000195884/
1792,百式 プラモデル,590,1,259,21,http://p-bandai.jp/item/item-1000135674/
1793,プレミアムバンダイ 予約開始前,590,1,259,36,http://p-bandai.jp/hobby/a0001/
1794,たまごっち chibiぬいぐるみマスコット,590,1,259,21,http://p-bandai.jp/item/item-1000237154/
1795,ふらわっち グッズ,590,1,259,24,http://p-bandai.jp/item/item-1000237159/
1796,age2 ダークハウンド,590,1,259,25,http://p-bandai.jp/item/item-1000240144/
1797,hg ペイルライダー,590,1,259,40,http://p-bandai.jp/item/item-1000226754/
1798,ガンダムアーティファクト 再販,590,1,259,21,http://p-bandai.jp/item/item-1000225963/
1799,ラブリっち グッズ,590,1,259,21,http://p-bandai.jp/item/item-1000237162/
1800,rg ブラストインパルス,590,1,259,25,http://p-bandai.jp/item/item-1000227840/
1801,バルバトス 第4形態,590,1,259,17,http://p-bandai.jp/item/item-1000242190/
1802,鎧武 ドリアン,590,1,259,24,http://p-bandai.jp/item/item-1000151243/
1803,トランザムライザー mg,590,1,259,21,http://p-bandai.jp/item/item-1000248466/
1804,たまごっち 鬼滅,590,1,259,32,http://p-bandai.jp/item/item-1000167363/
1805,ヴィクトリー 大将軍,590,1,259,23,http://p-bandai.jp/item/item-1000247718/
1806,オーズドライバー csm,590,1,259,26,http://p-bandai.jp/item/item-1000213953/
1807,しのぶ 日輪刀,590,1,259,24,http://p-bandai.jp/item/item-1000234871/
1808,サイバーエンドドラゴン フィギュア,590,1,259,26,http://p-bandai.jp/item/item-1000212505/
1809,ワンピースフィギュア シャンクス,590,1,259,23,http://p-bandai.jp/item/item-1000242546/
1810,ゴーカイジャー 変身アイテム,590,1,259,25,http://p-bandai.jp/item/item-1000163427/
1811,ぎんじろ っ ち たまごっち,880,1,258,26,http://p-bandai.jp/item/item-1000248701/
1812,キャリバー ン hg,1000,1,257,38,http://p-bandai.jp/item/item-1000195884/
1813,dx ゴチ ゾウ パーティー コレクション 仮面ライダー ガ ヴ バージョン01,480,1,257,21,http://p-bandai.jp/item/item-1000251232/
1814,ジム ナイト シーカー,1000,1,257,23,http://p-bandai.jp/item/item-1000215264/
1815,ギャレンラウザー,590,1,257,22,http://p-bandai.jp/item/item-1000152401/
1816,インペリアル ドラモン,9900,3,256,30,http://p-bandai.jp/item/item-1000238833/
1817,初音ミク ガンダム,5400,2,255,27,http://p-bandai.jp/item/item-1000243714/
1818,グリードアイランド カード一覧,5400,2,255,40,http://p-bandai.jp/item/item-1000183585/
1819,キュベレイmk2 mg,480,1,254,29,http://p-bandai.jp/item/item-1000144403/
1820,r3 エルガイムmk2,480,1,254,20,http://p-bandai.jp/item/item-1000223891/
1821,csm ロックシード,480,1,254,23,http://p-bandai.jp/item/item-1000213969/
1822,pop 白ひげ,480,1,254,21,http://p-bandai.jp/item/item-1000248661/
1823,csmアークル 25th,480,1,254,22,http://p-bandai.jp/item/item-1000247062/
1824,rg アストレイレッドドラゴン,480,1,254,19,http://p-bandai.jp/item/item-1000249108/
1825,hgucゾック,590,1,254,31,http://p-bandai.jp/item/item-1000164372/
1826,プレミアムバンダイ ゴジラ,480,1,254,34,http://p-bandai.jp/chara/c0224/
1827,ハイニューガンダム hws,480,1,254,30,http://p-bandai.jp/item/item-1000250825/
1828,sdガンダム 武者,480,1,254,32,http://p-bandai.jp/item/item-1000245559/
1829,デスティニー 光の翼,480,1,254,29,http://p-bandai.jp/item/item-1000250402/
1830,pop ハンコック,480,1,254,23,http://p-bandai.jp/item/item-1000226068/
1831,ガンプラ どこで買う,480,1,254,31,http://p-bandai.jp/gundambase/
1832,ジムスナイパー2 mg,480,1,254,22,http://p-bandai.jp/item/item-1000242050/
1833,ボンゴレリング 本物,480,1,254,35,http://p-bandai.jp/item/item-1000243804/
1834,高機動型ザク地上用,590,1,254,19,http://p-bandai.jp/item/item-1000238230/
1835,プレバン 送料無料,480,1,254,19,http://p-bandai.jp/apparel/special-1000011784/
1836,ドラゴンボールz ロゴ,480,1,254,24,http://p-bandai.jp/item/item-1000250957/
1837,ガンプラ再販情報 どこで,480,1,254,34,http://p-bandai.jp/hobby/a0001/
1838,紫咲シオン 水着衣装,480,1,254,20,http://p-bandai.jp/item/item-1000182220/
1839,csm vバックル,480,1,254,23,http://p-bandai.jp/item/item-1000152400/
1840,明日のナージャ おもちゃ,480,1,254,21,http://p-bandai.jp/item/item-1000238735/
1841,等身大 カビゴン,480,1,254,26,http://p-bandai.jp/item/item-1000192196/
1842,ルフィー 女,480,1,254,25,http://p-bandai.jp/press/2016/07/1000003998
1843,妖怪ウォッチ アニマス,480,1,254,23,http://p-bandai.jp/item/item-1000138060/
1844,モンスターアーツ キングギドラ,480,1,254,23,http://p-bandai.jp/item/item-1000116236/
1845,バンダイナムコ プレミアム,480,1,254,32,http://p-bandai.jp/
1846,ゴジュウジャー パジャマ,480,1,254,22,http://p-bandai.jp/item/item-1000226752/
1847,ガンプラ 箱絵,480,1,254,26,http://p-bandai.jp/gundambase/gunplapkgvote/
1848,ラブリっちぬいぐるみ,590,1,254,24,http://p-bandai.jp/item/item-1000237162/
1849,怪盗キッド トランプ,480,1,254,22,http://p-bandai.jp/item/item-1000235314/
1850,ドラグナー2,590,1,254,19,http://p-bandai.jp/item/item-1000250336/
1851,ウルトラマン母 フィギュア,480,1,254,23,http://p-bandai.jp/item/item-1000227028/
1852,仮面ライダーガヴ ケーキ,480,1,254,22,http://p-bandai.jp/item/item-1000216369/
1853,ボンゴレリング 雲,480,1,254,26,http://p-bandai.jp/item/item-1000243804/
1854,ニューガンダム hws,480,1,254,18,http://p-bandai.jp/item/item-1000158327/
1855,rgアストレイ レッドドラゴン,480,1,254,19,http://p-bandai.jp/item/item-1000249108/
1856,夢のクレヨン王国 おもちゃ,480,1,254,24,http://p-bandai.jp/item/item-1000111069/
1857,ぬーべー の手,480,1,254,22,http://p-bandai.jp/item/item-1000243769/
1858,すいこみ カービィ,480,1,254,28,http://p-bandai.jp/item/item-1000216734/
1859,バトスピ スリーブサイズ,480,1,254,22,http://p-bandai.jp/item/item-1000225298/
1860,ジェガン エコーズ仕様,480,1,254,30,http://p-bandai.jp/item/item-1000251360/
1861,ペルセウス ダンボール戦機,480,1,254,24,http://p-bandai.jp/item/item-1000226838/
1862,アイドルプリキュア ケーキ,480,1,254,42,http://p-bandai.jp/item/item-1000225162/
1863,ワンピース シャンクスフィギュア,480,1,254,24,http://p-bandai.jp/item/item-1000242546/
1864,ナンジャタウン 鬼滅の刃グッズ,480,1,254,20,http://p-bandai.jp/item/item-1000227993/
1865,たまごっちuni どこで買える,480,1,254,24,http://p-bandai.jp/item/item-1000240797/
1866,呪術廻戦 眼鏡キャラ,480,1,254,20,http://p-bandai.jp/item/item-1000251412/
1867,ガンプラ フリーダムガンダム,480,1,254,25,http://p-bandai.jp/item/item-1000146463/
1868,クラピカフィギュア 光る,480,1,254,25,http://p-bandai.jp/item/item-1000110941/
1869,ガンダムアスタロト hg,480,1,254,34,http://p-bandai.jp/item/item-1000139364/
1870,おしゃべりゴチゾウ08,590,1,254,24,http://p-bandai.jp/item/item-1000227825/
1871,アギト g7,480,1,254,23,http://p-bandai.jp/item/item-1000250523/
1872,narutoロゴ,590,1,254,23,http://p-bandai.jp/item/item-1000251313/
1873,ストライクルージュ iwsp,480,1,254,19,http://p-bandai.jp/item/item-1000218177/
1874,スペリオルガンダム mg,480,1,254,37,http://p-bandai.jp/item/item-1000253636/
1875,mg ジェガンd型,480,1,254,33,http://p-bandai.jp/hobby/special-1000009826/
1876,デスティニーインパルス mg,480,1,254,20,http://p-bandai.jp/hobby/special-1000003378/
1877,ゲーツキャパ バウンドドック,480,1,254,20,http://p-bandai.jp/item/item-1000160246/
1878,ベルスターモン フィギュア,480,1,254,23,http://p-bandai.jp/item/item-1000137819/
1879,仮面ライダーキバ ベルト,480,1,254,22,http://p-bandai.jp/item/item-1000152398/
1880,rgシナンジュ スペシャルコーティング,480,1,254,25,http://p-bandai.jp/item/item-1000238277/
1881,鉄華団 マーク,480,1,254,20,http://p-bandai.jp/item/item-1000240803/
1882,大空のボンゴレ リング,480,1,254,24,http://p-bandai.jp/item/item-1000252330/
1883,キングギドラ モンスターアーツ,480,1,254,25,http://p-bandai.jp/item/item-1000116236/
1884,ダイレンジャーロボ,590,1,254,26,http://p-bandai.jp/item/item-1000112654/
1885,ロボット魂 ナイチンゲール,480,1,254,20,http://p-bandai.jp/item/item-1000249564/
1886,csm ブレイバックル,480,1,254,23,http://p-bandai.jp/item/item-1000209315/
1887,mgアレックス ver2,480,1,254,37,http://p-bandai.jp/item/item-1000150050/
1888,ファイズブラスター csm,480,1,254,25,http://p-bandai.jp/item/item-1000199320/
1889,フォースインパルスガンダム rg,480,1,254,34,http://p-bandai.jp/item/item-1000248109/
1890,ジムインターセプトカスタム,590,1,254,34,http://p-bandai.jp/item/item-1000137119/
1891,デジモンぬいぐるみ,590,1,254,21,http://p-bandai.jp/item/item-1000247023/
1892,xガン gantz,480,1,254,26,http://p-bandai.jp/item/item-1000117227/
1893,ガオハンター ブルームーン,480,1,254,25,http://p-bandai.jp/item/item-1000245448/
1894,仮面ライダー パジャマ,480,1,254,25,http://p-bandai.jp/item/item-1000248845/
1895,シナンジュ スペシャルコーティング,480,1,254,25,http://p-bandai.jp/item/item-1000238277/
1896,メタルクウラ 100体セット,480,1,254,39,http://p-bandai.jp/item/item-1000124555/
1897,ワンピースフィギュアシャンクス,590,1,254,23,http://p-bandai.jp/item/item-1000242546/
1898,フリーダムガンダム ガンプラ,480,1,254,26,http://p-bandai.jp/item/item-1000146463/
1899,ガンプラ どこで買える,480,1,254,20,http://p-bandai.jp/gundambase/
1900,プレミアムバンダイ 再販,480,1,254,19,http://p-bandai.jp/hobby/a0001/list-da20-n3/
1901,エルガイムmk2 r3,480,1,254,23,http://p-bandai.jp/item/item-1000223891/
1902,強化型zzガンダム mg,480,1,254,23,http://p-bandai.jp/item/item-1000246090/
1903,lbxパンドラ,590,1,254,22,http://p-bandai.jp/item/item-1000238160/
1904,バンダイ ケーキ,480,1,254,26,http://p-bandai.jp/charadecoshop/
1905,プレミアムバンダイ ハンターライセンス,480,1,254,24,http://p-bandai.jp/item/item-1000249676/
1906,たまごっちストア オンライン,480,1,254,40,http://p-bandai.jp/chara/c0002/
1907,ガンダムエイジ 2,480,1,254,28,http://p-bandai.jp/item/item-1000248930/
1908,ゴジラエヴァ フィギュア,480,1,254,20,http://p-bandai.jp/maru-p/character/a0051/list-da20-e0/
1909,マージフォン メモリアル,480,1,254,26,http://p-bandai.jp/item/item-1000235119/
1910,パジャマ 仮面ライダー,480,1,254,26,http://p-bandai.jp/apparel/hikarucp/
1911,光の翼 デスティニー,480,1,254,22,http://p-bandai.jp/item/item-1000250402/
1912,スコープドッグプラモデル,590,1,254,18,http://p-bandai.jp/item/item-1000248465/
1913,bb戦士 ガンダム,480,1,254,22,http://p-bandai.jp/brand/b0007/
1914,エグザベ専用ギャン 予約,480,1,254,28,http://p-bandai.jp/item/item-1000243399/
1915,ゴーストドライバー csm,480,1,254,22,http://p-bandai.jp/item/item-1000246080/
1916,マッスルギャラクシー フルボトル,480,1,254,23,http://p-bandai.jp/item/item-1000129324/
1917,ガンダム エイジ2,480,1,254,16,http://p-bandai.jp/item/item-1000248930/
1918,マンガブースター02 予約,480,1,254,21,http://p-bandai.jp/item/item-1000244821/
1919,ワンピースカード 25th,480,1,254,14,http://p-bandai.jp/item/item-1000225286/
1920,ガンバレジェンズ極めようセット 2025,480,1,254,24,http://p-bandai.jp/item/item-1000223656/
1921,アンクの腕,480,1,253,31,http://p-bandai.jp/item/item-1000140426/
1922,我妻善逸刀,480,1,253,23,http://p-bandai.jp/item/item-1000245934/
1923,アンク腕,480,1,253,27,http://p-bandai.jp/item/item-1000140426/
1924,ぬーべーの手,480,1,253,22,http://p-bandai.jp/item/item-1000243769/
1925,すいこみカービィ,480,1,253,28,http://p-bandai.jp/item/item-1000216734/
1926,プレバン送料無料,480,1,253,19,http://p-bandai.jp/apparel/special-1000011784/
1927,メタルロボット魂フリーダム,480,1,253,24,http://p-bandai.jp/item/item-1000185596/
1928,ワンピースシャンクスフィギュア,480,1,253,24,http://p-bandai.jp/item/item-1000242546/
1929,フリーダムガンダムガンプラ,480,1,253,25,http://p-bandai.jp/item/item-1000146463/
1930,bb戦士ガンダム,480,1,253,22,http://p-bandai.jp/brand/b0007/
1931,イカロスフォース,480,1,253,22,http://p-bandai.jp/item/item-1000229464/
1932,ぬーべー手,480,1,253,21,http://p-bandai.jp/item/item-1000243769/
1933,呪術廻戦缶バッチ,480,1,253,16,http://p-bandai.jp/item/item-1000233253/
1934,レオンカイザー,480,1,253,26,http://p-bandai.jp/item/item-1000229842/
1935,エクリプスガンダム2号機,480,1,253,29,http://p-bandai.jp/item/item-1000208448/
1936,刃王剣十聖刃,480,1,253,20,http://p-bandai.jp/item/item-1000235118/
1937,ネオジオング2,480,1,253,26,http://p-bandai.jp/item/item-1000192949/
1938,ゴッドカイザー,480,1,253,24,http://p-bandai.jp/item/item-1000233118/
1939,仮面ライダーパジャマ,480,1,253,25,http://p-bandai.jp/item/item-1000248845/
1940,ガンプラどこで買う,480,1,253,31,http://p-bandai.jp/gundambase/
1941,csmゼロノスベルト,480,1,253,23,http://p-bandai.jp/item/item-1000174228/
1942,gp03ステイメン,480,1,253,35,http://p-bandai.jp/item/item-1000149846/
1943,エンジェリーベア,480,1,253,21,http://p-bandai.jp/item/item-1000249874/
1944,csmブレイバックル,480,1,253,23,http://p-bandai.jp/item/item-1000209315/
1945,ジェスタmg,480,1,253,26,http://p-bandai.jp/item/item-1000136129/
1946,クウガマーク,480,1,253,19,http://p-bandai.jp/item/item-1000225111/
1947,クラピカイヤリング,480,1,253,26,http://p-bandai.jp/item/item-1000239003/
1948,mgステイメン,480,1,253,20,http://p-bandai.jp/item/item-1000149846/
1949,ドラゴンボール大猿フィギュア,480,1,253,24,http://p-bandai.jp/item/item-1000251384/
1950,光るパジャマcm,480,1,253,24,http://p-bandai.jp/apparel/hikarucp/
1951,たまごっちuniどこで買える,480,1,253,24,http://p-bandai.jp/item/item-1000240797/
1952,reヤクトドーガ,480,1,253,23,http://p-bandai.jp/hobby/special-1000009425/
1953,wドライバー,480,1,253,30,http://p-bandai.jp/item/item-1000220749/
1954,popハンコック,480,1,253,22,http://p-bandai.jp/item/item-1000226068/
1955,幻夢無双,480,1,253,23,http://p-bandai.jp/item/item-1000174269/
1956,プレミアムバンダイ再販,480,1,253,19,http://p-bandai.jp/hobby/a0001/list-da20-n3/
1957,エウレカセブンニルヴァーシュ,480,1,253,21,http://p-bandai.jp/item/item-1000248796/
1958,仮面ライダー龍騎カード,480,1,253,22,http://p-bandai.jp/b-toys-shop/special-1000011165/
1959,ハイニューガンダムhws,480,1,253,24,http://p-bandai.jp/item/item-1000250825/
1960,デスティニー光の翼,480,1,253,29,http://p-bandai.jp/item/item-1000250402/
1961,たまごっち公式通販,480,1,253,42,http://p-bandai.jp/chara/c0002/
1962,ドラゴンボール悟空4,480,1,253,42,http://p-bandai.jp/item/item-1000239386/
1963,プレミアムバンダイ送料無料,480,1,253,19,http://p-bandai.jp/apparel/special-1000011784/
1964,妖怪ウォッチ10周年,480,1,253,31,http://p-bandai.jp/item/item-1000185519/
1965,仮面ライダーキバベルト,480,1,253,22,http://p-bandai.jp/item/item-1000152398/
1966,ウェイブシューター,480,1,253,33,http://p-bandai.jp/item/item-1000120779/
1967,バンダイナムコプレミアム,480,1,253,27,http://p-bandai.jp/
1968,モンスターアーツキングギドラ,480,1,253,26,http://p-bandai.jp/item/item-1000116236/
1969,ホビーショップオンライン,480,1,253,69,http://p-bandai.jp/hobby/
1970,吸い込みカービィ,480,1,253,33,http://p-bandai.jp/item/item-1000216734/
1971,csmロックシード,480,1,253,22,http://p-bandai.jp/item/item-1000213969/
1972,ガンダムmk2ティターンズ,480,1,253,39,http://p-bandai.jp/item/item-1000144274/
1973,中国ワンピース,480,1,253,23,http://p-bandai.jp/item/item-1000249974/
1974,ヘビーアームズew,480,1,253,38,http://p-bandai.jp/item/item-1000218268/
1975,ゴーカイセルラー,480,1,253,23,http://p-bandai.jp/item/item-1000169559/
1976,ゴジュウジャーフィギュア,480,1,253,20,http://p-bandai.jp/chara/c2955/
1977,ルフィー太郎,480,1,253,17,http://p-bandai.jp/item/item-1000185338/
1978,等身大カビゴン,480,1,253,26,http://p-bandai.jp/item/item-1000192196/
1979,ドラゴンボール漫画ブースター予約,480,1,253,18,http://p-bandai.jp/item/item-1000244821/
1980,ユニバースロボ,480,1,253,23,http://p-bandai.jp/item/item-1000213991/
1981,ゼロリベリオン,480,1,253,21,http://p-bandai.jp/item/item-1000227035/
1982,ガオハンターブルームーン,480,1,253,23,http://p-bandai.jp/item/item-1000245448/
1983,ポタライヤリング,480,1,253,26,http://p-bandai.jp/item/item-1000208429/
1984,t2メモリー,480,1,253,24,http://p-bandai.jp/item/item-1000247585/
1985,ザイアスラッシュライザー,480,1,253,27,http://p-bandai.jp/item/item-1000152461/
1986,キングギドラモンスターアーツ,480,1,253,23,http://p-bandai.jp/item/item-1000116236/
1987,オーズcsm,480,1,253,22,http://p-bandai.jp/item/item-1000213953/
1988,ガンダムエイジ2,480,1,253,28,http://p-bandai.jp/item/item-1000248930/
1989,ワンピースルフィギア,480,1,253,18,http://p-bandai.jp/item/item-1000247345/
1990,ガンプラ箱絵,480,1,253,26,http://p-bandai.jp/gundambase/gunplapkgvote/
1991,バトスピスリーブサイズ,480,1,253,17,http://p-bandai.jp/item/item-1000225298/
1992,怪盗キッドトランプ,480,1,253,22,http://p-bandai.jp/item/item-1000235314/
1993,アームドアーマー,480,1,253,37,http://p-bandai.jp/item/item-1000253792/
1994,pop白ひげ,480,1,253,22,http://p-bandai.jp/item/item-1000248661/
1995,mgデスティニーインパルス,480,1,253,21,http://p-bandai.jp/hobby/special-1000003378/
1996,ナーゴファンタジー,480,1,253,23,http://p-bandai.jp/item/item-1000234718/
1997,ジェガンエコーズ仕様,480,1,253,33,http://p-bandai.jp/item/item-1000251360/
1998,ハリソンf91,480,1,253,20,http://p-bandai.jp/item/item-1000225724/
1999,g3ガンダム rg,590,1,252,26,http://p-bandai.jp/item/item-1000235759/
2000,ワンピースフィギュア レベッカ,590,1,252,22,http://p-bandai.jp/item/item-1000233873/
