No,Keywords,Volume,Position,Est. Visits,Seo Difficulty,Ranking Url
1,トイザらス,550000,1,267399,52,http://toysrus.co.jp/ja-jp/
2,トイザらス オンライン,49500,1,14246,20,http://toysrus.co.jp/ja-jp/
3,おもちゃ　店,40500,1,12596,26,http://toysrus.co.jp/ja-jp/
4,おもちゃ,201000,3,11759,59,http://toysrus.co.jp/ja-jp/
5,誕生日 2歳 プレゼント,27100,1,7958,17,http://toysrus.co.jp/ja-jp/promotions/birthday-present/age-2/
6,誕生日2歳 プレゼント,27100,1,7882,17,http://toysrus.co.jp/ja-jp/promotions/birthday-present/age-2/
7,おもちゃの アンパンマン,60500,2,7561,41,http://toysrus.co.jp/ja-jp/anpanman/
8,おもちゃ屋,60500,2,7541,19,http://toysrus.co.jp/ja-jp/stores/
9,トイザらス ブラックフライデー,22200,1,7500,35,http://toysrus.co.jp/ja-jp/promotions/blackfriday-toy/
10,トイザらス店舗,18100,1,6846,36,http://toysrus.co.jp/ja-jp/stores/
11,トイザらスの店舗,18100,1,6846,36,http://toysrus.co.jp/ja-jp/stores/
12,トイザらス の店舗,18100,1,6797,34,http://toysrus.co.jp/ja-jp/stores/
13,トイザらス 店舗,18100,1,6718,34,http://toysrus.co.jp/ja-jp/stores/
14,誕生日 3歳 プレゼント,14800,1,5068,19,http://toysrus.co.jp/ja-jp/promotions/birthday-present/age-3/
15,たまごっちパラダイス 予約,14800,1,4995,23,http://toysrus.co.jp/ja-jp/8291993-10141500.html
16,誕生日プレゼント4歳,9900,1,4957,18,http://toysrus.co.jp/ja-jp/promotions/birthday-present/age-4-5/
17,誕生日 4歳 プレゼント,9900,1,4912,18,http://toysrus.co.jp/ja-jp/promotions/birthday-present/age-4-5/
18,誕生日 プレゼント 4歳,9900,1,4912,23,http://toysrus.co.jp/ja-jp/promotions/birthday-present/age-4-5/
19,トイザらス 近く,9900,1,4839,27,http://toysrus.co.jp/ja-jp/stores/
20,4歳の誕生日 プレゼント,9900,1,4839,20,http://toysrus.co.jp/ja-jp/promotions/birthday-present/age-4-5/
21,4歳誕生日 プレゼント,9900,1,4839,23,http://toysrus.co.jp/ja-jp/promotions/birthday-present/age-4-5/
22,4歳 誕生日プレゼント,9900,1,4839,20,http://toysrus.co.jp/ja-jp/promotions/birthday-present/age-4-5/
23,誕生日プレゼント 4歳,9900,1,4839,20,http://toysrus.co.jp/ja-jp/promotions/birthday-present/age-4-5/
24,近くのトイザらス,9900,1,4699,35,http://toysrus.co.jp/ja-jp/stores/
25,トイザらス近く,9900,1,4699,36,http://toysrus.co.jp/ja-jp/stores/
26,近く の トイザらス,9900,1,4654,18,http://toysrus.co.jp/ja-jp/stores/
27,トイザらス switch2,8100,1,4361,21,http://toysrus.co.jp/ja-jp/nintendo-switch-2/
28,toys r us near me,8100,1,4250,39,http://toysrus.co.jp/ja-jp/stores/
29,たまごっちトイザらス,6600,1,2664,19,http://toysrus.co.jp/ja-jp/tamagotchi/
30,小学生のクリスマスプレゼント,6600,1,2664,20,http://toysrus.co.jp/ja-jp/promotions/birthday-present/age-6-12/
31,クリスマス小学生プレゼント,6600,1,2664,20,http://toysrus.co.jp/ja-jp/promotions/birthday-present/age-6-12/
32,小学生おもちゃ,6600,1,2664,25,http://toysrus.co.jp/ja-jp/promotions/birthday-present/age-6-12/
33,たまごっちどこで買う,6600,1,2664,39,http://toysrus.co.jp/ja-jp/tamagotchi/
34,トイザらスたまごっち,6600,1,2664,24,http://toysrus.co.jp/ja-jp/tamagotchi/
35,小学生クリスマスプレゼント,6600,1,2664,21,http://toysrus.co.jp/ja-jp/promotions/birthday-present/age-6-12/
36,たまごっち どこで買える,6600,1,2491,39,http://toysrus.co.jp/ja-jp/tamagotchi/
37,小学生 クリスマスプレゼント,6600,1,2491,21,http://toysrus.co.jp/ja-jp/promotions/birthday-present/age-6-12/
38,クリスマス 小学生 プレゼント,6600,1,2489,20,http://toysrus.co.jp/ja-jp/promotions/birthday-present/age-6-12/
39,トイザらス たまごっち,6600,1,2416,24,http://toysrus.co.jp/ja-jp/tamagotchi/
40,小学生 おもちゃ,6600,1,2416,18,http://toysrus.co.jp/ja-jp/promotions/birthday-present/age-6-12/
41,おもちゃ 小学生,6600,1,2416,20,http://toysrus.co.jp/ja-jp/promotions/birthday-present/age-6-12/
42,たまごっち トイザらス,6600,1,2416,19,http://toysrus.co.jp/ja-jp/tamagotchi/
43,toysrus near me,6600,1,2305,47,http://toysrus.co.jp/ja-jp/stores/
44,2歳 誕生日プレゼント,27100,3,2151,14,http://toysrus.co.jp/ja-jp/promotions/birthday-present/age-2/
45,トイザらス ベビーザらス松戸店,6600,1,2118,18,http://toysrus.co.jp/ja-jp/stores/
46,2歳のクリスマスプレゼント,5400,1,2048,16,http://toysrus.co.jp/ja-jp/promotions/birthday-present/age-2/
47,アンパンマン3輪車,5400,1,2048,20,http://toysrus.co.jp/ja-jp/7525001-752500100.html
48,2歳 プレゼント クリスマス,5400,1,1928,17,http://toysrus.co.jp/ja-jp/promotions/birthday-present/age-2/
49,2歳 クリスマス プレゼント,5400,1,1928,17,http://toysrus.co.jp/ja-jp/promotions/birthday-present/age-2/
50,1歳　クリスマスプレゼント,4400,1,1911,15,http://toysrus.co.jp/ja-jp/promotions/birthday-present/age-1/
51,1歳クリスマスプレゼント,4400,1,1911,16,http://toysrus.co.jp/ja-jp/promotions/birthday-present/age-1/
52,ブラックフライデートイザらス,4400,1,1911,35,http://toysrus.co.jp/ja-jp/promotions/blackfriday-toy/
53,1歳のクリスマスプレゼント,4400,1,1911,16,http://toysrus.co.jp/ja-jp/promotions/birthday-present/age-1/
54,toys,27100,2,1890,45,http://toysrus.co.jp/ja-jp/
55,2歳 クリスマスプレゼント,5400,1,1872,17,http://toysrus.co.jp/ja-jp/promotions/birthday-present/age-2/
56,2歳クリスマス プレゼント,5400,1,1872,17,http://toysrus.co.jp/ja-jp/promotions/birthday-present/age-2/
57,2歳 のクリスマスプレゼント,5400,1,1872,17,http://toysrus.co.jp/ja-jp/promotions/birthday-present/age-2/
58,2 歳 クリスマス プレゼント,5400,1,1854,17,http://toysrus.co.jp/ja-jp/promotions/birthday-present/age-2/
59,たまごっちパラダイス定価,27100,2,1831,23,http://toysrus.co.jp/ja-jp/8067546-10083820.html
60,1歳 クリスマス プレゼント,4400,1,1792,16,http://toysrus.co.jp/ja-jp/promotions/birthday-present/age-1/
61,1歳 クリスマスプレゼント,4400,1,1735,16,http://toysrus.co.jp/ja-jp/promotions/birthday-present/age-1/
62,クリスマス プレゼント小学生,4400,1,1735,20,http://toysrus.co.jp/ja-jp/promotions/birthday-present/age-6-12/
63,クリスマスプレゼント 小学生,4400,1,1735,21,http://toysrus.co.jp/ja-jp/promotions/birthday-present/age-6-12/
64,トイザらス たまごっちパラダイス,4400,1,1735,20,http://toysrus.co.jp/ja-jp/tamagotchi/
65,ブラックフライデー トイザらス,4400,1,1735,19,http://toysrus.co.jp/ja-jp/promotions/blackfriday-toy/
66,ブラック フライデー トイザらス,4400,1,1717,26,http://toysrus.co.jp/ja-jp/promotions/blackfriday-toy/
67,トイザらスチラシ,3600,1,1453,36,http://toysrus.co.jp/ja-jp/catalogue.html
68,プリンセスおもちゃ,3600,1,1453,25,http://toysrus.co.jp/ja-jp/disney-princess/
69,プリンセスのおもちゃ,3600,1,1453,25,http://toysrus.co.jp/ja-jp/disney-princess/
70,トイザらス錦糸町店,3600,1,1332,23,http://toysrus.co.jp/ja-jp/stores/
71,トイザらス チラシ,3600,1,1278,34,http://toysrus.co.jp/ja-jp/catalogue.html
72,ナーフ 銃,14800,2,1251,22,http://toysrus.co.jp/ja-jp/action-figures-and-hero-play/nerf-blasters/
73,トイザらス スイッチ2,3600,1,1227,21,http://toysrus.co.jp/ja-jp/video-games-entertainment/nintendo-switch-2/
74,レゴ シティ,12100,2,1189,24,http://toysrus.co.jp/ja-jp/lego/lego-city/
75,トイザらス ベビーザらス 松本 店,3600,1,1090,18,http://toysrus.co.jp/ja-jp/stores/
76,ベイブレード x,246000,7,1069,49,http://toysrus.co.jp/ja-jp/beyblade-x/
77,プレイポップ,2900,1,1037,24,http://toysrus.co.jp/ja-jp/playpop/
78,トイザらスレゴ,2900,1,1037,24,http://toysrus.co.jp/ja-jp/lego/
79,小学生人気おもちゃ,2900,1,1037,20,http://toysrus.co.jp/ja-jp/promotions/birthday-present/age-6-12/
80,プレゼント子ども,2900,1,1037,25,http://toysrus.co.jp/ja-jp/promotions/birthday-present/age-6-12/
81,トイザらスクーポン,2900,1,1037,19,http://toysrus.co.jp/ja-jp/promotions/coupon/
82,レゴトイザらス,2900,1,1037,26,http://toysrus.co.jp/ja-jp/lego/
83,トイザらスクリスマスカタログ,2900,1,1037,22,http://toysrus.co.jp/ja-jp/promotions/christmas/
84,トイザらスのレゴ,2900,1,1037,24,http://toysrus.co.jp/ja-jp/lego/
85,ミニブランズ,2900,1,1037,25,http://toysrus.co.jp/ja-jp/minibrands/
86,トイザらス 錦糸町店,3600,1,1029,23,http://toysrus.co.jp/ja-jp/stores/
87,レゴ,201000,7,1011,51,http://toysrus.co.jp/ja-jp/lego/
88,トイザらス大阪,2900,1,1010,19,http://toysrus.co.jp/ja-jp/stores/
89,大阪トイザらス,2900,1,1010,28,http://toysrus.co.jp/ja-jp/stores/
90,プレゼント　子ども,2900,1,987,25,http://toysrus.co.jp/ja-jp/promotions/birthday-present/age-6-12/
91,クーポン トイザらス,2900,1,971,19,http://toysrus.co.jp/ja-jp/promotions/coupon/
92,人気のおもちゃ 小学生,2900,1,971,20,http://toysrus.co.jp/ja-jp/promotions/birthday-present/age-6-12/
93,トイザらス クリスマスカタログ,2900,1,971,22,http://toysrus.co.jp/ja-jp/promotions/christmas/
94,トイザらス ポケモンカード,2900,1,971,18,http://toysrus.co.jp/ja-jp/pokemoncardgame/
95,トイザらスオンラインストア,2400,1,962,26,http://toysrus.co.jp/ja-jp/
96,クリスマス3歳プレゼント,2400,1,962,17,http://toysrus.co.jp/ja-jp/promotions/birthday-present/age-3/
97,誕生日プレゼント子ども,2400,1,962,19,http://toysrus.co.jp/ja-jp/promotions/birthday-present/age-6-12/
98,子どもの誕生日プレゼント,2400,1,962,19,http://toysrus.co.jp/ja-jp/promotions/birthday-present/age-6-12/
99,トイザらス在庫確認,2400,1,962,19,http://toysrus.co.jp/ja-jp/
100,トイザらス プール,2400,1,945,21,http://toysrus.co.jp/ja-jp/summer/
101,toy store near me,8100,3,945,31,http://toysrus.co.jp/ja-jp/stores/
102,大阪 トイザらス,2900,1,944,19,http://toysrus.co.jp/ja-jp/stores/
103,トイザらス 大阪,2900,1,944,19,http://toysrus.co.jp/ja-jp/stores/
104,おもちゃ屋 近く,2900,1,944,19,http://toysrus.co.jp/ja-jp/stores/
105,小学生 おもちゃ 人気,2900,1,933,20,http://toysrus.co.jp/ja-jp/promotions/birthday-present/age-6-12/
106,おもちゃ 小学生 人気,2900,1,933,18,http://toysrus.co.jp/ja-jp/promotions/birthday-present/age-6-12/
107,トイザらス クリスマス カタログ,2900,1,933,22,http://toysrus.co.jp/ja-jp/promotions/christmas/
108,おもちゃの 恐竜,12100,3,919,26,http://toysrus.co.jp/ja-jp/action-figures-and-hero-play/dinosaurs/
109,トイストーリー おもちゃ,12100,3,919,38,http://toysrus.co.jp/ja-jp/toy-story/
110,レゴ トイザらス,2900,1,908,27,http://toysrus.co.jp/ja-jp/lego/
111,トイザらス レゴ,2900,1,908,26,http://toysrus.co.jp/ja-jp/lego/
112,トイザらス クーポン,2900,1,908,19,http://toysrus.co.jp/ja-jp/promotions/coupon/
113,トイザらス ベビーザらス 太田店,2900,1,898,16,http://toysrus.co.jp/ja-jp/stores/
114,トイザらス ベビーザ ら ス 太田 店,2900,1,898,16,http://toysrus.co.jp/ja-jp/stores/
115,トイザらス オンラインストア,2400,1,885,26,http://toysrus.co.jp/ja-jp/
116,3歳 クリスマスプレゼント,2400,1,885,18,http://toysrus.co.jp/ja-jp/promotions/birthday-present/age-3/
117,トイザらス 在庫確認,2400,1,885,19,http://toysrus.co.jp/ja-jp/
118,トイザらス 在庫検索,2400,1,885,18,http://toysrus.co.jp/ja-jp/
119,レゴ マインクラフト,9900,3,884,27,http://toysrus.co.jp/ja-jp/lego/lego-minecraft/
120,アンパンマンキッチン,1900,1,882,22,http://toysrus.co.jp/ja-jp/5561477-556147700.html
121,アナ雪 おもちゃ,1900,1,856,25,http://toysrus.co.jp/ja-jp/frozen/
122,クリスマス プレゼントおもちゃ,1900,1,856,26,http://toysrus.co.jp/ja-jp/promotions/christmas/
123,恐竜 おもちゃ,12100,3,836,25,http://toysrus.co.jp/ja-jp/action-figures-and-hero-play/dinosaurs/
124,レゴ マイクラ,12100,3,836,24,http://toysrus.co.jp/ja-jp/lego/lego-minecraft/
125,たまごっち 値段,14800,3,835,40,http://toysrus.co.jp/ja-jp/tamagotchi/
126,マイクラ レゴ,14800,3,835,25,http://toysrus.co.jp/ja-jp/lego/lego-minecraft/
127,ベビーザらス プレママ 特典,2400,1,831,13,"http://toysrus.co.jp/ja-jp/service-starcard-baby01.html?params={""custom"":""{\""action\"":\""Page-Show\"",\""queryString\"":\""cid=service-starcard-baby01\"",\""locale\"":\""ja_JP\"",\""tracking_consent\"":null,\""csrf\"":{\""tokenName\"":\""csrf_token\"",\""token\"":\""sevDN4TjXffOMnpx0hkszvnIC4ahcsh06WRhmERV71UTCS3XlXuICFkoF_7mEUKeBZtf2e2H5VijApekQF7bPtb5WkvCcFK0rFB90D20V3LIUfx_5Sg94758ar9hBE-v_ny666fd2RMXc1g0gj4l166_S5g87470KKE6ita0ic1B_vXgJOI=\""},\""CurrentPageMetaData\"":{\""title\"":\""Sites-ToysRUs_JP-Site\"",\""description\"":\""\"",\""keywords\"":\""\"",\""pageMetaTags\"":[]},\""canonicalUrl\"":null}"",""aspect_attributes"":null}&vf=b85a3db049e5b1e054192c88c6e3f230"
128,誕生日 プレゼント 子ども,2400,1,831,19,http://toysrus.co.jp/ja-jp/promotions/birthday-present/age-6-12/
129,おもちゃ 人気,2400,1,821,26,http://toysrus.co.jp/ja-jp/promotions/ranking-toy/
130,5歳　誕生日プレゼント,1900,1,811,24,http://toysrus.co.jp/ja-jp/promotions/birthday-present/age-4-5/
131,2歳児クリスマスプレゼント,1900,1,811,18,http://toysrus.co.jp/ja-jp/promotions/birthday-present/age-2/
132,ラジコントイザらス,1900,1,811,18,http://toysrus.co.jp/ja-jp/cars-trucks-trains-rc/rc-vehicles/
133,誕生日3歳,1900,1,811,21,http://toysrus.co.jp/ja-jp/promotions/birthday-present/age-3/
134,トイザらスラジコン,1900,1,811,21,http://toysrus.co.jp/ja-jp/cars-trucks-trains-rc/rc-vehicles/
135,トイザらスのギフトカード,1900,1,811,18,http://toysrus.co.jp/ja-jp/service-giftcard.html
136,トイザらスのラジコン,1900,1,811,18,http://toysrus.co.jp/ja-jp/cars-trucks-trains-rc/rc-vehicles/
137,トイザらス札幌,1900,1,794,28,http://toysrus.co.jp/ja-jp/stores/
138,福岡トイザらス,1900,1,794,19,http://toysrus.co.jp/ja-jp/stores/
139,トイザらス熊本,1900,1,794,27,http://toysrus.co.jp/ja-jp/stores/
140,トイザらス福岡,1900,1,794,19,http://toysrus.co.jp/ja-jp/stores/
141,玩具,40500,4,773,43,http://toysrus.co.jp/ja-jp/
142,恐竜 の おもちゃ,2400,1,767,24,http://toysrus.co.jp/ja-jp/action-figures-and-hero-play/dinosaurs/
143,トイザらス 在庫 確認,2400,1,767,18,http://toysrus.co.jp/ja-jp/
144,家庭用プール,8100,3,764,32,http://toysrus.co.jp/ja-jp/summer/pools/
145,トイザらス松戸,1900,1,763,19,http://toysrus.co.jp/ja-jp/stores/
146,トイザらス岡山,1900,1,763,19,http://toysrus.co.jp/ja-jp/stores/
147,松戸トイザらス,1900,1,763,19,http://toysrus.co.jp/ja-jp/stores/
148,トイザらス宇都宮,1900,1,763,32,http://toysrus.co.jp/ja-jp/stores/
149,トイザらス ログイン,1600,1,719,42,http://toysrus.co.jp/ja-jp/login/
150,2歳児 クリスマスプレゼント,1900,1,706,18,http://toysrus.co.jp/ja-jp/promotions/birthday-present/age-2/
151,ギフトカード トイザらス,1900,1,706,18,http://toysrus.co.jp/ja-jp/service-giftcard.html
152,5歳 誕生日プレゼント,1900,1,706,20,http://toysrus.co.jp/ja-jp/promotions/birthday-present/age-4-5/
153,3歳 誕生日,1900,1,706,16,http://toysrus.co.jp/ja-jp/promotions/birthday-present/age-3/
154,5歳の誕生日 プレゼント,1900,1,706,20,http://toysrus.co.jp/ja-jp/promotions/birthday-present/age-4-5/
155,3歳 プレゼント,1900,1,706,15,http://toysrus.co.jp/ja-jp/promotions/birthday-present/age-3/
156,ダースモール ライトセーバー,1900,1,706,22,http://toysrus.co.jp/ja-jp/8326932-10151542.html
157,4才 おもちゃ,1900,1,706,18,http://toysrus.co.jp/ja-jp/promotions/birthday-present/age-4-5/
158,クリスマス プレゼント おもちゃ,1900,1,695,26,http://toysrus.co.jp/ja-jp/promotions/christmas/
159,トイザらス 札幌,1900,1,688,28,http://toysrus.co.jp/ja-jp/stores/
160,トイザらス 福岡,1900,1,688,19,http://toysrus.co.jp/ja-jp/stores/
161,札幌 トイザらス,1900,1,688,19,http://toysrus.co.jp/ja-jp/stores/
162,トイザらス 宇都宮,1900,1,654,32,http://toysrus.co.jp/ja-jp/stores/
163,トイザらス 錦糸町,1900,1,654,26,http://toysrus.co.jp/ja-jp/stores/
164,松戸 トイザらス,1900,1,654,19,http://toysrus.co.jp/ja-jp/stores/
165,宇都宮 トイザらス,1900,1,654,19,http://toysrus.co.jp/ja-jp/stores/
166,錦糸町 トイザらス,1900,1,654,23,http://toysrus.co.jp/ja-jp/stores/
167,トイザらス 岡山,1900,1,654,28,http://toysrus.co.jp/ja-jp/stores/
168,岡山 トイザらス,1900,1,654,38,http://toysrus.co.jp/ja-jp/stores/
169,ポピー プレイタイム グラブパック,1900,1,652,25,http://toysrus.co.jp/ja-jp/8301638-10145445.html
170,誕生日 プレゼント 5歳,1900,1,652,20,http://toysrus.co.jp/ja-jp/promotions/birthday-present/age-4-5/
171,2 歳児 クリスマスプレゼント,1900,1,652,18,http://toysrus.co.jp/ja-jp/promotions/birthday-present/age-2/
172,エルサのおもちゃ,1600,1,646,22,http://toysrus.co.jp/ja-jp/frozen/
173,ミニバース,1600,1,645,26,http://toysrus.co.jp/ja-jp/mgas-miniverse/
174,ラジコン トイザらス,1900,1,642,18,http://toysrus.co.jp/ja-jp/cars-trucks-trains-rc/rc-vehicles/
175,作れる おもちゃ,1900,1,642,40,http://toysrus.co.jp/ja-jp/craft-activities/
176,トイザらス ポイント,1900,1,642,18,http://toysrus.co.jp/ja-jp/login/
177,トイザらス ラジコン,1900,1,642,18,http://toysrus.co.jp/ja-jp/cars-trucks-trains-rc/rc-vehicles/
178,札幌 の トイザらス,1900,1,634,20,http://toysrus.co.jp/ja-jp/stores/
179,ペット おもちゃ,1600,1,625,27,http://toysrus.co.jp/ja-jp/dolls-collectibles/toy-pets/
180,トイザらス 三輪車,1600,1,625,25,http://toysrus.co.jp/ja-jp/toddler-and-baby-toys/trikest/
181,エルサ おもちゃ,1600,1,625,25,http://toysrus.co.jp/ja-jp/frozen/
182,福岡 トイザらス,1900,1,622,20,http://toysrus.co.jp/ja-jp/stores/
183,トイザらスベイブレード,1600,1,610,23,http://toysrus.co.jp/ja-jp/beyblade-x/
184,エルサおもちゃ,1600,1,610,26,http://toysrus.co.jp/ja-jp/frozen/
185,トイザらス商品券,1600,1,610,18,http://toysrus.co.jp/ja-jp/service-giftcard.html
186,トイザらス三輪車,1600,1,610,26,http://toysrus.co.jp/ja-jp/toddler-and-baby-toys/trikest/
187,ベイブレードトイザらス,1600,1,610,23,http://toysrus.co.jp/ja-jp/beyblade-x/
188,トイザらスの商品券,1600,1,610,16,http://toysrus.co.jp/ja-jp/service-giftcard.html
189,トイザらス ベビーザらス 山口店,1900,1,605,18,http://toysrus.co.jp/ja-jp/stores/
190,トイザらス 錦糸 町,1900,1,605,26,http://toysrus.co.jp/ja-jp/stores/
191,トイザらス キックボード,1600,1,604,19,http://toysrus.co.jp/ja-jp/bikes-scooters-ride-ons/scooters/
192,トイザらス 商品券,1600,1,604,18,http://toysrus.co.jp/ja-jp/service-giftcard.html
193,トイザらス スターカードとは,1600,1,604,19,http://toysrus.co.jp/ja-jp/starcard/
194,トイザらスセンター南,1600,1,600,17,http://toysrus.co.jp/ja-jp/stores/
195,トイザらス水戸,1600,1,600,30,http://toysrus.co.jp/ja-jp/stores/
196,センター南 トイザらス,1600,1,590,18,http://toysrus.co.jp/ja-jp/stores/
197,トイザらス センター南,1600,1,590,17,http://toysrus.co.jp/ja-jp/stores/
198,トイザらス 新座,1600,1,590,19,http://toysrus.co.jp/ja-jp/stores/
199,トイザらス switch2 抽選,1900,1,589,26,http://toysrus.co.jp/ja-jp/nintendo-switch-2/
200,2 歳児 クリスマス プレゼント,1900,1,589,18,http://toysrus.co.jp/ja-jp/promotions/birthday-present/age-2/
201,トイザらス営業時間,1600,1,582,21,http://toysrus.co.jp/ja-jp/stores/
202,ラジコン おもちゃ,1300,1,577,22,http://toysrus.co.jp/ja-jp/cars-trucks-trains-rc/rc-vehicles/
203,エルサ の おもちゃ,1600,1,565,26,http://toysrus.co.jp/ja-jp/frozen/
204,レゴ のスターウォーズ,22200,4,558,27,http://toysrus.co.jp/ja-jp/lego/lego-star-wars/
205,ラジコンのおもちゃ,1300,1,556,24,http://toysrus.co.jp/ja-jp/cars-trucks-trains-rc/rc-vehicles/
206,ラジコンおもちゃ,1300,1,556,22,http://toysrus.co.jp/ja-jp/cars-trucks-trains-rc/rc-vehicles/
207,トイザらス セール,1300,1,533,40,http://toysrus.co.jp/ja-jp/whats-on/toy-sale/
208,ぬいぐるみ トイザらス,1300,1,533,18,http://toysrus.co.jp/ja-jp/soft-toys/
209,トイザらス ポケカ,1300,1,533,18,http://toysrus.co.jp/ja-jp/pokemoncardgame/
210,zd toys,1300,1,533,25,http://toysrus.co.jp/ja-jp/zd-toys/
211,人気 おもちゃ,1300,1,533,23,http://toysrus.co.jp/ja-jp/promotions/ranking-toy/
212,プール おもちゃ,1300,1,533,22,http://toysrus.co.jp/ja-jp/summer/
213,トイザらス ベイブレード,1300,1,533,21,http://toysrus.co.jp/ja-jp/beyblade-x/
214,ポケモン 自転車,1300,1,533,20,http://toysrus.co.jp/ja-jp/8137714-10100356.html
215,トイザらス 横浜,1600,1,530,19,http://toysrus.co.jp/ja-jp/stores/
216,トイザらス 営業時間,1600,1,530,23,http://toysrus.co.jp/ja-jp/stores/
217,トイザらス の営業時間,1600,1,530,17,http://toysrus.co.jp/ja-jp/stores/
218,ハイハイレース トイザらス,1000,1,522,21,http://toysrus.co.jp/ja-jp/stores/events-calendar/
219,アンパンマン アイスクリーム屋さん,1000,1,522,24,http://toysrus.co.jp/ja-jp/7251475-725147500.html
220,クリスマスプレゼント 2歳,1000,1,522,17,http://toysrus.co.jp/ja-jp/promotions/birthday-present/age-2/
221,動く恐竜 おもちゃ,1000,1,522,20,http://toysrus.co.jp/ja-jp/action-figures-and-hero-play/dinosaurs/
222,トイザらスブラックフライデー チラシ,1000,1,522,31,http://toysrus.co.jp/ja-jp/promotions/blackfriday-toy/
223,プールおもちゃ,1300,1,520,22,http://toysrus.co.jp/ja-jp/summer/
224,4歳クリスマスプレゼント,1300,1,520,23,http://toysrus.co.jp/ja-jp/promotions/birthday-present/age-4-5/
225,4歳のクリスマスプレゼント,1300,1,520,19,http://toysrus.co.jp/ja-jp/promotions/birthday-present/age-4-5/
226,人気おもちゃ,1300,1,520,35,http://toysrus.co.jp/ja-jp/promotions/ranking-toy/
227,ぬいぐるみトイザらス,1300,1,520,18,http://toysrus.co.jp/ja-jp/soft-toys/
228,誕生日4歳,1300,1,520,22,http://toysrus.co.jp/ja-jp/promotions/birthday-present/age-4-5/
229,4才クリスマスプレゼント,1300,1,520,23,http://toysrus.co.jp/ja-jp/promotions/birthday-present/age-4-5/
230,流行りのおもちゃ,1300,1,520,29,http://toysrus.co.jp/ja-jp/promotions/ranking-toy/
231,4歳の誕生日,1300,1,520,26,http://toysrus.co.jp/ja-jp/promotions/birthday-present/age-4-5/
232,2歳児の誕生日プレゼント,1300,1,520,17,http://toysrus.co.jp/ja-jp/promotions/birthday-present/age-2/
233,lolおもちゃ,1300,1,520,25,http://toysrus.co.jp/ja-jp/l.o.l.-surprise/
234,子ども人気おもちゃ,1300,1,520,23,http://toysrus.co.jp/ja-jp/promotions/ranking-toy/
235,4歳誕生日,1300,1,520,22,http://toysrus.co.jp/ja-jp/promotions/birthday-present/age-4-5/
236,アンパンマン 砂場 セット,1600,1,519,21,http://toysrus.co.jp/ja-jp/5370450-537045000.html
237,トイザらス ベビーザらス 港北ニュータウン店,9900,2,513,20,http://toysrus.co.jp/ja-jp/stores/
238,4才 誕生日,1300,1,507,17,http://toysrus.co.jp/ja-jp/promotions/birthday-present/age-4-5/
239,6歳 誕生日プレゼント,1300,1,507,29,http://toysrus.co.jp/ja-jp/promotions/birthday-present/age-6-12/
240,4歳クリスマス プレゼント,1300,1,507,19,http://toysrus.co.jp/ja-jp/promotions/birthday-present/age-4-5/
241,クリスマスツリー トイザらス,1300,1,507,20,http://toysrus.co.jp/ja-jp/party/christmas/
242,4歳 誕生日,1300,1,507,18,http://toysrus.co.jp/ja-jp/promotions/birthday-present/age-4-5/
243,4歳 クリスマスプレゼント,1300,1,507,19,http://toysrus.co.jp/ja-jp/promotions/birthday-present/age-4-5/
244,子ども人気 おもちゃ,1300,1,507,18,http://toysrus.co.jp/ja-jp/promotions/ranking-toy/
245,子ども に人気のおもちゃ,1300,1,507,19,http://toysrus.co.jp/ja-jp/promotions/ranking-toy/
246,5歳 おもちゃ,1300,1,507,16,http://toysrus.co.jp/ja-jp/promotions/birthday-present/age-4-5/
247,誕生日 4歳,1300,1,507,22,http://toysrus.co.jp/ja-jp/promotions/birthday-present/age-4-5/
248,クリスマスプレゼント 4才,1300,1,507,23,http://toysrus.co.jp/ja-jp/promotions/birthday-present/age-4-5/
249,4歳 のクリスマスプレゼント,1300,1,507,19,http://toysrus.co.jp/ja-jp/promotions/birthday-present/age-4-5/
250,レゴ ブロック,33100,5,502,40,http://toysrus.co.jp/ja-jp/lego/
251,トイザらス スターカード と は,1600,1,498,33,http://toysrus.co.jp/ja-jp/starcard/
252,広島トイザらス,1300,1,493,17,http://toysrus.co.jp/ja-jp/stores/
253,トイザらス広島,1300,1,493,19,http://toysrus.co.jp/ja-jp/stores/
254,おもちゃラジコン,1300,1,493,22,http://toysrus.co.jp/ja-jp/cars-trucks-trains-rc/rc-vehicles/
255,トイザらス センター 南,1600,1,488,17,http://toysrus.co.jp/ja-jp/stores/
256,おもちゃ　オススメ,1000,1,484,24,http://toysrus.co.jp/ja-jp/promotions/ranking-toy/
257,トイザらス の 営業時間,1600,1,477,17,http://toysrus.co.jp/ja-jp/stores/
258,マイクラ おもちゃ,6600,2,473,22,http://toysrus.co.jp/ja-jp/minecraft/
259,サンリオ おもちゃ,6600,2,470,28,http://toysrus.co.jp/ja-jp/sanrio/
260,ナーフ おもちゃ,1000,1,464,21,http://toysrus.co.jp/ja-jp/action-figures-and-hero-play/nerf-blasters/
261,おもちゃ おすすめ,1000,1,464,19,http://toysrus.co.jp/ja-jp/promotions/ranking-toy/
262,トイザらス ラッピング,1000,1,464,21,http://toysrus.co.jp/ja-jp/party/giftbags/
263,トイザらス ストライダー,1000,1,464,19,http://toysrus.co.jp/ja-jp/bikes-scooters-ride-ons/bikes/training-bikes/
264,トイザらス トランポリン,1000,1,464,18,http://toysrus.co.jp/ja-jp/outdoor-sports/trampolines/
265,おもちゃ オススメ,1000,1,464,34,http://toysrus.co.jp/ja-jp/promotions/ranking-toy/
266,滑り台 トイザらス,1000,1,464,18,http://toysrus.co.jp/ja-jp/outdoor-sports/slides-and-playground-equipment/
267,トイザらス カタログ,1000,1,464,22,http://toysrus.co.jp/ja-jp/catalogue.html
268,おもちゃ タブレット,1000,1,464,19,http://toysrus.co.jp/ja-jp/electronics/computers-and-tablets/
269,ストライダー トイザらス,1000,1,464,19,http://toysrus.co.jp/ja-jp/bikes-scooters-ride-ons/bikes/training-bikes/
270,トイザらス シルバニア,1000,1,464,19,http://toysrus.co.jp/ja-jp/sylvanian-families/
271,タブレット おもちゃ,1000,1,464,22,http://toysrus.co.jp/ja-jp/electronics/computers-and-tablets/
272,トランポリン トイザらス,1000,1,464,18,http://toysrus.co.jp/ja-jp/outdoor-sports/trampolines/
273,広島 トイザらス,1300,1,463,19,http://toysrus.co.jp/ja-jp/stores/
274,東京 トイザらス,1300,1,463,35,http://toysrus.co.jp/ja-jp/stores/
275,おもちゃ ラジコン,1300,1,463,21,http://toysrus.co.jp/ja-jp/cars-trucks-trains-rc/rc-vehicles/
276,トイザらス松山,1300,1,456,22,http://toysrus.co.jp/ja-jp/stores/
277,アナ雪自転車,1000,1,456,22,http://toysrus.co.jp/ja-jp/7715307-771530700.html
278,動物おもちゃ,1000,1,456,23,http://toysrus.co.jp/ja-jp/action-figures-and-hero-play/animals-creatures/
279,クリスマスプレゼント2歳,1000,1,456,17,http://toysrus.co.jp/ja-jp/promotions/birthday-present/age-2/
280,トイザらス前橋,1300,1,456,28,http://toysrus.co.jp/ja-jp/stores/
281,クリスマスプレゼント　2歳,1000,1,456,17,http://toysrus.co.jp/ja-jp/promotions/birthday-present/age-2/
282,鹿児島トイザらス,1300,1,456,33,http://toysrus.co.jp/ja-jp/stores/
283,アナと雪の女王おもちゃ,1000,1,456,22,http://toysrus.co.jp/ja-jp/frozen/
284,アンパンマンアイスクリーム屋さん,1000,1,456,19,http://toysrus.co.jp/ja-jp/7251475-725147500.html
285,トイザらス福山,1300,1,456,19,http://toysrus.co.jp/ja-jp/stores/
286,トイザらス静岡,1300,1,456,19,http://toysrus.co.jp/ja-jp/stores/
287,トイザらス鹿児島,1300,1,456,33,http://toysrus.co.jp/ja-jp/stores/
288,前橋トイザらス,1300,1,456,28,http://toysrus.co.jp/ja-jp/stores/
289,トイザらス大分,1300,1,456,31,http://toysrus.co.jp/ja-jp/stores/
290,トイザらスブラックフライデーチラシ,1000,1,456,31,http://toysrus.co.jp/ja-jp/promotions/blackfriday-toy/
291,2歳の誕生日プレゼント,27100,4,448,16,http://toysrus.co.jp/ja-jp/promotions/birthday-present/age-2/
292,トイザラス 鹿児島,1300,1,439,19,http://toysrus.co.jp/ja-jp/stores/
293,トイザらス 鹿児島,1300,1,439,33,http://toysrus.co.jp/ja-jp/stores/
294,トイザらス 大分,1300,1,439,20,http://toysrus.co.jp/ja-jp/stores/
295,鹿児島 トイザらス,1300,1,439,33,http://toysrus.co.jp/ja-jp/stores/
296,トイザらス イベント,880,1,434,38,http://toysrus.co.jp/ja-jp/stores/events-calendar/
297,ドレッサー アナ雪,880,1,434,23,http://toysrus.co.jp/ja-jp/7947011-10053329.html
298,4 歳 クリスマス プレゼント,1300,1,427,18,http://toysrus.co.jp/ja-jp/promotions/birthday-present/age-4-5/
299,クリスマス ツリー トイザらス,1300,1,427,20,http://toysrus.co.jp/ja-jp/party/christmas/
300,5歳のクリスマスプレゼント,1000,1,425,25,http://toysrus.co.jp/ja-jp/promotions/birthday-present/age-4-5/
301,ストライダートイザらス,1000,1,425,19,http://toysrus.co.jp/ja-jp/bikes-scooters-ride-ons/bikes/training-bikes/
302,5歳　クリスマスプレゼント,1000,1,425,25,http://toysrus.co.jp/ja-jp/promotions/birthday-present/age-4-5/
303,アイロンビーズトイザらス,1000,1,425,20,http://toysrus.co.jp/ja-jp/perler/
304,アナと雪の女王　おもちゃ,1000,1,425,25,http://toysrus.co.jp/ja-jp/frozen/
305,トイザらスストライダー,1000,1,425,19,http://toysrus.co.jp/ja-jp/bikes-scooters-ride-ons/bikes/training-bikes/
306,踊るサボテン,1000,1,425,26,http://toysrus.co.jp/ja-jp/7407793-740779300.html
307,トイザらスアイロンビーズ,1000,1,425,20,http://toysrus.co.jp/ja-jp/perler/
308,滑り台トイザらス,1000,1,425,18,http://toysrus.co.jp/ja-jp/outdoor-sports/slides-and-playground-equipment/
309,プリンセスタブレット,1000,1,425,23,http://toysrus.co.jp/ja-jp/8085021-10089212.html
310,トイザらスのカタログ,1000,1,425,23,http://toysrus.co.jp/ja-jp/catalogue.html
311,トイザらススターカード,1000,1,425,28,http://toysrus.co.jp/ja-jp/login/
312,シルバニアトイザらス,1000,1,425,21,http://toysrus.co.jp/ja-jp/sylvanian-families/
313,トイザらスカタログ,1000,1,425,23,http://toysrus.co.jp/ja-jp/catalogue.html
314,トイザらスシルバニア,1000,1,425,19,http://toysrus.co.jp/ja-jp/sylvanian-families/
315,おすすめおもちゃ,1000,1,425,25,http://toysrus.co.jp/ja-jp/promotions/ranking-toy/
316,トイザらスラッピング,1000,1,425,21,http://toysrus.co.jp/ja-jp/party/giftbags/
317,トイザらストランポリン,1000,1,425,20,http://toysrus.co.jp/ja-jp/outdoor-sports/trampolines/
318,3歳児クリスマスプレゼント,1000,1,425,18,http://toysrus.co.jp/ja-jp/promotions/birthday-present/age-3/
319,4歳プレゼント,1000,1,425,23,http://toysrus.co.jp/ja-jp/promotions/birthday-present/age-4-5/
320,タブレットおもちゃ,1000,1,425,20,http://toysrus.co.jp/ja-jp/electronics/computers-and-tablets/
321,おもちゃのタブレット,1000,1,425,22,http://toysrus.co.jp/ja-jp/electronics/computers-and-tablets/
322,おもちゃタブレット,1000,1,425,20,http://toysrus.co.jp/ja-jp/electronics/computers-and-tablets/
323,恐竜動くおもちゃ,1000,1,425,20,http://toysrus.co.jp/ja-jp/action-figures-and-hero-play/dinosaurs/
324,トイザらスハイハイレース,1000,1,425,21,http://toysrus.co.jp/ja-jp/stores/events-calendar/
325,5歳クリスマスプレゼント,1000,1,425,25,http://toysrus.co.jp/ja-jp/promotions/birthday-present/age-4-5/
326,動く恐竜のおもちゃ,1000,1,425,25,http://toysrus.co.jp/ja-jp/action-figures-and-hero-play/dinosaurs/
327,トランポリントイザらス,1000,1,425,18,http://toysrus.co.jp/ja-jp/outdoor-sports/trampolines/
328,オススメおもちゃ,1000,1,425,30,http://toysrus.co.jp/ja-jp/promotions/ranking-toy/
329,クリスマスプレゼント3歳,1000,1,425,17,http://toysrus.co.jp/ja-jp/promotions/birthday-present/age-3/
330,クリスマス トイザらス,880,1,420,35,http://toysrus.co.jp/ja-jp/promotions/christmas/
331,トイザらス カード,880,1,420,38,http://toysrus.co.jp/ja-jp/starcard/
332,アンパンマン トイザらス,880,1,420,22,http://toysrus.co.jp/ja-jp/anpanman/
333,トイザらス うきわ,880,1,420,18,http://toysrus.co.jp/ja-jp/summer/swim-ring/
334,トイザらス キッチン,880,1,420,18,http://toysrus.co.jp/ja-jp/pretend-play-costumes/kitchens/
335,トイザらス ブラックフライデー チラシ,1000,1,416,31,http://toysrus.co.jp/ja-jp/promotions/blackfriday-toy/
336,クリスマス プレゼント 2歳,1000,1,416,17,http://toysrus.co.jp/ja-jp/promotions/birthday-present/age-2/
337,クリスマスプレゼント 2 歳,1000,1,416,17,http://toysrus.co.jp/ja-jp/promotions/birthday-present/age-2/
338,トイザらス ブラック フライデー チラシ,1000,1,416,31,http://toysrus.co.jp/ja-jp/promotions/blackfriday-toy/
339,5歳 クリスマスプレゼント,1000,1,412,25,http://toysrus.co.jp/ja-jp/promotions/birthday-present/age-4-5/
340,3歳児 クリスマスプレゼント,1000,1,412,16,http://toysrus.co.jp/ja-jp/promotions/birthday-present/age-3/
341,恐竜 動くおもちゃ,1000,1,412,20,http://toysrus.co.jp/ja-jp/action-figures-and-hero-play/dinosaurs/
342,アイロンビーズ トイザらス,1000,1,412,20,http://toysrus.co.jp/ja-jp/perler/
343,トイザらス アイロンビーズ,1000,1,412,20,http://toysrus.co.jp/ja-jp/perler/
344,トイザらス スターカード,1000,1,412,37,http://toysrus.co.jp/ja-jp/login/
345,トイザらス ハイハイレース,1000,1,412,21,http://toysrus.co.jp/ja-jp/stores/events-calendar/
346,4歳の プレゼント,1000,1,412,18,http://toysrus.co.jp/ja-jp/promotions/birthday-present/age-4-5/
347,恐竜 おもちゃ動く,1000,1,412,22,http://toysrus.co.jp/ja-jp/action-figures-and-hero-play/dinosaurs/
348,恐竜おもちゃ 動く,1000,1,412,19,http://toysrus.co.jp/ja-jp/action-figures-and-hero-play/dinosaurs/
349,toys''r''us japan,1000,1,412,38,http://toysrus.co.jp/ja-jp/
350,4歳 プレゼント,1000,1,412,19,http://toysrus.co.jp/ja-jp/promotions/birthday-present/age-4-5/
351,toysrus jp,1000,1,412,49,http://toysrus.co.jp/ja-jp/
352,クリスマスプレゼント 3歳,1000,1,412,17,http://toysrus.co.jp/ja-jp/promotions/birthday-present/age-3/
353,シルバニア トイザらス,1000,1,412,21,http://toysrus.co.jp/ja-jp/sylvanian-families/
354,アナ雪 自転車,1000,1,412,22,http://toysrus.co.jp/ja-jp/7715307-771530700.html
355,クリスマス プレゼント2歳,1000,1,412,17,http://toysrus.co.jp/ja-jp/promotions/birthday-present/age-2/
356,トイザらス クリスマスカタログ2025,1000,1,412,21,http://toysrus.co.jp/ja-jp/catalogue.html
357,ハイハイ レース トイザらス,1000,1,402,21,http://toysrus.co.jp/ja-jp/stores/events-calendar/
358,動く 恐竜 おもちゃ,1000,1,402,22,http://toysrus.co.jp/ja-jp/action-figures-and-hero-play/dinosaurs/
359,クリスマス プレゼント 2 歳,1000,1,402,17,http://toysrus.co.jp/ja-jp/promotions/birthday-present/age-2/
360,トイザらス 店舗 在庫,1300,1,401,18,http://toysrus.co.jp/ja-jp/
361,トイザらス switch2 店頭販売,1300,1,401,27,http://toysrus.co.jp/ja-jp/video-games-entertainment/nintendo-switch-2/
362,4歳 クリスマス プレゼント,1300,1,401,19,http://toysrus.co.jp/ja-jp/promotions/birthday-present/age-4-5/
363,l o lおもちゃ,1300,1,401,25,http://toysrus.co.jp/ja-jp/l.o.l.-surprise/
364,6歳 誕生日 プレゼント,1300,1,401,24,http://toysrus.co.jp/ja-jp/promotions/birthday-present/age-6-12/
365,トイザらス店舗東京,1000,1,393,18,http://toysrus.co.jp/ja-jp/stores/
366,トイザらス東京店舗,1000,1,393,19,http://toysrus.co.jp/ja-jp/stores/
367,トイザらス名古屋,1000,1,393,30,http://toysrus.co.jp/ja-jp/stores/
368,大阪ベビーザらス,1000,1,393,26,http://toysrus.co.jp/ja-jp/stores/
369,ベビーザらス大阪,1000,1,393,17,http://toysrus.co.jp/ja-jp/stores/
370,浮き輪 トイザらス,880,1,384,18,http://toysrus.co.jp/ja-jp/summer/swim-ring/
371,トイザらス マタニティマーク,880,1,384,11,"http://toysrus.co.jp/ja-jp/service-starcard-baby01.html?params={""custom"":""{\""action\"":\""Page-Show\"",\""queryString\"":\""cid=service-starcard-baby01\"",\""locale\"":\""ja_JP\"",\""tracking_consent\"":null,\""csrf\"":{\""tokenName\"":\""csrf_token\"",\""token\"":\""EFB37lXMCqxelP3Ba5gD4s2dIpgHVmQy4SRWk2bR_xeUGKadAo7NbIEyJ3PKVYk7DQEFhdKf5pV_0-ZHpmtRDwMCQxA4mLkDUycCWaCPTx9CbejZsBhSFEQnDgq0ERSs134pb1GYqY8VUeQ_ULfjcy0wykNRLCp1t7UgGjge8cXn5clsgKs=\""},\""CurrentPageMetaData\"":{\""title\"":\""Sites-ToysRUs_JP-Site\"",\""description\"":\""\"",\""keywords\"":\""\"",\""pageMetaTags\"":[]},\""canonicalUrl\"":null}"",""aspect_attributes"":null}&vf=b85a3db049e5b1e054192c88c6e3f230"
372,5歳 誕生日,880,1,384,23,http://toysrus.co.jp/ja-jp/promotions/birthday-present/age-4-5/
373,トイザらス ブラックフライデーチラシ,880,1,384,19,http://toysrus.co.jp/ja-jp/promotions/blackfriday-toy/
374,誕生日 5歳,880,1,384,18,http://toysrus.co.jp/ja-jp/promotions/birthday-present/age-4-5/
375,6歳 クリスマスプレゼント,880,1,384,19,http://toysrus.co.jp/ja-jp/promotions/birthday-present/age-6-12/
376,トイザらスチラシ 最新,880,1,384,20,http://toysrus.co.jp/ja-jp/catalogue.html
377,たまごっちユニ トイザらス,880,1,384,25,http://toysrus.co.jp/ja-jp/electronics/virtual-pets/
378,トイザらス小山,1000,1,369,20,http://toysrus.co.jp/ja-jp/stores/
379,山口トイザらス,1000,1,369,18,http://toysrus.co.jp/ja-jp/stores/
380,トイザらス長岡,1000,1,369,28,http://toysrus.co.jp/ja-jp/stores/
381,トイザらス青森,1000,1,369,20,http://toysrus.co.jp/ja-jp/stores/
382,トイザらス山口,1000,1,369,28,http://toysrus.co.jp/ja-jp/stores/
383,トイザらス長野,1000,1,369,28,http://toysrus.co.jp/ja-jp/stores/
384,トイザらス伊勢崎,1000,1,369,17,http://toysrus.co.jp/ja-jp/stores/
385,トイザらス成田,1000,1,369,31,http://toysrus.co.jp/ja-jp/stores/
386,トイザらス松本,1000,1,369,19,http://toysrus.co.jp/ja-jp/stores/
387,トイザらスイベント,880,1,368,38,http://toysrus.co.jp/ja-jp/stores/events-calendar/
388,1 歳 クリスマス プレゼント,4400,2,365,16,http://toysrus.co.jp/ja-jp/promotions/birthday-present/age-1/
389,アナ 雪 自転車,1000,1,358,24,http://toysrus.co.jp/ja-jp/7715307-771530700.html
390,恐竜 おもちゃ 動く,1000,1,358,22,http://toysrus.co.jp/ja-jp/action-figures-and-hero-play/dinosaurs/
391,山口 トイザらス,1000,1,358,18,http://toysrus.co.jp/ja-jp/stores/
392,恐竜 動く おもちゃ,1000,1,358,19,http://toysrus.co.jp/ja-jp/action-figures-and-hero-play/dinosaurs/
393,トイザらス ハイハイ レース,1000,1,358,21,http://toysrus.co.jp/ja-jp/stores/events-calendar/
394,アイロン ビーズ トイザらス,1000,1,358,20,http://toysrus.co.jp/ja-jp/perler/
395,トイザらス クリスマス カタログ 2025,1000,1,358,21,http://toysrus.co.jp/ja-jp/catalogue.html
396,3 歳児 クリスマス プレゼント,1000,1,358,17,http://toysrus.co.jp/ja-jp/promotions/birthday-present/age-3/
397,クリスマス プレゼント 3 歳,1000,1,358,18,http://toysrus.co.jp/ja-jp/promotions/birthday-present/age-3/
398,5 歳 クリスマス プレゼント,1000,1,358,25,http://toysrus.co.jp/ja-jp/promotions/birthday-present/age-4-5/
399,クリスマスプレゼント 1歳,720,1,357,18,http://toysrus.co.jp/ja-jp/promotions/birthday-present/age-1/
400,おままごとセット トイザらス,720,1,357,21,http://toysrus.co.jp/ja-jp/pretend-play-costumes/
401,トイザらス 加古川,880,1,353,19,http://toysrus.co.jp/ja-jp/stores/
402,武蔵村山 トイザらス,880,1,353,20,http://toysrus.co.jp/ja-jp/stores/
403,トイザらス 名取,880,1,353,17,http://toysrus.co.jp/ja-jp/stores/
404,トイザらス 長野,1000,1,351,27,http://toysrus.co.jp/ja-jp/stores/
405,トイザらス 山口,1000,1,351,18,http://toysrus.co.jp/ja-jp/stores/
406,トイザらス 成田,1000,1,351,31,http://toysrus.co.jp/ja-jp/stores/
407,トイザらス 新潟,1000,1,351,18,http://toysrus.co.jp/ja-jp/stores/
408,トイザらス 松本,1000,1,351,19,http://toysrus.co.jp/ja-jp/stores/
409,トイザらス 伊勢崎,1000,1,351,17,http://toysrus.co.jp/ja-jp/stores/
410,トイザらス 長岡,1000,1,351,28,http://toysrus.co.jp/ja-jp/stores/
411,トイザらス 小山,1000,1,351,19,http://toysrus.co.jp/ja-jp/stores/
412,トイザらス 多摩境,1000,1,351,20,http://toysrus.co.jp/ja-jp/stores/
413,マイクラ のレゴ,14800,4,349,25,http://toysrus.co.jp/ja-jp/lego/lego-minecraft/
414,たまごっちパラダイス,450000,4,338,22,http://toysrus.co.jp/ja-jp/8067538-10083819.html
415,トイザらス ナーフ,720,1,336,26,http://toysrus.co.jp/ja-jp/action-figures-and-hero-play/nerf-blasters/
416,ナーフ トイザらス,720,1,336,26,http://toysrus.co.jp/ja-jp/action-figures-and-hero-play/nerf-blasters/
417,名古屋 トイザらス,1000,1,335,20,http://toysrus.co.jp/ja-jp/stores/
418,トイザらス 青森,1000,1,335,23,http://toysrus.co.jp/ja-jp/stores/
419,トイザらス店舗 東京,1000,1,335,18,http://toysrus.co.jp/ja-jp/stores/
420,ベビーザらス 大阪,1000,1,335,19,http://toysrus.co.jp/ja-jp/stores/
421,トイザらス 埼玉,880,1,335,17,http://toysrus.co.jp/ja-jp/stores/
422,大阪 ベビーザらス,1000,1,335,26,http://toysrus.co.jp/ja-jp/stores/
423,トイザらス 店舗東京,1000,1,335,18,http://toysrus.co.jp/ja-jp/stores/
424,トイザらスおもちゃ一覧,880,1,328,40,http://toysrus.co.jp/ja-jp/toysrus/
425,浮き輪トイザらス,880,1,328,18,http://toysrus.co.jp/ja-jp/summer/swim-ring/
426,クリスマストイザらス,880,1,328,36,http://toysrus.co.jp/ja-jp/promotions/christmas/
427,トイザらス浮輪,880,1,328,18,http://toysrus.co.jp/ja-jp/summer/swim-ring/
428,誕生日5歳,880,1,328,20,http://toysrus.co.jp/ja-jp/promotions/birthday-present/age-4-5/
429,ダンシングサボテン,880,1,328,25,http://toysrus.co.jp/ja-jp/7407793-740779300.html
430,トイザらスマタニティマーク,880,1,328,11,"http://toysrus.co.jp/ja-jp/service-starcard-baby01.html?params={""custom"":""{\""action\"":\""Page-Show\"",\""queryString\"":\""cid=service-starcard-baby01\"",\""locale\"":\""ja_JP\"",\""tracking_consent\"":null,\""csrf\"":{\""tokenName\"":\""csrf_token\"",\""token\"":\""EFB37lXMCqxelP3Ba5gD4s2dIpgHVmQy4SRWk2bR_xeUGKadAo7NbIEyJ3PKVYk7DQEFhdKf5pV_0-ZHpmtRDwMCQxA4mLkDUycCWaCPTx9CbejZsBhSFEQnDgq0ERSs134pb1GYqY8VUeQ_ULfjcy0wykNRLCp1t7UgGjge8cXn5clsgKs=\""},\""CurrentPageMetaData\"":{\""title\"":\""Sites-ToysRUs_JP-Site\"",\""description\"":\""\"",\""keywords\"":\""\"",\""pageMetaTags\"":[]},\""canonicalUrl\"":null}"",""aspect_attributes"":null}&vf=b85a3db049e5b1e054192c88c6e3f230"
431,トイザらス通販,880,1,328,19,http://toysrus.co.jp/ja-jp/
432,トイザらスロゴ,880,1,328,19,http://toysrus.co.jp/ja-jp/
433,5歳　誕生日,880,1,328,20,http://toysrus.co.jp/ja-jp/promotions/birthday-present/age-4-5/
434,トイザらス　ポイントカード,880,1,328,20,http://toysrus.co.jp/ja-jp/login/
435,トイザらスカード,880,1,328,38,http://toysrus.co.jp/ja-jp/starcard/
436,おもちゃのカタログ,720,1,327,24,http://toysrus.co.jp/ja-jp/catalogue.html
437,1歳クリスマス プレゼント,4400,2,325,16,http://toysrus.co.jp/ja-jp/promotions/birthday-present/age-1/
438,ジュラシックワールド おもちゃ,4400,2,325,31,http://toysrus.co.jp/ja-jp/jurassic-world/
439,1歳 のクリスマスプレゼント,4400,2,325,16,http://toysrus.co.jp/ja-jp/promotions/birthday-present/age-1/
440,1 歳 まで の おもちゃ,6600,3,317,17,http://toysrus.co.jp/ja-jp/toddler-and-baby-toys/baby-toys-0/
441,メルちゃん,110000,9,316,44,http://toysrus.co.jp/ja-jp/mell-chan/
442,6 歳 クリスマス プレゼント,880,1,314,19,http://toysrus.co.jp/ja-jp/promotions/birthday-present/age-6-12/
443,トイザらス マタニティ マーク,880,1,314,11,"http://toysrus.co.jp/ja-jp/service-starcard-baby01.html?params={""custom"":""{\""action\"":\""Page-Show\"",\""queryString\"":\""cid=service-starcard-baby01\"",\""locale\"":\""ja_JP\"",\""tracking_consent\"":null,\""csrf\"":{\""tokenName\"":\""csrf_token\"",\""token\"":\""EFB37lXMCqxelP3Ba5gD4s2dIpgHVmQy4SRWk2bR_xeUGKadAo7NbIEyJ3PKVYk7DQEFhdKf5pV_0-ZHpmtRDwMCQxA4mLkDUycCWaCPTx9CbejZsBhSFEQnDgq0ERSs134pb1GYqY8VUeQ_ULfjcy0wykNRLCp1t7UgGjge8cXn5clsgKs=\""},\""CurrentPageMetaData\"":{\""title\"":\""Sites-ToysRUs_JP-Site\"",\""description\"":\""\"",\""keywords\"":\""\"",\""pageMetaTags\"":[]},\""canonicalUrl\"":null}"",""aspect_attributes"":null}&vf=b85a3db049e5b1e054192c88c6e3f230"
444,トイザらス 浮き 輪,880,1,314,18,http://toysrus.co.jp/ja-jp/summer/swim-ring/
445,たまごっち ユニ トイザらス,880,1,314,25,http://toysrus.co.jp/ja-jp/electronics/virtual-pets/
446,浮き 輪 トイザらス,880,1,314,18,http://toysrus.co.jp/ja-jp/summer/swim-ring/
447,クロミ スマホ ワイド トイザらス,880,1,314,25,http://toysrus.co.jp/ja-jp/8133441-10099119.html
448,トイザらス おもちゃ 一覧,880,1,314,37,http://toysrus.co.jp/ja-jp/toysrus/
449,トイザらス チラシ 最新,880,1,314,25,http://toysrus.co.jp/ja-jp/catalogue.html
450,toys store,9900,4,306,37,http://toysrus.co.jp/ja-jp/
451,クリスマス プレゼント 3歳,1000,1,306,18,http://toysrus.co.jp/ja-jp/promotions/birthday-present/age-3/
452,3 歳児 クリスマスプレゼント,1000,1,306,16,http://toysrus.co.jp/ja-jp/promotions/birthday-present/age-3/
453,toys r us japan,1000,1,306,69,http://toysrus.co.jp/ja-jp/
454,クリスマス 5歳 プレゼント,1000,1,306,23,http://toysrus.co.jp/ja-jp/promotions/birthday-present/age-4-5/
455,5歳 クリスマス プレゼント,1000,1,306,25,http://toysrus.co.jp/ja-jp/promotions/birthday-present/age-4-5/
456,トイザらス クリスマスカタログ 2025,1000,1,306,18,http://toysrus.co.jp/ja-jp/catalogue.html
457,toys r''us japan,1000,1,306,38,http://toysrus.co.jp/ja-jp/
458,1 歳児 クリスマスプレゼント,1000,1,306,18,http://toysrus.co.jp/ja-jp/promotions/birthday-present/age-1/
459,クリスマスプレゼント 3 歳,1000,1,306,18,http://toysrus.co.jp/ja-jp/promotions/birthday-present/age-3/
460,マリオ おもちゃ,4400,2,302,33,http://toysrus.co.jp/ja-jp/super-mario/
461,エルオーエルおもちゃ,720,1,300,26,http://toysrus.co.jp/ja-jp/l.o.l.-surprise/
462,エルサ自転車,720,1,300,22,http://toysrus.co.jp/ja-jp/7715307-771530700.html
463,アンパンマン2歳おもちゃ,720,1,300,22,http://toysrus.co.jp/ja-jp/anpanman/
464,日本トイザらス株式会社,880,1,300,18,"http://toysrus.co.jp/ja-jp/corporate-about.html?params={""custom"":""{\""action\"":\""Page-Show\"",\""queryString\"":\""cid=corporate-about\"",\""locale\"":\""ja_JP\"",\""tracking_consent\"":null,\""csrf\"":{\""tokenName\"":\""csrf_token\"",\""token\"":\""AU2RZHx29wypR2kK00Z1RLeiT7nkHZFoRRv3KvO2bqDImRmIx5pUHxnZj7HNe5sucWaee9Qq7Mzmh3kdVVKTR0ppLd0pdw34Sgd8rg7DWCNWQ--3ZYxDzvoK6cFQbRQVhr1nNaHKVkg7a5hrc1M0hywFaQXJxOYYK6TUNRPV2F56YYCW2RE=\""},\""CurrentPageMetaData\"":{\""title\"":\""Sites-ToysRUs_JP-Site\"",\""description\"":\""\"",\""keywords\"":\""\"",\""pageMetaTags\"":[]},\""canonicalUrl\"":null}"",""aspect_attributes"":null}&vf=f83f7df998f662c76a0c21f15a9650c4"
465,おままごとセットトイザらス,720,1,300,21,http://toysrus.co.jp/ja-jp/pretend-play-costumes/
466,ナーフトイザらス,720,1,300,26,http://toysrus.co.jp/ja-jp/action-figures-and-hero-play/nerf-blasters/
467,トイザらス多摩境,880,1,300,21,http://toysrus.co.jp/ja-jp/stores/
468,4 5歳,6600,4,287,24,http://toysrus.co.jp/ja-jp/promotions/birthday-present/age-4-5/
469,メルちゃん ベビーカー,6600,4,287,23,http://toysrus.co.jp/ja-jp/6583520-658352000.html
470,ベビーカー メルちゃん,6600,4,287,20,http://toysrus.co.jp/ja-jp/6583520-658352000.html
471,ベビーザ ら ス 大阪,1000,1,281,19,http://toysrus.co.jp/ja-jp/stores/
472,トイザらス 店舗 東京,1000,1,281,18,http://toysrus.co.jp/ja-jp/stores/
473,トイザらス ベビーザらス 新座店,8100,3,280,18,http://toysrus.co.jp/ja-jp/stores/
474,マインクラフト のレゴ,6600,3,276,23,http://toysrus.co.jp/ja-jp/lego/lego-minecraft/
475,こども 自転車,18100,5,276,36,http://toysrus.co.jp/ja-jp/bikes-scooters-ride-ons/bikes/
476,二歳誕生日,590,1,270,12,http://toysrus.co.jp/ja-jp/promotions/birthday-present/age-2/
477,トイザらス福袋2026,590,1,270,21,http://toysrus.co.jp/ja-jp/promotions/new-year-sale-toy/
478,トイストーリー電話おもちゃ,590,1,270,25,http://toysrus.co.jp/ja-jp/7634927-763492700.html
479,トイザらスパズル,590,1,270,35,http://toysrus.co.jp/ja-jp/games-puzzles/puzzles/jigsaw-puzzles/
480,トイザらスおままごと,590,1,270,18,http://toysrus.co.jp/ja-jp/pretend-play-costumes/
481,トミカトイザらス,590,1,270,20,http://toysrus.co.jp/ja-jp/tomica/
482,おままごとトイザらス,590,1,270,22,http://toysrus.co.jp/ja-jp/pretend-play-costumes/
483,トイザらス会員登録,590,1,270,36,http://toysrus.co.jp/ja-jp/login/
484,子どもトランポリン,6600,4,269,25,http://toysrus.co.jp/ja-jp/outdoor-sports/trampolines/
485,ジャングルジムアンパンマン,6600,4,269,36,http://toysrus.co.jp/ja-jp/7247400-724740000.html
486,トイ ストーリー おもちゃ,8100,4,269,39,http://toysrus.co.jp/ja-jp/toy-story/
487,トイザらス神奈川,590,1,263,17,http://toysrus.co.jp/ja-jp/stores/
488,ピタゴラス おもちゃ,6600,4,262,33,http://toysrus.co.jp/ja-jp/pythagoras/
489,トイザらス 会員登録,590,1,259,37,http://toysrus.co.jp/ja-jp/login/
490,クリスマス 2歳,590,1,259,17,http://toysrus.co.jp/ja-jp/promotions/birthday-present/age-2/
491,誕生日プレゼント おもちゃ,590,1,259,18,http://toysrus.co.jp/ja-jp/promotions/birthday-present/
492,6歳 誕生日,590,1,259,19,http://toysrus.co.jp/ja-jp/promotions/birthday-present/age-6-12/
493,誕生日プレゼント 四歳,590,1,259,18,http://toysrus.co.jp/ja-jp/promotions/birthday-present/age-4-5/
494,クリスマス プレゼント5歳,590,1,259,19,http://toysrus.co.jp/ja-jp/promotions/birthday-present/age-4-5/
495,クリスマスプレゼント 4歳,590,1,259,22,http://toysrus.co.jp/ja-jp/promotions/birthday-present/age-4-5/
496,ベビーザらス プレママ,590,1,259,14,"http://toysrus.co.jp/ja-jp/service-starcard-baby01.html?params={""custom"":""{\""action\"":\""Page-Show\"",\""queryString\"":\""cid=service-starcard-baby01\"",\""locale\"":\""ja_JP\"",\""tracking_consent\"":null,\""csrf\"":{\""tokenName\"":\""csrf_token\"",\""token\"":\""XDGQGnx6tJtV_ODq2IN9OrX36rjthjEPYMIyz74bROKvLDB1w4Dww7mnsTSDFtN6rXNREV6QIG2YeT1aQjOOnEIVlU79jHBO_AepuwEUa6W-6GiB5XFmhz8pYuKMYCEjEoqukVWt5A1_wtdwxGw22b0nnXeEEJx6Imb_HwgnKNsxMQsdYh8=\""},\""CurrentPageMetaData\"":{\""title\"":\""Sites-ToysRUs_JP-Site\"",\""description\"":\""\"",\""keywords\"":\""\"",\""pageMetaTags\"":[]},\""canonicalUrl\"":null}"",""aspect_attributes"":null}&vf=57377ed3f0aa129ca95708396e70d266"
497,トイザらス パウパトロール,480,1,254,27,http://toysrus.co.jp/ja-jp/paw-patrol/
498,レールキューブ トイザらス,480,1,254,23,http://toysrus.co.jp/ja-jp/
499,生まれてウーモ トイザらス,480,1,254,25,http://toysrus.co.jp/ja-jp/7909063-790906300.html
500,小学生向け おもちゃ,480,1,254,20,http://toysrus.co.jp/ja-jp/promotions/birthday-present/age-6-12/
501,動くハムスター おもちゃ,480,1,254,20,http://toysrus.co.jp/ja-jp/7626460-762646000.html
502,トイザらス ボールプール,480,1,254,18,http://toysrus.co.jp/ja-jp/7961316-10058551.html
503,トイザらス初売り,590,1,254,39,http://toysrus.co.jp/ja-jp/promotions/new-year-sale-toy/
504,トイザらス プレママ特典,480,1,254,13,http://toysrus.co.jp/ja-jp/service-starcard-baby01.html
505,クリスマスプレゼント 小学一年生,480,1,254,19,http://toysrus.co.jp/ja-jp/promotions/birthday-present/age-6-12/
506,トイザらスチラシ クリスマス,480,1,254,20,http://toysrus.co.jp/ja-jp/promotions/christmas/
507,トイザらス 自転車20インチ,480,1,254,18,http://toysrus.co.jp/ja-jp/bikes-scooters-ride-ons/bikes/20-inches-bikes/
508,クリスマスプレゼント 4歳児,480,1,254,19,http://toysrus.co.jp/ja-jp/promotions/birthday-present/age-4-5/
509,リカちゃん トイザらス,480,1,254,18,http://toysrus.co.jp/ja-jp/licca/
510,トイザらス 年末年始営業時間,480,1,254,17,http://toysrus.co.jp/ja-jp/stores/
511,トイザらス 限定トミカ,480,1,254,25,http://toysrus.co.jp/ja-jp/tomica/
512,トイザらス 誕生日クーポン,480,1,254,18,http://toysrus.co.jp/ja-jp/service-starcard-birthday.html
513,トイザらス 自転車24インチ,480,1,254,18,http://toysrus.co.jp/ja-jp/bikes-scooters-ride-ons/bikes/24-inches-bikes/
514,トイザらス ぬいぐるみ犬,480,1,254,18,http://toysrus.co.jp/ja-jp/soft-toys/animals-creatures-soft-toys/
515,ベビーザらス クーポン,480,1,254,20,http://toysrus.co.jp/ja-jp/promotions/coupon/
516,ベビーザらス 両親学級,480,1,254,13,"http://toysrus.co.jp/ja-jp/service-starcard-storetour.html?params={""custom"":""{\""action\"":\""Page-Show\"",\""queryString\"":\""cid=service-starcard-storetour\"",\""locale\"":\""ja_JP\"",\""tracking_consent\"":null,\""csrf\"":{\""tokenName\"":\""csrf_token\"",\""token\"":\""Bh40Nj_6c2L80Pw0m66Lv0GXySoQoxQaApfR1dkGM_jJsuZpd8HJF_duRNneUjTNs9wZ8EjIxKN909JSvpRgAQbViSTgsm_yOQF1X5hGw7lSK6OXNf6wXg9PKzEAIWcV6lnq2w7ik7OwkPlJsKIVpgc65khmbE-ZeDPf2tH3LXoRlUKBHNY=\""},\""CurrentPageMetaData\"":{\""title\"":\""Sites-ToysRUs_JP-Site\"",\""description\"":\""\"",\""keywords\"":\""\"",\""pageMetaTags\"":[]},\""canonicalUrl\"":null}"",""aspect_attributes"":null}&vf=88be1ce6342fe4cfb1ca6acfbd40f3cf"
517,小学一年生 クリスマスプレゼント,480,1,254,19,http://toysrus.co.jp/ja-jp/promotions/birthday-present/age-6-12/
518,恐竜おもちゃ トイザらス,480,1,254,23,http://toysrus.co.jp/ja-jp/action-figures-and-hero-play/dinosaurs/
519,トイザらス クレーンゲーム,480,1,254,25,http://toysrus.co.jp/ja-jp/7966164-10059817.html
520,トイザらスオンライン 送料,480,1,254,18,http://toysrus.co.jp/ja-jp/guidance-shipping.html
521,4歳児 クリスマスプレゼント,480,1,254,23,http://toysrus.co.jp/ja-jp/promotions/birthday-present/age-4-5/
522,トミカ トイザらス限定,480,1,254,23,http://toysrus.co.jp/ja-jp/tomica/
523,トイザらス 犬ぬいぐるみ,480,1,254,18,http://toysrus.co.jp/ja-jp/soft-toys/animals-creatures-soft-toys/
524,ベビーザらス 特典,480,1,254,21,"http://toysrus.co.jp/ja-jp/service-starcard-baby01.html?params={""custom"":""{\""action\"":\""Page-Show\"",\""queryString\"":\""cid=service-starcard-baby01\"",\""locale\"":\""ja_JP\"",\""tracking_consent\"":null,\""csrf\"":{\""tokenName\"":\""csrf_token\"",\""token\"":\""AdBbqvgKlHZujbtdXqh6yQaIKeF5YOmn9bH66LLrsF4hRFUwWFjrjCX8agXqthihIyQAGYcGboZPaL7u62_OoiQPZksFx0UUDoQWbAR-EXU8vCpXnk0P1OP3DZbNIQ2SQtuKJ5jRQ-1ttf3Kh_URjQGmRCp005mGWKc1_YFRek64UkqXlG8=\""},\""CurrentPageMetaData\"":{\""title\"":\""Sites-ToysRUs_JP-Site\"",\""description\"":\""\"",\""keywords\"":\""\"",\""pageMetaTags\"":[]},\""canonicalUrl\"":null}"",""aspect_attributes"":null}&vf=57377ed3f0aa129ca95708396e70d266"
525,おかえりピカチュウ トイザらス,480,1,254,24,http://toysrus.co.jp/ja-jp/8215804-10123520.html
526,トイザらス うまれてウーモ,480,1,254,24,http://toysrus.co.jp/ja-jp/7909063-790906300.html
527,クレーンゲーム トイザらス,480,1,254,20,http://toysrus.co.jp/search/?q=クレーンゲーム
528,アイアンマン おもちゃ,480,1,254,26,http://toysrus.co.jp/ja-jp/marvel/
529,トイザらス 自転車18インチ,480,1,254,18,http://toysrus.co.jp/ja-jp/bikes-scooters-ride-ons/bikes/18-inches-bikes/
530,キティちゃん ドールハウス,480,1,254,23,http://toysrus.co.jp/ja-jp/7839979-783997900.html
531,キッズカメラ トイザらス,480,1,254,21,http://toysrus.co.jp/ja-jp/electronics/youth-electronics/
532,2歳 お誕生日プレゼント,480,1,254,17,http://toysrus.co.jp/ja-jp/promotions/birthday-present/age-2/
533,クリスマスプレゼントおすすめ 小学生,480,1,254,20,http://toysrus.co.jp/ja-jp/promotions/birthday-present/age-6-12/
534,トイザらス 大型店,590,1,253,16,http://toysrus.co.jp/ja-jp/stores/
535,ベビーザラス特典,480,1,253,23,"http://toysrus.co.jp/ja-jp/service-starcard-baby01.html?params={""custom"":""{\""action\"":\""Page-Show\"",\""queryString\"":\""cid=service-starcard-baby01\"",\""locale\"":\""ja_JP\"",\""tracking_consent\"":null,\""csrf\"":{\""tokenName\"":\""csrf_token\"",\""token\"":\""MDICK0PcKXpWz40k5_f264ciw7R8MqBJmRNUYYDg0Z1P2JooIN1fHolezqARMytIJJNq4GSwHzSPcVKd2i1Ld9t8mjYdamlUaWQnGozcAZIFNKP6l0RWpq-VUZB5-u2glcdpu-aey2N3wNC2tkxcvdPh-1NeJKf0gilAIURFi6otUQd2_rM=\""},\""CurrentPageMetaData\"":{\""title\"":\""Sites-ToysRUs_JP-Site\"",\""description\"":\""\"",\""keywords\"":\""\"",\""pageMetaTags\"":[]},\""canonicalUrl\"":null}"",""aspect_attributes"":null}&vf=57377ed3f0aa129ca95708396e70d266"
536,トイザらススクイーズ,480,1,253,25,http://toysrus.co.jp/ja-jp/8027668-10072911.html
537,トイザらス風船,480,1,253,18,http://toysrus.co.jp/ja-jp/party/balloons-decorations/
538,トイザらスswitch,480,1,253,21,http://toysrus.co.jp/ja-jp/video-games-entertainment/nintendo-switch/
539,おもちゃ小学生向け,480,1,253,20,http://toysrus.co.jp/ja-jp/promotions/birthday-present/age-6-12/
540,キッズカメラトイザらス,480,1,253,21,http://toysrus.co.jp/ja-jp/electronics/youth-electronics/
541,トイザらス犬のぬいぐるみ,480,1,253,18,http://toysrus.co.jp/ja-jp/soft-toys/animals-creatures-soft-toys/
542,トイザらス犬ぬいぐるみ,480,1,253,18,http://toysrus.co.jp/ja-jp/soft-toys/animals-creatures-soft-toys/
543,トイザらスプラレール,480,1,253,18,http://toysrus.co.jp/ja-jp/plarail/
544,ベビーザらスクーポン,480,1,253,20,http://toysrus.co.jp/ja-jp/promotions/coupon/
545,クリスマスプレゼント小学一年生,480,1,253,19,http://toysrus.co.jp/ja-jp/promotions/birthday-present/age-6-12/
546,トイザらススケボー,480,1,253,26,http://toysrus.co.jp/ja-jp/bikes-scooters-ride-ons/skates-and-skateboards/
547,トイザらス24インチ自転車,480,1,253,18,http://toysrus.co.jp/ja-jp/bikes-scooters-ride-ons/bikes/24-inches-bikes/
548,トイザらスクーポンコード,480,1,253,18,http://toysrus.co.jp/ja-jp/promotions/coupon/
549,トイザらスチラシクリスマス,480,1,253,21,http://toysrus.co.jp/ja-jp/catalogue.html
550,小学一年生クリスマスプレゼント,480,1,253,19,http://toysrus.co.jp/ja-jp/promotions/birthday-present/age-6-12/
551,トイザらスプレママ特典,480,1,253,13,http://toysrus.co.jp/ja-jp/service-starcard-baby01.html
552,トイザらスクレーンゲーム,480,1,253,25,http://toysrus.co.jp/search/?q=クレーンゲーム
553,おもちゃ　3歳　おすすめ,480,1,253,17,http://toysrus.co.jp/ja-jp/promotions/birthday-present/age-3/
554,犬のぬいぐるみトイザらス,480,1,253,20,http://toysrus.co.jp/ja-jp/soft-toys/animals-creatures-soft-toys/
555,レールキューブトイザらス,480,1,253,23,http://toysrus.co.jp/ja-jp/
556,トイザらスたまごっち予約,480,1,253,19,http://toysrus.co.jp/ja-jp/tamagotchi/
557,トイザらス積み木,480,1,253,20,http://toysrus.co.jp/ja-jp/learning-toys/wooden-toys/
558,ベビーザらス特典,480,1,253,24,"http://toysrus.co.jp/ja-jp/service-starcard-baby01.html?params={""custom"":""{\""action\"":\""Page-Show\"",\""queryString\"":\""cid=service-starcard-baby01\"",\""locale\"":\""ja_JP\"",\""tracking_consent\"":null,\""csrf\"":{\""tokenName\"":\""csrf_token\"",\""token\"":\""MDICK0PcKXpWz40k5_f264ciw7R8MqBJmRNUYYDg0Z1P2JooIN1fHolezqARMytIJJNq4GSwHzSPcVKd2i1Ld9t8mjYdamlUaWQnGozcAZIFNKP6l0RWpq-VUZB5-u2glcdpu-aey2N3wNC2tkxcvdPh-1NeJKf0gilAIURFi6otUQd2_rM=\""},\""CurrentPageMetaData\"":{\""title\"":\""Sites-ToysRUs_JP-Site\"",\""description\"":\""\"",\""keywords\"":\""\"",\""pageMetaTags\"":[]},\""canonicalUrl\"":null}"",""aspect_attributes"":null}&vf=57377ed3f0aa129ca95708396e70d266"
559,トイザらス営業時間年末年始,480,1,253,18,http://toysrus.co.jp/ja-jp/stores/
560,積み木トイザらス,480,1,253,18,http://toysrus.co.jp/ja-jp/learning-toys/wooden-toys/
561,クレーンゲームトイザらス,480,1,253,23,http://toysrus.co.jp/search/?q=クレーンゲーム
562,トイザらス誕生日クーポン,480,1,253,18,http://toysrus.co.jp/ja-jp/service-starcard-birthday.html
563,トイザらスオンライン送料,480,1,253,21,http://toysrus.co.jp/ja-jp/guidance-shipping.html
564,スケボートイザらス,480,1,253,24,http://toysrus.co.jp/ja-jp/bikes-scooters-ride-ons/skates-and-skateboards/
565,3歳児にプレゼント,480,1,253,17,http://toysrus.co.jp/ja-jp/promotions/birthday-present/age-3/
566,トイザらスキャラクター,480,1,253,18,http://toysrus.co.jp/ja-jp/soft-toys/character-soft-toys/
567,トイザらス店舗 近く,590,1,253,18,http://toysrus.co.jp/ja-jp/stores/
568,キティちゃんドールハウス,480,1,253,25,http://toysrus.co.jp/ja-jp/7839979-783997900.html
569,トイザらスリカちゃん,480,1,253,21,http://toysrus.co.jp/ja-jp/licca/
570,トイザらス たまごっち 予約,480,1,250,19,http://toysrus.co.jp/ja-jp/tamagotchi/
571,トイザらス クーポン コード,480,1,250,17,http://toysrus.co.jp/ja-jp/promotions/coupon/
572,１歳　クリスマスプレゼント,4400,2,250,16,http://toysrus.co.jp/ja-jp/promotions/birthday-present/age-1/
573,トイザらス 自転車 20インチ,480,1,250,18,http://toysrus.co.jp/ja-jp/bikes-scooters-ride-ons/bikes/20-inches-bikes/
574,トイザらス 自転車 18インチ,480,1,250,18,http://toysrus.co.jp/ja-jp/bikes-scooters-ride-ons/bikes/18-inches-bikes/
575,トイザらス　スケボー,480,1,250,26,http://toysrus.co.jp/ja-jp/bikes-scooters-ride-ons/skates-and-skateboards/
576,トイザらス 営業時間 年末年始,480,1,250,16,http://toysrus.co.jp/ja-jp/stores/
577,トイザらス 犬の ぬいぐるみ,480,1,250,18,http://toysrus.co.jp/ja-jp/soft-toys/animals-creatures-soft-toys/
578,トイザらス 誕生日 クーポン,480,1,250,18,http://toysrus.co.jp/ja-jp/service-starcard-birthday.html
579,トイザらス 年末 年始 営業 時間,480,1,250,17,http://toysrus.co.jp/ja-jp/stores/
580,トイザらス 店舗在庫 表示されない,480,1,250,18,"http://toysrus.co.jp/ja-jp/corporate-notice-2024090401.html?params={""custom"":""{\""action\"":\""Page-Show\"",\""queryString\"":\""cid=corporate-notice-2024090401\"",\""locale\"":\""ja_JP\"",\""tracking_consent\"":null,\""csrf\"":{\""tokenName\"":\""csrf_token\"",\""token\"":\""1tRSkkhpSoL8N3x8AOYKeWMVT6wI7hE4EHTYgcTixpXAniaZ3BIrD8aZHLp3bRx735EC9mR709Fpd_xMVp6jQJcN7D6U12liwslFS6Do0J9VOQVP3eej4lLSQ7V7dKn2UN7PxO-sRSmjtyw8MqDAc5d08BDy1RVFCpt5iaGdYBa6T3f0sMw=\""},\""CurrentPageMetaData\"":{\""title\"":\""Sites-ToysRUs_JP-Site\"",\""description\"":\""\"",\""keywords\"":\""\"",\""pageMetaTags\"":[]},\""canonicalUrl\"":null}"",""aspect_attributes"":null}&vf=ad797c5eff093015719b1012aaa7b840"
581,トイザらス うまれて ウーモ,480,1,250,25,http://toysrus.co.jp/ja-jp/7909063-790906300.html
582,クリスマスプレゼント 4 歳児,480,1,250,19,http://toysrus.co.jp/ja-jp/promotions/birthday-present/age-4-5/
583,ベビーザらス ハイハイレース,480,1,250,24,http://toysrus.co.jp/ja-jp/stores/events-calendar/
584,アナ雪 メイクセット,480,1,250,26,http://toysrus.co.jp/ja-jp/7522886-752288601.html
585,トイザらス 自転車 24インチ,480,1,250,18,http://toysrus.co.jp/ja-jp/bikes-scooters-ride-ons/bikes/24-inches-bikes/
586,生まれて ウーモ トイザらス,480,1,250,25,http://toysrus.co.jp/ja-jp/7909063-790906300.html
587,ハイハイ レース ベビーザらス,480,1,250,38,http://toysrus.co.jp/ja-jp/stores/events-calendar/
588,おもちゃ おすすめ 3歳,480,1,250,17,http://toysrus.co.jp/ja-jp/promotions/birthday-present/age-3/
589,トイザらス 店舗 在庫 表示 されない,480,1,250,18,"http://toysrus.co.jp/ja-jp/corporate-notice-2024090401.html?params={""custom"":""{\""action\"":\""Page-Show\"",\""queryString\"":\""cid=corporate-notice-2024090401\"",\""locale\"":\""ja_JP\"",\""tracking_consent\"":null,\""csrf\"":{\""tokenName\"":\""csrf_token\"",\""token\"":\""MqLRtY5URIDqDFFOTHMbA5NybPR0wivjCu71zkxIqqmoZ0mzd4WyITKSiMKNFuQXZpJek2GgTkrnHEA1ScvWjHl6i02l7QDLQ-I0A6XGrfkMWz1eMcpZwcXu8qnMmHYVhtQO8LRNQFMVQNYIs_ijXDF61cCcNZIgo-Q_v1YaQR69uOtrCSg=\""},\""CurrentPageMetaData\"":{\""title\"":\""Sites-ToysRUs_JP-Site\"",\""description\"":\""\"",\""keywords\"":\""\"",\""pageMetaTags\"":[]},\""canonicalUrl\"":null}"",""aspect_attributes"":null}&vf=ad797c5eff093015719b1012aaa7b840"
590,犬の ぬいぐるみ トイザらス,480,1,250,20,http://toysrus.co.jp/ja-jp/soft-toys/animals-creatures-soft-toys/
591,たまごっちパラダイス 店頭販売 トイザらス,480,1,250,19,http://toysrus.co.jp/ja-jp/tamagotchi/
592,おもちゃ 3歳 おすすめ,480,1,250,16,http://toysrus.co.jp/ja-jp/promotions/birthday-present/age-3/
593,トイザらス 店舗在庫表示 されない,480,1,250,18,"http://toysrus.co.jp/ja-jp/corporate-notice-2024090401.html?params={""custom"":""{\""action\"":\""Page-Show\"",\""queryString\"":\""cid=corporate-notice-2024090401\"",\""locale\"":\""ja_JP\"",\""tracking_consent\"":null,\""csrf\"":{\""tokenName\"":\""csrf_token\"",\""token\"":\""1tRSkkhpSoL8N3x8AOYKeWMVT6wI7hE4EHTYgcTixpXAniaZ3BIrD8aZHLp3bRx735EC9mR709Fpd_xMVp6jQJcN7D6U12liwslFS6Do0J9VOQVP3eej4lLSQ7V7dKn2UN7PxO-sRSmjtyw8MqDAc5d08BDy1RVFCpt5iaGdYBa6T3f0sMw=\""},\""CurrentPageMetaData\"":{\""title\"":\""Sites-ToysRUs_JP-Site\"",\""description\"":\""\"",\""keywords\"":\""\"",\""pageMetaTags\"":[]},\""canonicalUrl\"":null}"",""aspect_attributes"":null}&vf=ad797c5eff093015719b1012aaa7b840"
594,トイザらス クーポン 誕生 日,480,1,250,18,http://toysrus.co.jp/ja-jp/service-starcard-birthday.html
595,lolsurprise,480,1,250,40,http://toysrus.co.jp/ja-jp/l.o.l.-surprise/
596,トイザらス マーベルレジェンド,480,1,250,25,http://toysrus.co.jp/ja-jp/marvel/
597,トイザらス 犬のぬいぐるみ,480,1,250,18,http://toysrus.co.jp/ja-jp/soft-toys/animals-creatures-soft-toys/
598,ベビーザ ら ス 両親 学級,480,1,250,15,"http://toysrus.co.jp/ja-jp/service-starcard-storetour.html?params={""custom"":""{\""action\"":\""Page-Show\"",\""queryString\"":\""cid=service-starcard-storetour\"",\""locale\"":\""ja_JP\"",\""tracking_consent\"":null,\""csrf\"":{\""tokenName\"":\""csrf_token\"",\""token\"":\""Bh40Nj_6c2L80Pw0m66Lv0GXySoQoxQaApfR1dkGM_jJsuZpd8HJF_duRNneUjTNs9wZ8EjIxKN909JSvpRgAQbViSTgsm_yOQF1X5hGw7lSK6OXNf6wXg9PKzEAIWcV6lnq2w7ik7OwkPlJsKIVpgc65khmbE-ZeDPf2tH3LXoRlUKBHNY=\""},\""CurrentPageMetaData\"":{\""title\"":\""Sites-ToysRUs_JP-Site\"",\""description\"":\""\"",\""keywords\"":\""\"",\""pageMetaTags\"":[]},\""canonicalUrl\"":null}"",""aspect_attributes"":null}&vf=88be1ce6342fe4cfb1ca6acfbd40f3cf"
599,おすすめおもちゃ 3歳,480,1,250,17,http://toysrus.co.jp/ja-jp/promotions/birthday-present/age-3/
600,クリスマスプレゼント おすすめ 小学生,480,1,250,20,http://toysrus.co.jp/ja-jp/promotions/birthday-present/age-6-12/
601,トイザらス ベビーザらス くずは 店,1000,1,250,21,http://toysrus.co.jp/ja-jp/corporate-pr-store-004.html
602,vtech,720,1,249,19,http://toysrus.co.jp/ja-jp/vtech/
603,トイザらス店舗 大阪,480,1,248,27,http://toysrus.co.jp/ja-jp/stores/
604,トイザらス プラレール,480,1,247,18,http://toysrus.co.jp/ja-jp/plarail/
605,トイザらス スケボー,480,1,247,20,http://toysrus.co.jp/ja-jp/bikes-scooters-ride-ons/skates-and-skateboards/
606,小学生 プレゼント 誕生日,3600,2,247,20,http://toysrus.co.jp/ja-jp/promotions/birthday-present/age-6-12/
607,ロボ ザウルス,480,1,247,26,http://toysrus.co.jp/ja-jp/7840446-784044600.html
608,スケボー トイザらス,480,1,247,26,http://toysrus.co.jp/ja-jp/bikes-scooters-ride-ons/skates-and-skateboards/
609,トイザらス スクイーズ,480,1,247,25,http://toysrus.co.jp/ja-jp/8027668-10072911.html
610,トイザらス キャラクター,480,1,247,18,http://toysrus.co.jp/ja-jp/soft-toys/character-soft-toys/
611,トイザらス 積み木,480,1,247,19,http://toysrus.co.jp/ja-jp/learning-toys/wooden-toys/
612,ブロック トイザらス,480,1,247,19,http://toysrus.co.jp/ja-jp/building-blocks-lego/
613,トイザらス 風船,480,1,247,18,http://toysrus.co.jp/ja-jp/party/balloons-decorations/
614,アンパンマン おもちゃ 3歳,3600,2,247,22,http://toysrus.co.jp/ja-jp/anpanman/
615,三輪車 トイザらス,480,1,247,22,http://toysrus.co.jp/ja-jp/toddler-and-baby-toys/trikest/
616,ラプンツェル 自転車,480,1,247,20,http://toysrus.co.jp/ja-jp/7705735-770573500.html
617,ティニピン おもちゃ,6600,3,246,23,http://toysrus.co.jp/ja-jp/catch-teenieping/
618,おすすめ おもちゃ 3歳,480,1,246,17,http://toysrus.co.jp/ja-jp/promotions/birthday-present/age-3/
619,トイザらスは何時まで,480,1,246,32,http://toysrus.co.jp/ja-jp/stores/
620,トイザらス何時まで,480,1,246,21,http://toysrus.co.jp/ja-jp/stores/
621,トイザらス 年末 年始 営業時間,480,1,246,17,http://toysrus.co.jp/ja-jp/stores/
622,ベビーザらス ハイハイ レース,480,1,246,24,http://toysrus.co.jp/ja-jp/stores/events-calendar/
623,トイザらス 年末年始 営業時間,480,1,246,17,http://toysrus.co.jp/ja-jp/stores/
624,トイザらス大阪店舗,480,1,246,27,http://toysrus.co.jp/ja-jp/stores/
625,小学生向けのおもちゃ,480,1,243,20,http://toysrus.co.jp/ja-jp/promotions/birthday-present/age-6-12/
626,アナ雪メイクセット,480,1,243,26,http://toysrus.co.jp/ja-jp/7522886-752288601.html
627,リカちゃんトイザらス,480,1,243,18,http://toysrus.co.jp/ja-jp/licca/
628,トイザらスぬいぐるみ犬,480,1,243,18,http://toysrus.co.jp/ja-jp/soft-toys/animals-creatures-soft-toys/
629,クリスマスプレゼント 4 歳,590,1,243,23,http://toysrus.co.jp/ja-jp/promotions/birthday-present/age-4-5/
630,ベビーザらス マタニティ マーク,590,1,243,13,"http://toysrus.co.jp/ja-jp/service-starcard-baby01.html?params={""custom"":""{\""action\"":\""Page-Show\"",\""queryString\"":\""cid=service-starcard-baby01\"",\""locale\"":\""ja_JP\"",\""tracking_consent\"":null,\""csrf\"":{\""tokenName\"":\""csrf_token\"",\""token\"":\""XDGQGnx6tJtV_ODq2IN9OrX36rjthjEPYMIyz74bROKvLDB1w4Dww7mnsTSDFtN6rXNREV6QIG2YeT1aQjOOnEIVlU79jHBO_AepuwEUa6W-6GiB5XFmhz8pYuKMYCEjEoqukVWt5A1_wtdwxGw22b0nnXeEEJx6Imb_HwgnKNsxMQsdYh8=\""},\""CurrentPageMetaData\"":{\""title\"":\""Sites-ToysRUs_JP-Site\"",\""description\"":\""\"",\""keywords\"":\""\"",\""pageMetaTags\"":[]},\""canonicalUrl\"":null}"",""aspect_attributes"":null}&vf=57377ed3f0aa129ca95708396e70d266"
631,トイストーリー 電話 おもちゃ,590,1,243,25,http://toysrus.co.jp/ja-jp/7634927-763492700.html
632,おすすめ　おもちゃ　3歳,480,1,243,17,http://toysrus.co.jp/ja-jp/promotions/birthday-present/age-3/
633,トイザらスマーベルレジェンド,480,1,243,25,http://toysrus.co.jp/ja-jp/marvel/
634,トイザらス年末年始営業時間,480,1,243,17,http://toysrus.co.jp/ja-jp/stores/
635,おもちゃ 小学生 向け,480,1,242,22,http://toysrus.co.jp/ja-jp/promotions/birthday-present/age-6-12/
636,おもちゃ おすすめ 3 歳,480,1,242,14,http://toysrus.co.jp/ja-jp/promotions/birthday-present/age-3/
637,トイザらス トミカ 限定,480,1,242,24,http://toysrus.co.jp/ja-jp/tomica/
638,トイザらス 自転車 20 インチ,480,1,242,18,http://toysrus.co.jp/ja-jp/bikes-scooters-ride-ons/bikes/20-inches-bikes/
639,トイザらス 自転車 キッズ,480,1,242,18,http://toysrus.co.jp/ja-jp/bikes-scooters-ride-ons/bikes/
640,トイザらス リカ ちゃん,480,1,242,21,http://toysrus.co.jp/ja-jp/licca/
641,リカ ちゃん トイザらス,480,1,242,18,http://toysrus.co.jp/ja-jp/licca/
642,トイザらス 自転車 24 インチ,480,1,242,18,http://toysrus.co.jp/ja-jp/bikes-scooters-ride-ons/bikes/24-inches-bikes/
643,キッズ カメラ トイザらス,480,1,242,25,http://toysrus.co.jp/ja-jp/electronics/youth-electronics/
644,トイザらス うまれ て ウーモ,480,1,242,18,http://toysrus.co.jp/ja-jp/8084432-10089183.html
645,おかえり ピカチュウ トイザらス,480,1,242,24,http://toysrus.co.jp/ja-jp/8215804-10123520.html
646,トイザらス プレママ 特典,480,1,242,13,http://toysrus.co.jp/ja-jp/service-starcard-baby01.html
647,クリスマス プレゼント 小学 一年生,480,1,242,19,http://toysrus.co.jp/ja-jp/promotions/birthday-present/age-6-12/
648,トイザらス おもちゃ アンパンマン,480,1,242,22,http://toysrus.co.jp/ja-jp/anpanman/
649,トミカ トイザらス 限定,480,1,242,23,http://toysrus.co.jp/ja-jp/tomica/
650,生まれ て ウーモ トイザらス,480,1,242,25,http://toysrus.co.jp/ja-jp/7909063-790906300.html
651,トイザらス 自転車 18 インチ,480,1,242,18,http://toysrus.co.jp/ja-jp/bikes-scooters-ride-ons/bikes/18-inches-bikes/
652,トイザらス 誕生 日 クーポン,480,1,242,18,http://toysrus.co.jp/ja-jp/service-starcard-birthday.html
653,トイザらス 犬 の ぬいぐるみ,480,1,242,18,http://toysrus.co.jp/ja-jp/soft-toys/animals-creatures-soft-toys/
654,トイザらス おままごと キッチン,480,1,242,18,http://toysrus.co.jp/ja-jp/pretend-play-costumes/kitchens/
655,恐竜 おもちゃ トイザらス,480,1,242,22,http://toysrus.co.jp/ja-jp/action-figures-and-hero-play/dinosaurs/
656,トイザらス ぬいぐるみ 犬,480,1,242,18,http://toysrus.co.jp/ja-jp/soft-toys/animals-creatures-soft-toys/
657,トイザらス 限定 トミカ,480,1,242,23,http://toysrus.co.jp/ja-jp/tomica/
658,クリスマス プレゼント おすすめ 小学生,480,1,242,19,http://toysrus.co.jp/ja-jp/promotions/birthday-present/age-6-12/
659,トイザらス チラシ クリスマス,480,1,242,21,http://toysrus.co.jp/ja-jp/catalogue.html
660,トイザらス 大阪 店舗,480,1,241,27,http://toysrus.co.jp/ja-jp/stores/
661,トイザらス 店舗 大阪,480,1,241,17,http://toysrus.co.jp/ja-jp/stores/
662,フラフープ トイザらス,590,1,236,26,http://toysrus.co.jp/ja-jp/6896782-689678201.html
663,トイザらス フラフープ,590,1,236,25,http://toysrus.co.jp/ja-jp/6896782-689678201.html
664,ホッピング トイザらス,590,1,236,18,http://toysrus.co.jp/ja-jp/7157525-715752500.html
665,パズル トイザらス,590,1,236,35,http://toysrus.co.jp/ja-jp/games-puzzles/puzzles/jigsaw-puzzles/
666,lol dolls,590,1,236,43,http://toysrus.co.jp/ja-jp/l.o.l.-surprise/
667,一輪車 トイザらス,590,1,236,18,http://toysrus.co.jp/ja-jp/bikes-scooters-ride-ons/bikes/unicycle/
668,トイザらス 店舗 近く,590,1,234,18,http://toysrus.co.jp/ja-jp/stores/
669,カラーボール,6600,3,231,25,http://toysrus.co.jp/ja-jp/7961316-10058551.html
670,アンパンマンジャングルジム,6600,3,231,35,http://toysrus.co.jp/ja-jp/7247400-724740000.html
671,イカのおもちゃ,6600,3,231,26,http://toysrus.co.jp/ja-jp/8138753-10100934.html
672,1歳までのおもちゃ,6600,3,231,16,http://toysrus.co.jp/ja-jp/toddler-and-baby-toys/baby-toys-0/
673,トイザらス 神奈川,590,1,230,17,http://toysrus.co.jp/ja-jp/stores/
674,クリスマス プレゼント 子ども,3600,2,225,20,http://toysrus.co.jp/ja-jp/promotions/christmas/
675,レゴ ニンジャ ゴー,27100,5,223,25,http://toysrus.co.jp/ja-jp/lego/lego-ninjago/
676,アンパンマン おもちゃ 3 歳,3600,2,220,22,http://toysrus.co.jp/ja-jp/anpanman/
677,アンパンマン クリスマス プレゼント,590,1,220,24,http://toysrus.co.jp/ja-jp/anpanman/
678,トイザらス ベビーザらス 宇都宮店,6600,2,218,19,http://toysrus.co.jp/ja-jp/stores/
679,トイザらス ベビーザらス 武蔵 村山 店,5400,2,216,21,http://toysrus.co.jp/ja-jp/stores/
680,トイザらス ベビーザらス 静岡 店,5400,2,216,20,http://toysrus.co.jp/ja-jp/stores/
681,トイザらス ベビーザ ら ス なんばパークス店,5400,2,216,19,http://toysrus.co.jp/ja-jp/stores/
682,トイザらス 自転車16インチ,390,1,214,18,http://toysrus.co.jp/ja-jp/bikes-scooters-ride-ons/bikes/16-inches-bikes/
683,トイザらス レゴ半額,390,1,214,26,http://toysrus.co.jp/ja-jp/lego/
684,おもちゃ 人気ランキング,390,1,214,37,http://toysrus.co.jp/ja-jp/promotions/ranking-toy/
685,クリスマスプレゼント 6歳,390,1,214,21,http://toysrus.co.jp/ja-jp/promotions/birthday-present/age-6-12/
686,スターウォーズ トイザらス,390,1,214,20,http://toysrus.co.jp/ja-jp/star-wars/
687,トイザらス キッズカメラ,390,1,214,21,http://toysrus.co.jp/ja-jp/electronics/youth-electronics/
688,トイザらス へんしんバイク,390,1,214,19,http://toysrus.co.jp/ja-jp/bikes-scooters-ride-ons/bikes/training-bikes/
689,トイザらス 予約,390,1,214,36,http://toysrus.co.jp/ja-jp/whats-on/new-arrivals/preorder-2/
690,タヨ おもちゃトイザらス,390,1,214,21,http://toysrus.co.jp/ja-jp/8173249-10111036.html
691,1歳おもちゃ 誕生日,390,1,214,20,http://toysrus.co.jp/ja-jp/promotions/birthday-present/age-1/
692,お化粧 おもちゃ,390,1,214,17,http://toysrus.co.jp/ja-jp/pretend-play-costumes/makeup-fashion-accessories/
693,lolサプライズ サンリオ,390,1,214,27,http://toysrus.co.jp/ja-jp/7983174-10062453.html
694,ジョブレイバー トイザらス,390,1,214,19,http://toysrus.co.jp/ja-jp/jobraver/
695,アンパンマン おもちゃ4歳,390,1,214,24,http://toysrus.co.jp/ja-jp/anpanman/
696,流行りのおもちゃ 小学生,390,1,214,21,http://toysrus.co.jp/ja-jp/promotions/birthday-present/age-6-12/
697,トイザらス 年末年始,390,1,214,19,http://toysrus.co.jp/ja-jp/corporate-notice-2024123001.html
698,ジュラシックワールド 恐竜おもちゃ,390,1,214,42,http://toysrus.co.jp/ja-jp/jurassic-world/
699,トイザらス おもちゃ修理,390,1,214,17,"http://toysrus.co.jp/ja-jp/service-toywide.html?params={""custom"":""{\""action\"":\""Page-Show\"",\""queryString\"":\""cid=service-toywide\"",\""locale\"":\""ja_JP\"",\""tracking_consent\"":null,\""csrf\"":{\""tokenName\"":\""csrf_token\"",\""token\"":\""BTm5Xuk_qwuFZ6jjtUlSoeKcbWd0Wi41j-gYxkegcRHgM5mZPEcfZQP3SooEKg6qHIFUEXIITie4StNzOF7zAoFm0dGHYUsGRvmmK7hODCPhqYELPrl-Cmi0slircvmwR4gaoef4rptoRZqL4L9J_RqbWt_AfOlBB6VrKQ9Bkd1kTz0EU2U=\""},\""CurrentPageMetaData\"":{\""title\"":\""Sites-ToysRUs_JP-Site\"",\""description\"":\""\"",\""keywords\"":\""\"",\""pageMetaTags\"":[]},\""canonicalUrl\"":null}"",""aspect_attributes"":null}&vf=f235a6dc8272affec25f1e5c3c082613"
700,ベビザラス マタニティ特典,390,1,214,11,http://toysrus.co.jp/ja-jp/service-starcard-baby01.html
701,トイザらス スターウォーズ,390,1,214,18,http://toysrus.co.jp/ja-jp/star-wars/
702,おもちゃ 1歳誕生日,390,1,214,25,http://toysrus.co.jp/ja-jp/promotions/birthday-present/age-1/
703,ポケモンカード トイザらス,390,1,214,23,http://toysrus.co.jp/ja-jp/pokemoncardgame/
704,へんしんバイク トイザらス,390,1,214,20,http://toysrus.co.jp/ja-jp/bikes-scooters-ride-ons/bikes/training-bikes/
705,トイザらス 店舗受け取り,390,1,214,19,http://toysrus.co.jp/ja-jp/service-ispu.html
706,小学生低学年 プレゼント,390,1,214,22,http://toysrus.co.jp/ja-jp/promotions/birthday-present/age-6-12/
707,アクセサリー 作るおもちゃ,390,1,214,21,http://toysrus.co.jp/ja-jp/craft-activities/fashion-crafts-jewellery/
708,トイザらス キッズテント,390,1,214,18,http://toysrus.co.jp/ja-jp/outdoor-sports/tents-and-playhouses/
709,おままごとキッチン トイザらス,390,1,214,18,http://toysrus.co.jp/ja-jp/pretend-play-costumes/kitchens/
710,アンパンマンおもちゃ 4歳,390,1,214,24,http://toysrus.co.jp/ja-jp/anpanman/
711,キッズテント トイザらス,390,1,214,18,http://toysrus.co.jp/ja-jp/outdoor-sports/tents-and-playhouses/
712,おもちゃ修理 トイザらス,390,1,214,26,http://toysrus.co.jp/ja-jp/service-toywide.html
713,おもちゃ 三歳,390,1,214,26,http://toysrus.co.jp/ja-jp/promotions/birthday-present/age-3/
714,クリスマス プレゼント6歳,390,1,214,21,http://toysrus.co.jp/ja-jp/promotions/birthday-present/age-6-12/
715,トイザらスローラースケート,390,1,211,24,http://toysrus.co.jp/ja-jp/bikes-scooters-ride-ons/skates-and-skateboards/
716,トイザらスヘルメット,390,1,211,19,http://toysrus.co.jp/ja-jp/bikes-scooters-ride-ons/pads-and-helmets-and-bike-and-accessories/
717,トイザらスキッズカメラ,390,1,211,21,http://toysrus.co.jp/ja-jp/electronics/youth-electronics/
718,近くのおもちゃ 売り場,390,1,211,19,http://toysrus.co.jp/ja-jp/stores/
719,アンパンマンおもちゃ4歳,390,1,211,21,http://toysrus.co.jp/ja-jp/anpanman/
720,ポケモンカードトイザらス,390,1,211,18,http://toysrus.co.jp/ja-jp/pokemoncardgame/
721,トイザらス自転車16インチ,390,1,211,18,http://toysrus.co.jp/ja-jp/bikes-scooters-ride-ons/bikes/16-inches-bikes/
722,へんしんバイクトイザらス,390,1,211,18,http://toysrus.co.jp/ja-jp/bikes-scooters-ride-ons/bikes/training-bikes/
723,おもちゃ人気ランキング,390,1,211,35,http://toysrus.co.jp/ja-jp/promotions/ranking-toy/
724,小学生低学年プレゼント,390,1,211,23,http://toysrus.co.jp/ja-jp/promotions/birthday-present/age-6-12/
725,ジュラシックワールド恐竜おもちゃ,390,1,211,43,http://toysrus.co.jp/ja-jp/jurassic-world/
726,トイザらス年末年始,390,1,211,19,http://toysrus.co.jp/ja-jp/corporate-notice-2024123001.html
727,5歳児のクリスマスプレゼント,390,1,211,19,http://toysrus.co.jp/ja-jp/promotions/birthday-present/age-4-5/
728,おもちゃ三歳,390,1,211,26,http://toysrus.co.jp/ja-jp/promotions/birthday-present/age-3/
729,ぷにるんずトイザらス,390,1,211,22,http://toysrus.co.jp/ja-jp/8066078-10083366.html
730,クリスマス3歳,390,1,211,17,http://toysrus.co.jp/ja-jp/promotions/birthday-present/age-3/
731,一年生誕生日プレゼント,390,1,211,19,http://toysrus.co.jp/ja-jp/promotions/birthday-present/age-6-12/
732,トイザらス店舗 埼玉,390,1,211,13,http://toysrus.co.jp/ja-jp/stores/
733,ジョブレイバートイザらス,390,1,211,18,http://toysrus.co.jp/ja-jp/jobraver/
734,おもちゃ修理トイザらス,390,1,211,35,http://toysrus.co.jp/ja-jp/service-toywide.html
735,トイザらス自転車22インチ,390,1,211,18,http://toysrus.co.jp/ja-jp/bikes-scooters-ride-ons/bikes/22-inches-bikes/
736,5歳児クリスマスプレゼント,390,1,211,21,http://toysrus.co.jp/ja-jp/promotions/birthday-present/age-4-5/
737,ライトセーバートイザらス,390,1,211,26,http://toysrus.co.jp/ja-jp/star-wars/
738,明石トイザらス,390,1,211,17,http://toysrus.co.jp/ja-jp/stores/
739,ドレッサートイザらス,390,1,211,20,http://toysrus.co.jp/ja-jp/pretend-play-costumes/makeup-fashion-accessories/
740,タヨおもちゃトイザらス,390,1,211,24,http://toysrus.co.jp/ja-jp/8173249-10111036.html
741,5歳児誕生日プレゼント,390,1,211,21,http://toysrus.co.jp/ja-jp/promotions/birthday-present/age-4-5/
742,三輪車ハマー,390,1,211,22,http://toysrus.co.jp/ja-jp/7309805-730980500.html
743,トイザらスサンリオ,390,1,211,25,http://toysrus.co.jp/ja-jp/sanrio/
744,トイザらス16インチ自転車,390,1,211,18,http://toysrus.co.jp/ja-jp/bikes-scooters-ride-ons/bikes/16-inches-bikes/
745,トイザらスキッズテント,390,1,211,18,http://toysrus.co.jp/ja-jp/outdoor-sports/tents-and-playhouses/
746,トイザらス明石,390,1,211,17,http://toysrus.co.jp/ja-jp/stores/
747,トイザらスライトセーバー,390,1,211,26,http://toysrus.co.jp/ja-jp/star-wars/
748,lolサンリオ,390,1,211,27,http://toysrus.co.jp/ja-jp/7983174-10062453.html
749,トイザらス 松任,590,1,210,18,http://toysrus.co.jp/ja-jp/stores/
750,小学3年生 人気 おもちゃ,390,1,209,19,http://toysrus.co.jp/ja-jp/promotions/birthday-present/age-6-12/
751,トイザらス ポイント 20倍,390,1,209,19,"http://toysrus.co.jp/ja-jp/service-starcard-hbpd.html?params={""custom"":""{\""action\"":\""Page-Show\"",\""queryString\"":\""cid=service-starcard-hbpd\"",\""locale\"":\""ja_JP\"",\""tracking_consent\"":null,\""csrf\"":{\""tokenName\"":\""csrf_token\"",\""token\"":\""p8dLqmFg5j3TPy1UmV4QThFOtEyngb30ZQiYYkss1SECow_JMEvFIwNJ8J30TB8qZh7xKP4wusD3gUis9ID5cTGQR3RqnKAJS9XdLJS_91HcROolonDkzpG7mD8aVAQpdZsdAyzPnK8gY5J1gEh_ZG86gmB7AUNLJkedne3jlBEzg5lRwY8=\""},\""CurrentPageMetaData\"":{\""title\"":\""Sites-ToysRUs_JP-Site\"",\""description\"":\""\"",\""keywords\"":\""\"",\""pageMetaTags\"":[]},\""canonicalUrl\"":null}"",""aspect_attributes"":null}&vf=bbab73d2fe06dbbc1b5da19843c63f4a"
752,おもちゃ 1歳 誕生日,390,1,209,25,http://toysrus.co.jp/ja-jp/promotions/birthday-present/age-1/
753,アンパンマン 一歳 おもちゃ,390,1,209,28,http://toysrus.co.jp/ja-jp/anpanman/
754,おもちゃ 修理 トイザらス,390,1,209,26,http://toysrus.co.jp/ja-jp/service-toywide.html
755,たまごっちパラダイス 再入荷 トイザらス,390,1,209,24,http://toysrus.co.jp/ja-jp/tamagotchi/
756,トイザらス 自転車 22インチ,390,1,209,18,http://toysrus.co.jp/ja-jp/bikes-scooters-ride-ons/bikes/22-inches-bikes/
757,トイザらス 自転車 16インチ,390,1,209,18,http://toysrus.co.jp/ja-jp/bikes-scooters-ride-ons/bikes/16-inches-bikes/
758,おもちゃ の 人気ランキング,390,1,209,34,http://toysrus.co.jp/ja-jp/promotions/ranking-toy/
759,トイザらス キッズ テント,390,1,209,18,http://toysrus.co.jp/ja-jp/outdoor-sports/tents-and-playhouses/
760,おもちゃお店,390,1,208,21,http://toysrus.co.jp/ja-jp/stores/
761,近くトイザらス,390,1,208,18,http://toysrus.co.jp/ja-jp/stores/
762,トイザらス北海道,390,1,208,19,http://toysrus.co.jp/ja-jp/stores/
763,おままごとキッチン,18100,4,206,36,http://toysrus.co.jp/ja-jp/pretend-play-costumes/kitchens/
764,一歳の誕生日プレゼント,18100,4,206,17,http://toysrus.co.jp/ja-jp/promotions/birthday-present/age-1/
765,1歳 誕生日プレゼント,33100,6,205,16,http://toysrus.co.jp/ja-jp/promotions/birthday-present/age-1/
766,トイザらス ベビーザらス 伊勢崎店,3600,2,204,19,http://toysrus.co.jp/ja-jp/stores/
767,近くの おもちゃ 売り場,390,1,204,19,http://toysrus.co.jp/ja-jp/stores/
768,近く のおもちゃ 売り場,390,1,204,19,http://toysrus.co.jp/ja-jp/stores/
769,トイザらス 店舗 埼玉,390,1,204,13,http://toysrus.co.jp/ja-jp/stores/
770,トイザらス クリスマスクーポン,390,1,201,19,http://toysrus.co.jp/ja-jp/promotions/coupon/
771,ディズニープリンセス タブレット,390,1,201,26,http://toysrus.co.jp/ja-jp/8085021-10089212.html
772,ブラックフライデー おもちゃ,390,1,201,23,http://toysrus.co.jp/ja-jp/promotions/blackfriday-toy/
773,プッシュポップゲーム サンリオ,390,1,201,24,http://toysrus.co.jp/ja-jp/8195331-10117956.html
774,クリスマス 3歳,390,1,201,17,http://toysrus.co.jp/ja-jp/promotions/birthday-present/age-3/
775,ディズニー プリンセスタブレット,390,1,201,26,http://toysrus.co.jp/ja-jp/8085021-10089212.html
776,トイザらス ヘルメット,390,1,199,18,http://toysrus.co.jp/ja-jp/bikes-scooters-ride-ons/pads-and-helmets-and-bike-and-accessories/
777,明石 トイザらス,390,1,199,17,http://toysrus.co.jp/ja-jp/stores/
778,トイザらス 明石,390,1,199,17,http://toysrus.co.jp/ja-jp/stores/
779,ドレッサー トイザらス,390,1,199,20,http://toysrus.co.jp/ja-jp/pretend-play-costumes/makeup-fashion-accessories/
780,トイザらス サンリオ,390,1,199,26,http://toysrus.co.jp/ja-jp/sanrio/
781,マイメロ 自転車,390,1,199,21,http://toysrus.co.jp/ja-jp/8138818-10101121.html
782,トイザらス プラモデル,390,1,199,23,http://toysrus.co.jp/ja-jp/action-figures-and-hero-play/model/
783,トイザらス ライトセーバー,390,1,199,26,http://toysrus.co.jp/ja-jp/star-wars/
784,トイザらス 本社,390,1,198,18,http://toysrus.co.jp/ja-jp/corporate-about.html
785,北海道 トイザらス,390,1,198,18,http://toysrus.co.jp/ja-jp/stores/
786,トイザらス 北海道,390,1,198,19,http://toysrus.co.jp/ja-jp/stores/
787,トイザらス 都内,390,1,198,18,http://toysrus.co.jp/ja-jp/stores/
788,ジョブ レイバー トイザらス,390,1,194,18,http://toysrus.co.jp/ja-jp/jobraver/
789,レゴ フレンズ,9900,5,194,37,http://toysrus.co.jp/ja-jp/lego/lego-friends/
790,誕 プレ 小学生,390,1,194,21,http://toysrus.co.jp/ja-jp/promotions/birthday-present/age-6-12/
791,トイザらスドレッサー,390,1,194,20,http://toysrus.co.jp/ja-jp/pretend-play-costumes/makeup-fashion-accessories/
792,トイザらスネット,390,1,194,36,http://toysrus.co.jp/ja-jp/
793,タヨ おもちゃ トイザらス,390,1,194,21,http://toysrus.co.jp/ja-jp/8173249-10111036.html
794,トイザらス クーポン クリスマス,390,1,194,22,http://toysrus.co.jp/ja-jp/promotions/coupon/
795,小学生 流行 おもちゃ,390,1,194,21,http://toysrus.co.jp/ja-jp/promotions/birthday-present/age-6-12/
796,トイザらス 年末 年始,390,1,194,19,http://toysrus.co.jp/ja-jp/corporate-notice-2024123001.html
797,おもちゃ 三 歳,390,1,194,27,http://toysrus.co.jp/ja-jp/promotions/birthday-present/age-3/
798,おもちゃ 人気 ランキング,390,1,194,34,http://toysrus.co.jp/ja-jp/promotions/ranking-toy/
799,小学生 低 学年 プレゼント,390,1,194,23,http://toysrus.co.jp/ja-jp/promotions/birthday-present/age-6-12/
800,小学生 欲しい もの,390,1,194,21,http://toysrus.co.jp/ja-jp/promotions/birthday-present/age-6-12/
801,lolサプライズサンリオ,390,1,194,27,http://toysrus.co.jp/ja-jp/7983174-10062453.html
802,ぷにる ん ず トイザらス,390,1,194,22,http://toysrus.co.jp/ja-jp/8066078-10083366.html
803,5 歳児 クリスマス プレゼント,390,1,194,21,http://toysrus.co.jp/ja-jp/promotions/birthday-present/age-4-5/
804,車 おもちゃ 乗れる トイザらス,390,1,194,18,http://toysrus.co.jp/ja-jp/bikes-scooters-ride-ons/ride-on-vehicles/
805,ディズニー タブレット プリンセス,390,1,194,21,http://toysrus.co.jp/ja-jp/8085021-10089212.html
806,おもちゃ アクセサリー 作り,390,1,194,25,http://toysrus.co.jp/ja-jp/craft-activities/fashion-crafts-jewellery/
807,アクセサリー 作る おもちゃ,390,1,194,25,http://toysrus.co.jp/ja-jp/craft-activities/fashion-crafts-jewellery/
808,アクセサリー作るおもちゃ,390,1,194,25,http://toysrus.co.jp/ja-jp/craft-activities/fashion-crafts-jewellery/
809,トイザらス音更,480,1,193,20,http://toysrus.co.jp/ja-jp/stores/
810,ダンシングアミーゴ,480,1,193,26,http://toysrus.co.jp/ja-jp/7407793-740779300.html
811,日本トイザらス,480,1,193,62,http://toysrus.co.jp/ja-jp/corporate-about.html
812,旭川トイザらス,480,1,193,20,http://toysrus.co.jp/ja-jp/stores/
813,レゴクラシック,8100,4,193,24,http://toysrus.co.jp/ja-jp/lego/lego-classic/
814,おもちゃ お 店,390,1,191,22,http://toysrus.co.jp/ja-jp/stores/
815,トイザらス 音更,480,1,190,28,http://toysrus.co.jp/ja-jp/stores/
816,トイザらス釧路,390,1,190,18,http://toysrus.co.jp/ja-jp/stores/
817,旭川 トイザらス,480,1,190,31,http://toysrus.co.jp/ja-jp/stores/
818,函館トイザらス,390,1,190,27,http://toysrus.co.jp/ja-jp/stores/
819,トイザらス 港北,480,1,190,20,http://toysrus.co.jp/ja-jp/stores/
820,トイザらス港北,390,1,190,22,http://toysrus.co.jp/ja-jp/stores/
821,トイザらス川崎,390,1,190,21,http://toysrus.co.jp/ja-jp/stores/
822,トイザらス本社,390,1,190,18,http://toysrus.co.jp/ja-jp/corporate-about.html
823,成田 トイザらス,480,1,190,19,http://toysrus.co.jp/ja-jp/stores/
824,苫小牧トイザらス,390,1,190,19,http://toysrus.co.jp/ja-jp/stores/
825,函館 トイザらス,390,1,189,27,http://toysrus.co.jp/ja-jp/stores/
826,トイザらス 川崎,390,1,189,20,http://toysrus.co.jp/ja-jp/stores/
827,トイザらス 釧路,390,1,189,18,http://toysrus.co.jp/ja-jp/stores/
828,小山 トイザらス,390,1,189,20,http://toysrus.co.jp/ja-jp/stores/
829,苫小牧 トイザらス,390,1,189,19,http://toysrus.co.jp/ja-jp/stores/
830,トイザらス 矢本,390,1,189,19,http://toysrus.co.jp/ja-jp/stores/
831,トイザらス ブロック,480,1,184,32,http://toysrus.co.jp/ja-jp/building-blocks-lego/
832,トイザらス宮崎,3600,2,184,28,http://toysrus.co.jp/ja-jp/corporate-pr-store-092.html
833,トミカ 自転車,480,1,184,18,http://toysrus.co.jp/ja-jp/7653794-765379400.html
834,トイザらス ドレッサー,390,1,183,20,http://toysrus.co.jp/ja-jp/pretend-play-costumes/makeup-fashion-accessories/
835,トイザらス ネット,390,1,183,55,http://toysrus.co.jp/ja-jp/
836,トイザらス マーベル レジェンド,480,1,180,25,http://toysrus.co.jp/ja-jp/marvel/
837,0歳から おもちゃ,3600,2,180,25,http://toysrus.co.jp/ja-jp/toddler-and-baby-toys/baby-toys-0/
838,トイザらス 犬 ぬいぐるみ,480,1,180,18,http://toysrus.co.jp/ja-jp/soft-toys/animals-creatures-soft-toys/
839,トイザらス クレーン ゲーム,480,1,180,22,http://toysrus.co.jp/search/?q=クレーンゲーム
840,マインクラフト レゴ,3600,2,180,24,http://toysrus.co.jp/ja-jp/lego/lego-minecraft/
841,18インチ 自転車,3600,2,180,29,http://toysrus.co.jp/ja-jp/bikes-scooters-ride-ons/bikes/18-inches-bikes/
842,ベビーザ ら ス ハイハイ レース,480,1,180,24,http://toysrus.co.jp/ja-jp/stores/events-calendar/
843,トイザらス クリスマス クーポン,390,1,178,22,http://toysrus.co.jp/ja-jp/promotions/coupon/
844,プッシュ ポップ ゲーム サンリオ,390,1,178,24,http://toysrus.co.jp/ja-jp/8195331-10117956.html
845,ディズニー プリンセス タブレット,390,1,178,26,http://toysrus.co.jp/ja-jp/8085021-10089212.html
846,プラレール,110000,10,175,40,http://toysrus.co.jp/ja-jp/plarail/
847,lego,90500,10,167,75,http://toysrus.co.jp/ja-jp/lego/
848,レゴ マリオ,3600,2,157,26,http://toysrus.co.jp/ja-jp/lego/lego-super-mario/
849,熊本 トイザらス,1900,2,154,18,http://toysrus.co.jp/ja-jp/stores/
850,トイストーリー キャラ,60500,8,154,41,http://toysrus.co.jp/ja-jp/toy-story/
851,トイザらス 初 売り,590,1,154,37,http://toysrus.co.jp/ja-jp/promotions/new-year-sale-toy/
852,五 歳児 おもちゃ,320,1,151,16,http://toysrus.co.jp/ja-jp/promotions/birthday-present/age-4-5/
853,トイザらス ボード ゲーム,320,1,151,19,http://toysrus.co.jp/ja-jp/games-puzzles/board-games/
854,クロミ カメラ トイザらス,320,1,151,25,http://toysrus.co.jp/ja-jp/7884001-788400100.html
855,レゴ マイン クラフト 安い,320,1,151,27,http://toysrus.co.jp/ja-jp/lego/lego-minecraft/
856,tamagotchi paradise 予約,320,1,151,23,http://toysrus.co.jp/ja-jp/8291993-10141500.html
857,プリンセス キック ボード,320,1,151,23,http://toysrus.co.jp/ja-jp/7905092-790509200.html
858,おもちゃの車,12100,5,151,21,http://toysrus.co.jp/ja-jp/bikes-scooters-ride-ons/ride-on-vehicles/
859,ベイブレード x トイザらス,320,1,151,21,http://toysrus.co.jp/ja-jp/beyblade-x/
860,ベビーザ ら ス サンプル,320,1,151,13,"http://toysrus.co.jp/ja-jp/service-starcard-baby01.html?params={""custom"":""{\""action\"":\""Page-Show\"",\""queryString\"":\""cid=service-starcard-baby01\"",\""locale\"":\""ja_JP\"",\""tracking_consent\"":null,\""csrf\"":{\""tokenName\"":\""csrf_token\"",\""token\"":\""uQ7s5xKG4whKeE7EbEvonVxsxxUENHMjotbtqJI-SmOI0qRjsbKcJUtC-C_a0rXOWvUTP3OpY8GH-5oIxgQoB3c23F69OyX6rVn4TqRXLLCpEX7b9rA5NguSM52UjmiLAAPH7YmKHn464QpSmvjZsBDXLXMqRWpX3CxiJEfvfd5Jz1fI0Lk=\""},\""CurrentPageMetaData\"":{\""title\"":\""Sites-ToysRUs_JP-Site\"",\""description\"":\""\"",\""keywords\"":\""\"",\""pageMetaTags\"":[]},\""canonicalUrl\"":null}"",""aspect_attributes"":null}&vf=b85a3db049e5b1e054192c88c6e3f230"
861,トイザらス ぬいぐるみ くま,320,1,151,20,http://toysrus.co.jp/ja-jp/soft-toys/
862,トイザらス たまごっち 売り場,320,1,151,20,http://toysrus.co.jp/ja-jp/tamagotchi/
863,3 歳 おもちゃ 人気,320,1,151,19,http://toysrus.co.jp/ja-jp/promotions/birthday-present/age-3/
864,小 1 男子 プレゼント,320,1,151,19,http://toysrus.co.jp/ja-jp/promotions/birthday-present/age-6-12/
865,2 歳 誕生 日 プレゼント アンパンマン,320,1,151,26,http://toysrus.co.jp/ja-jp/anpanman/
866,シール 作る おもちゃ トイザらス,320,1,151,20,http://toysrus.co.jp/ja-jp/7655045-765504500.html
867,トイザらス アクア ビーズ,320,1,151,26,http://toysrus.co.jp/ja-jp/7794576-779457600.html
868,小学生 プレゼント,2400,2,151,23,http://toysrus.co.jp/ja-jp/promotions/birthday-present/age-6-12/
869,おもちゃ 5 歳,320,1,151,16,http://toysrus.co.jp/ja-jp/promotions/birthday-present/age-4-5/
870,ベビーカー おもちゃ トイザらス,320,1,151,18,http://toysrus.co.jp/ja-jp/8110824-10094614.html
871,トイザらス オンライン ラッピング,320,1,151,19,http://toysrus.co.jp/ja-jp/party/giftbags/
872,クロミ スマホ トイザらス,320,1,151,20,http://toysrus.co.jp/ja-jp/8133441-10099119.html
873,おもちゃ ランキング 小学生,320,1,151,20,http://toysrus.co.jp/ja-jp/promotions/birthday-present/age-6-12/
874,ティニピン おもちゃ トイザらス,320,1,151,18,http://toysrus.co.jp/ja-jp/catch-teenieping/
875,おもちゃ 人気 3 歳,320,1,151,18,http://toysrus.co.jp/ja-jp/promotions/birthday-present/age-3/
876,トイザらス くま ぬいぐるみ,320,1,151,21,http://toysrus.co.jp/ja-jp/soft-toys/
877,トイザらス おもちゃ ベビーカー,320,1,151,22,http://toysrus.co.jp/ja-jp/8110824-10094614.html
878,トイザらス カタログ クリスマス,320,1,151,23,http://toysrus.co.jp/ja-jp/catalogue.html
879,サンリオ 恐竜,2400,2,151,23,http://toysrus.co.jp/ja-jp/sanrio-dino/
880,トイザらス くま の ぬいぐるみ,320,1,151,22,http://toysrus.co.jp/ja-jp/soft-toys/
881,minibrands,320,1,150,24,http://toysrus.co.jp/ja-jp/minibrands/
882,アンパンマン アイス屋さん,2400,2,150,22,http://toysrus.co.jp/ja-jp/7251475-725147500.html
883,恐竜 のおもちゃ,2400,2,150,24,http://toysrus.co.jp/ja-jp/action-figures-and-hero-play/dinosaurs/
884,toys r us tokyo,320,1,147,21,http://toysrus.co.jp/ja-jp/stores/
885,モンコレ,33100,6,146,20,http://toysrus.co.jp/ja-jp/moncolle/
886,おもちゃ ネット,2400,2,146,30,http://toysrus.co.jp/ja-jp/
887,おもちゃ 玩具,320,1,145,43,http://toysrus.co.jp/ja-jp/
888,トイザらス ミニカー,320,1,145,21,http://toysrus.co.jp/ja-jp/cars-trucks-trains-rc/cars-vehicles/diecast-mini-cars/
889,トイザらス ゲーム,320,1,145,43,http://toysrus.co.jp/ja-jp/video-games-entertainment/
890,トイザらス 広告,320,1,145,35,http://toysrus.co.jp/ja-jp/catalogue.html
891,トイザらス けん玉,320,1,145,24,http://toysrus.co.jp/ja-jp/7519613-751961300.html
892,トイザらス ボール,320,1,145,18,http://toysrus.co.jp/ja-jp/outdoor-sports/balls/
893,vtech おもちゃ,320,1,145,26,http://toysrus.co.jp/ja-jp/vtech/
894,けん玉 トイザらス,320,1,145,26,http://toysrus.co.jp/ja-jp/7487371-748737100.html
895,トイザらス 鉄棒,320,1,145,21,http://toysrus.co.jp/ja-jp/outdoor-sports/
896,トイザらス ピアノ,320,1,145,18,http://toysrus.co.jp/ja-jp/learning-toys/musical-instruments/
897,マリオ のレゴ,3600,2,144,34,http://toysrus.co.jp/ja-jp/lego/lego-super-mario/
898,トイザらス 浜松,320,1,143,21,http://toysrus.co.jp/ja-jp/stores/
899,レゴフレンズ,9900,5,142,37,http://toysrus.co.jp/ja-jp/lego/lego-friends/
900,ワニワニパニック おもちゃ,1600,2,141,26,http://toysrus.co.jp/ja-jp/7839960-783996000.html
901,おもちゃ のベビーカー,1600,2,141,25,http://toysrus.co.jp/ja-jp/8110824-10094614.html
902,マイクラ レゴブロック,1600,2,141,25,http://toysrus.co.jp/ja-jp/lego/lego-minecraft/
903,レゴブロック マイクラ,1600,2,141,25,http://toysrus.co.jp/ja-jp/lego/lego-minecraft/
904,ベイブレードxトイザらス,320,1,140,22,http://toysrus.co.jp/ja-jp/beyblade-x/
905,スターカード,320,1,140,30,http://toysrus.co.jp/ja-jp/starcard/
906,3歳人気おもちゃ,320,1,140,22,http://toysrus.co.jp/ja-jp/promotions/birthday-present/age-3/
907,五歳児おもちゃ,320,1,140,16,http://toysrus.co.jp/ja-jp/promotions/birthday-present/age-4-5/
908,アクアビーズトイザらス,320,1,140,31,http://toysrus.co.jp/ja-jp/7794606-779460600.html
909,小1クリスマスプレゼント,320,1,140,19,http://toysrus.co.jp/ja-jp/promotions/birthday-present/age-6-12/
910,トイザらス車,320,1,140,18,http://toysrus.co.jp/ja-jp/cars-trucks-trains-rc/cars-vehicles/
911,2歳児人気おもちゃ,320,1,140,18,http://toysrus.co.jp/ja-jp/promotions/birthday-present/age-2/
912,おもちゃぬいぐるみ,320,1,140,16,http://toysrus.co.jp/ja-jp/soft-toys/
913,トイザらスアクアビーズ,320,1,140,40,http://toysrus.co.jp/ja-jp/7794576-779457600.html
914,トイザらスミニカー,320,1,140,21,http://toysrus.co.jp/ja-jp/cars-trucks-trains-rc/cars-vehicles/diecast-mini-cars/
915,トイザらスの広告,320,1,140,26,http://toysrus.co.jp/ja-jp/catalogue.html
916,トイザらス車のおもちゃ,320,1,140,18,http://toysrus.co.jp/ja-jp/cars-trucks-trains-rc/cars-vehicles/
917,トイザらスマイクラ,320,1,140,18,http://toysrus.co.jp/ja-jp/minecraft/
918,自転車 18インチ,1900,2,140,17,http://toysrus.co.jp/ja-jp/bikes-scooters-ride-ons/bikes/18-inches-bikes/
919,トイザらス問い合わせ,320,1,140,25,"http://toysrus.co.jp/ja-jp/corporate-notice-2025071401.html?params={""custom"":""{\""action\"":\""Page-Show\"",\""queryString\"":\""cid=corporate-notice-2025071401\"",\""locale\"":\""ja_JP\"",\""tracking_consent\"":null,\""csrf\"":{\""tokenName\"":\""csrf_token\"",\""token\"":\""3_cAhjbg2t88aNrrJeYed2GqLMcvsWo-YF26EVc98IxvWCDvbM47XWL2qBvo3vxU7v412Bld1-WKjR5Pcn4AqenQjYXVelKzxcrZJ_LG7na5sKvdWKxUUgemKMZ6nfMnALCvuMhS05oUovMvBQz9SUNO3tWDD13_BxtYNn1B99b2mUPwDvc=\""},\""CurrentPageMetaData\"":{\""title\"":\""Sites-ToysRUs_JP-Site\"",\""description\"":\""\"",\""keywords\"":\""\"",\""pageMetaTags\"":[]},\""canonicalUrl\"":null}"",""aspect_attributes"":null}&vf=5e4ef0d660b4adfe9b849bf1237913b0"
920,おもちゃセール,320,1,140,21,http://toysrus.co.jp/ja-jp/whats-on/toy-sale/
921,トイザらスけん玉,320,1,140,24,http://toysrus.co.jp/ja-jp/7519613-751961300.html
922,キックボードアナ雪,320,1,140,22,http://toysrus.co.jp/ja-jp/7802102-780210200.html
923,ベビーザらス商品券,320,1,140,16,http://toysrus.co.jp/ja-jp/service-giftcard.html
924,ハムスターおもちゃトイザらス,320,1,140,26,http://toysrus.co.jp/ja-jp/7626460-762646000.html
925,トイザらススライム,320,1,140,25,http://toysrus.co.jp/ja-jp/square-enix/
926,トイザらス妊婦,320,1,140,11,http://toysrus.co.jp/ja-jp/service-starcard-baby01.html
927,3歳おもちゃ人気,320,1,140,17,http://toysrus.co.jp/ja-jp/promotions/birthday-present/age-3/
928,トイザらスワンピースカード,320,1,140,16,http://toysrus.co.jp/ja-jp/onepiececardgame/
929,トイザらスおもちゃ車,320,1,140,20,http://toysrus.co.jp/ja-jp/cars-trucks-trains-rc/cars-vehicles/
930,おもちゃメイクセット,320,1,140,22,http://toysrus.co.jp/ja-jp/pretend-play-costumes/makeup-fashion-accessories/
931,小学一年生誕生日プレゼント,320,1,140,18,http://toysrus.co.jp/ja-jp/promotions/birthday-present/age-6-12/
932,トイザらスキックバイク,320,1,140,18,http://toysrus.co.jp/ja-jp/bikes-scooters-ride-ons/bikes/training-bikes/
933,一歳児 おもちゃ,1900,2,140,17,http://toysrus.co.jp/ja-jp/promotions/birthday-present/age-1/
934,トイザらス広告,320,1,140,34,http://toysrus.co.jp/ja-jp/catalogue.html
935,けん玉トイザらス,320,1,140,26,http://toysrus.co.jp/ja-jp/7487371-748737100.html
936,レゴマインクラフト安い,320,1,140,27,http://toysrus.co.jp/ja-jp/lego/lego-minecraft/
937,ギャビーのドールハウストイザらス,320,1,140,22,http://toysrus.co.jp/ja-jp/7832958-783295800.html
938,ボードゲームトイザらス,320,1,140,19,http://toysrus.co.jp/ja-jp/games-puzzles/board-games/
939,トイザらスゲーム,320,1,140,37,http://toysrus.co.jp/ja-jp/video-games-entertainment/
940,4歳 おもちゃ,1900,2,140,17,http://toysrus.co.jp/ja-jp/promotions/birthday-present/age-4-5/
941,ベビーザらスサンプル,320,1,140,11,http://toysrus.co.jp/ja-jp/service-starcard-baby01.html
942,釧路トイザらス,320,1,139,19,http://toysrus.co.jp/ja-jp/stores/
943,府中トイザらス,320,1,139,26,http://toysrus.co.jp/ja-jp/stores/
944,トイザらス那覇,320,1,139,19,http://toysrus.co.jp/ja-jp/stores/
945,蘇我トイザらス,320,1,139,18,http://toysrus.co.jp/ja-jp/stores/
946,トイザらス岐阜,320,1,139,24,http://toysrus.co.jp/ja-jp/stores/
947,川越トイザらス,320,1,139,18,http://toysrus.co.jp/ja-jp/stores/
948,マリオ lego,1900,2,138,27,http://toysrus.co.jp/ja-jp/lego/lego-super-mario/
949,エルサ 人形,1900,2,138,25,http://toysrus.co.jp/ja-jp/7514549-751454900.html
950,トイザらス兵庫県,320,1,137,18,http://toysrus.co.jp/ja-jp/stores/
951,トイザらス店舗一覧,320,1,137,36,http://toysrus.co.jp/ja-jp/stores/
952,おもちゃ売り場近く,320,1,137,38,http://toysrus.co.jp/ja-jp/stores/
953,トイザらス何時から,320,1,137,16,http://toysrus.co.jp/ja-jp/stores/
954,1歳 プレゼント クリスマス,4400,4,137,26,http://toysrus.co.jp/ja-jp/promotions/birthday-present/age-1/
955,ここから近いトイザらス,320,1,137,27,http://toysrus.co.jp/ja-jp/stores/
956,トイザらス浜松,320,1,137,21,http://toysrus.co.jp/ja-jp/stores/
957,レゴ のおもちゃ,1300,2,136,31,http://toysrus.co.jp/ja-jp/lego/
958,アンパンマン 知育玩具,1600,2,136,22,http://toysrus.co.jp/ja-jp/anpanman/
959,メルちゃんの 救急車,1300,2,136,20,http://toysrus.co.jp/ja-jp/7611641-761164100.html
960,マインクラフト おもちゃ,1300,2,136,26,http://toysrus.co.jp/ja-jp/minecraft/
961,トイザラス ベビーザラス,2900,2,136,49,http://toysrus.co.jp/ja-jp/
962,トイザらス レイクタウン,1600,2,135,18,http://toysrus.co.jp/ja-jp/stores/
963,京都 トイザらス,1600,2,135,38,http://toysrus.co.jp/ja-jp/stores/
964,トイザらス 枚方店,1600,2,135,19,http://toysrus.co.jp/ja-jp/corporate-pr-store-052.html
965,みなとみらい トイザらス,1600,2,135,19,http://toysrus.co.jp/ja-jp/stores/
966,トイザらス 岡崎,1300,2,135,17,http://toysrus.co.jp/ja-jp/stores/
967,ベビーザらス ブラックフライデー,6600,5,134,19,http://toysrus.co.jp/ja-jp/promotions/blackfriday-toy/
968,自転車 プリンセス,1600,2,133,17,http://toysrus.co.jp/ja-jp/7441541-744154100.html
969,プール 家,1600,2,133,23,http://toysrus.co.jp/ja-jp/summer/pools/
970,トイザらス 閉店,1600,2,133,17,http://toysrus.co.jp/ja-jp/corporate-notice-important.html
971,ポケモン メリー,1600,2,133,20,http://toysrus.co.jp/ja-jp/7718640-771864000.html
972,トランスフォーマー おもちゃ,6600,5,132,32,http://toysrus.co.jp/ja-jp/transformers/
973,トランポリン こども,6600,5,132,25,http://toysrus.co.jp/ja-jp/outdoor-sports/trampolines/
974,トイザらス 宮崎,3600,2,132,18,http://toysrus.co.jp/ja-jp/corporate-pr-store-092.html
975,ポケモン おもちゃ,14800,7,130,43,http://toysrus.co.jp/ja-jp/pokemon/
976,トイザらス ベビーザらスみなとみらい店,6600,5,130,18,"http://toysrus.co.jp/ja-jp/corporate-pr-store-026.html?params={""custom"":""{\""action\"":\""Page-Show\"",\""queryString\"":\""cid=corporate-pr-store-026\"",\""locale\"":\""ja_JP\"",\""tracking_consent\"":null,\""csrf\"":{\""tokenName\"":\""csrf_token\"",\""token\"":\""_4bofapmnlhaA4Sh9Q2apUQC62N2_xo65qfCodE8oOo5q81JBtVU4MfJVd2zmDNZl7lrR-56HLVy3mezmzVF2_e5iaHHSDB3i0OtyAy7rNeBvJ76Ni9NpchXwi1_ldG9FZ7F7L6EmxVTnH-6cxyXF8OD9Udg5av080fxMtw1UmyYr8lY434=\""},\""CurrentPageMetaData\"":{\""title\"":\""Sites-ToysRUs_JP-Site\"",\""description\"":\""\"",\""keywords\"":\""\"",\""pageMetaTags\"":[]},\""canonicalUrl\"":null}"",""aspect_attributes"":null}&vf=618c3b9fcc1b113d362d4c9338364411"
977,メルちゃん 救急車,1300,2,130,20,http://toysrus.co.jp/ja-jp/7611641-761164100.html
978,おもちゃ 人気 3歳,320,1,129,17,http://toysrus.co.jp/ja-jp/promotions/birthday-present/age-3/
979,人気 おもちゃ 3歳,320,1,129,17,http://toysrus.co.jp/ja-jp/promotions/birthday-present/age-3/
980,リアル キッズカメラ クロミ,320,1,129,26,http://toysrus.co.jp/ja-jp/7884001-788400100.html
981,ベビーザらス 妊婦 特典,320,1,129,13,http://toysrus.co.jp/ja-jp/service-starcard-baby01.html
982,トイザらス オンライン ポケモンカード,320,1,129,17,http://toysrus.co.jp/ja-jp/pokemoncardgame/
983,2歳 誕生日 プレゼント アンパンマン,320,1,129,26,http://toysrus.co.jp/ja-jp/anpanman/
984,トイザらス トイストーリー おもちゃ,320,1,129,24,http://toysrus.co.jp/ja-jp/toy-story/
985,トイストーリー おもちゃ トイザらス,320,1,129,18,http://toysrus.co.jp/ja-jp/toy-story/
986,小学 一年生 誕生日プレゼント,320,1,129,18,http://toysrus.co.jp/ja-jp/promotions/birthday-present/age-6-12/
987,小1 男子 プレゼント,320,1,129,19,http://toysrus.co.jp/ja-jp/promotions/birthday-present/age-6-12/
988,今 流行り のおもちゃ 小学生,320,1,129,17,http://toysrus.co.jp/ja-jp/promotions/birthday-present/age-6-12/
989,3歳 おもちゃ 人気,320,1,129,19,http://toysrus.co.jp/ja-jp/promotions/birthday-present/age-3/
990,おもちゃ 3歳 人気,320,1,129,18,http://toysrus.co.jp/ja-jp/promotions/birthday-present/age-3/
991,トイザらス たまごっちパラダイス 予約,320,1,129,19,http://toysrus.co.jp/ja-jp/8291993-10141500.html
992,恐竜 おもちゃ ジュラシックワールド,320,1,129,26,http://toysrus.co.jp/ja-jp/jurassic-world/
993,トイザらス 在庫 確認 店舗,320,1,129,19,http://toysrus.co.jp/ja-jp/stores/
994,レゴ マインクラフト 安い,320,1,129,27,http://toysrus.co.jp/ja-jp/lego/lego-minecraft/
995,おもちゃ 流行り,1300,2,128,29,http://toysrus.co.jp/ja-jp/promotions/ranking-toy/
996,工作 おもちゃ,1300,2,128,17,http://toysrus.co.jp/ja-jp/craft-activities/
997,レゴ おもちゃ,1300,2,128,43,http://toysrus.co.jp/ja-jp/lego/
998,レゴデュプロ ディズニー,1300,2,128,25,http://toysrus.co.jp/ja-jp/lego/lego-duplo/
999,ホットウィール にわか,18100,6,127,35,http://toysrus.co.jp/ja-jp/hot-wheels/
1000,音更トイザらス,260,1,126,20,http://toysrus.co.jp/ja-jp/stores/
1001,長岡トイザらス,260,1,126,19,http://toysrus.co.jp/ja-jp/stores/
1002,リモコン カー トラック ラジコン,320,1,125,25,http://toysrus.co.jp/ja-jp/cars-trucks-trains-rc/rc-vehicles/
1003,釧路 トイザらス,320,1,125,19,http://toysrus.co.jp/ja-jp/stores/
1004,府中 トイザらス,320,1,125,26,http://toysrus.co.jp/ja-jp/stores/
1005,トイザらス 那覇,320,1,125,19,http://toysrus.co.jp/ja-jp/stores/
1006,トイザらス 車 おもちゃ,320,1,125,18,http://toysrus.co.jp/ja-jp/cars-trucks-trains-rc/cars-vehicles/
1007,ディズニー おもちゃ 2 歳,320,1,125,22,http://toysrus.co.jp/ja-jp/disney/
1008,港北 トイザらス,320,1,125,22,http://toysrus.co.jp/ja-jp/stores/
1009,トイザらス 岐阜,320,1,125,24,http://toysrus.co.jp/ja-jp/stores/
1010,おもちゃ ベビーカー トイザらス,320,1,125,18,http://toysrus.co.jp/ja-jp/8110824-10094614.html
1011,7 歳 おもちゃ,320,1,125,19,http://toysrus.co.jp/ja-jp/promotions/birthday-present/age-6-12/
1012,トイザらス 車 の おもちゃ,320,1,125,18,http://toysrus.co.jp/ja-jp/cars-trucks-trains-rc/cars-vehicles/
1013,トイザらス ベビーカー おもちゃ,320,1,125,18,http://toysrus.co.jp/ja-jp/8110824-10094614.html
1014,トイザらス 何時 から,320,1,124,16,http://toysrus.co.jp/ja-jp/stores/
1015,トイザらス 店舗 一覧,320,1,124,36,http://toysrus.co.jp/ja-jp/stores/
1016,トイザらスおもちゃベビーカー,320,1,123,18,http://toysrus.co.jp/ja-jp/8110824-10094614.html
1017,7歳のおもちゃ,320,1,123,19,http://toysrus.co.jp/ja-jp/promotions/birthday-present/age-6-12/
1018,トイザらス車おもちゃ,320,1,123,18,http://toysrus.co.jp/ja-jp/cars-trucks-trains-rc/cars-vehicles/
1019,7歳おもちゃ,320,1,123,19,http://toysrus.co.jp/ja-jp/promotions/birthday-present/age-6-12/
1020,トイザらス 川口 店,2900,2,123,19,"http://toysrus.co.jp/ja-jp/corporate-pr-store-064.html?params={""custom"":""{\""action\"":\""Page-Show\"",\""queryString\"":\""cid=corporate-pr-store-064\"",\""locale\"":\""ja_JP\"",\""tracking_consent\"":null,\""csrf\"":{\""tokenName\"":\""csrf_token\"",\""token\"":\""UxwPFZWdUhqR0kiPbNqEV_UaM6FfNkAxsS5skayScorlaWn4R0_PbCoiq8f99Ku3J6ouOI3cPErfD7i9-p7MsCFlvKKxBMVhUnZn8hB8YBuKR6lPvZA_p7HdGeYHqtW8Accm3_wN3chqhm53r_-8px_Ij55TB0S4OJ0miSxsh46KCsaqUYs=\""},\""CurrentPageMetaData\"":{\""title\"":\""Sites-ToysRUs_JP-Site\"",\""description\"":\""\"",\""keywords\"":\""\"",\""pageMetaTags\"":[]},\""canonicalUrl\"":null}"",""aspect_attributes"":null}&vf=02bf86ea0c9cd81fe4e3ff5f3b49b868"
1021,おもちゃ5歳,320,1,123,17,http://toysrus.co.jp/ja-jp/promotions/birthday-present/age-4-5/
1022,トイザらスサッカーボール,320,1,123,18,http://toysrus.co.jp/ja-jp/8178941-10112869.html
1023,サッカーボールトイザらス,320,1,123,18,http://toysrus.co.jp/ja-jp/8178941-10112869.html
1024,名探偵プリキュア衣装,320,1,123,26,http://toysrus.co.jp/ja-jp/8224765-10125249.html
1025,おもちゃチラシ,320,1,123,36,http://toysrus.co.jp/ja-jp/catalogue.html
1026,トイザらスシャボン玉,320,1,123,18,http://toysrus.co.jp/ja-jp/outdoor-sports/bubbles/
1027,ギャビーのドールハウス トイザらス,320,1,122,22,http://toysrus.co.jp/ja-jp/7832958-783295800.html
1028,2歳 誕生日プレゼントアンパンマン,320,1,122,26,http://toysrus.co.jp/ja-jp/anpanman/
1029,3歳おもちゃ 人気,320,1,122,19,http://toysrus.co.jp/ja-jp/promotions/birthday-present/age-3/
1030,キックボード アナ雪,320,1,122,22,http://toysrus.co.jp/ja-jp/7802102-780210200.html
1031,小学一年生 誕生日プレゼント,320,1,122,23,http://toysrus.co.jp/ja-jp/promotions/birthday-present/age-6-12/
1032,おもちゃ人気 3歳,320,1,122,18,http://toysrus.co.jp/ja-jp/promotions/birthday-present/age-3/
1033,ベビーザらス ギフトカード,320,1,122,12,http://toysrus.co.jp/ja-jp/service-giftcard.html
1034,小1男子 プレゼント,320,1,122,18,http://toysrus.co.jp/ja-jp/promotions/birthday-present/age-6-12/
1035,トイザらス ボードゲーム,320,1,122,19,http://toysrus.co.jp/ja-jp/games-puzzles/board-games/
1036,トイザらスクーポンコード 2000円,320,1,122,12,http://toysrus.co.jp/ja-jp/promotions/coupon/
1037,シール作るおもちゃ トイザらス,320,1,122,25,http://toysrus.co.jp/ja-jp/7655045-765504500.html
1038,2歳児 おもちゃ人気,320,1,122,18,http://toysrus.co.jp/ja-jp/promotions/birthday-present/age-2/
1039,ダイヤモンドアート トイザらス,320,1,122,18,http://toysrus.co.jp/ja-jp/craft-activities/
1040,トイザらス スライム,320,1,122,21,http://toysrus.co.jp/ja-jp/square-enix/
1041,ベビーカーおもちゃ トイザらス,320,1,122,18,http://toysrus.co.jp/ja-jp/8110824-10094614.html
1042,ミニブランズ クリエイト,320,1,122,25,http://toysrus.co.jp/ja-jp/minibrands/
1043,キックボード プリンセス,320,1,122,20,http://toysrus.co.jp/ja-jp/7905092-790509200.html
1044,7歳 おもちゃ,320,1,122,16,http://toysrus.co.jp/ja-jp/promotions/birthday-present/age-6-12/
1045,砂場 トイザらス,320,1,122,18,http://toysrus.co.jp/ja-jp/outdoor-sports/sand-and-water-toys/
1046,ドールハウス キティ,320,1,122,23,http://toysrus.co.jp/ja-jp/7839979-783997900.html
1047,おもちゃ セール,320,1,122,20,http://toysrus.co.jp/ja-jp/whats-on/toy-sale/
1048,人気おもちゃ 3歳,320,1,122,19,http://toysrus.co.jp/ja-jp/promotions/birthday-present/age-3/
1049,3歳 人気のおもちゃ,320,1,122,19,http://toysrus.co.jp/ja-jp/promotions/birthday-present/age-3/
1050,ミッフィー 自転車,320,1,122,23,http://toysrus.co.jp/ja-jp/7638574-763857400.html
1051,おもちゃ チラシ,320,1,122,39,http://toysrus.co.jp/ja-jp/catalogue.html
1052,7歳 誕生日,320,1,122,26,http://toysrus.co.jp/ja-jp/promotions/birthday-present/age-6-12/
1053,トイザらス 問い合わせ,320,1,122,25,"http://toysrus.co.jp/ja-jp/corporate-notice-2025071401.html?params={""custom"":""{\""action\"":\""Page-Show\"",\""queryString\"":\""cid=corporate-notice-2025071401\"",\""locale\"":\""ja_JP\"",\""tracking_consent\"":null,\""csrf\"":{\""tokenName\"":\""csrf_token\"",\""token\"":\""3_cAhjbg2t88aNrrJeYed2GqLMcvsWo-YF26EVc98IxvWCDvbM47XWL2qBvo3vxU7v412Bld1-WKjR5Pcn4AqenQjYXVelKzxcrZJ_LG7na5sKvdWKxUUgemKMZ6nfMnALCvuMhS05oUovMvBQz9SUNO3tWDD13_BxtYNn1B99b2mUPwDvc=\""},\""CurrentPageMetaData\"":{\""title\"":\""Sites-ToysRUs_JP-Site\"",\""description\"":\""\"",\""keywords\"":\""\"",\""pageMetaTags\"":[]},\""canonicalUrl\"":null}"",""aspect_attributes"":null}&vf=5e4ef0d660b4adfe9b849bf1237913b0"
1054,おもちゃ 5才,320,1,122,16,http://toysrus.co.jp/ja-jp/promotions/birthday-present/age-4-5/
1055,トイザらス キックバイク,320,1,122,18,http://toysrus.co.jp/ja-jp/bikes-scooters-ride-ons/bikes/training-bikes/
1056,ベビーザらス サンプル,320,1,122,12,http://toysrus.co.jp/ja-jp/service-starcard-baby01.html
1057,ベビーザらス 商品券,320,1,122,19,http://toysrus.co.jp/ja-jp/service-giftcard.html
1058,トイザらス おもちゃベビーカー,320,1,122,18,http://toysrus.co.jp/ja-jp/8110824-10094614.html
1059,アクアビーズ トイザらス,320,1,122,31,http://toysrus.co.jp/ja-jp/7794606-779460600.html
1060,トイザらス ディズニー,320,1,122,18,http://toysrus.co.jp/ja-jp/disney/
1061,おもちゃランキング 小学生,320,1,122,21,http://toysrus.co.jp/ja-jp/promotions/birthday-present/age-6-12/
1062,トイザらス ぬいぐるみくま,320,1,122,20,http://toysrus.co.jp/ja-jp/soft-toys/
1063,トイザらス プレママ,320,1,122,12,http://toysrus.co.jp/ja-jp/service-starcard-baby01.html
1064,シャボン玉 トイザらス,320,1,122,22,http://toysrus.co.jp/ja-jp/outdoor-sports/bubbles/
1065,キティ ドールハウス,320,1,122,23,http://toysrus.co.jp/ja-jp/7839979-783997900.html
1066,おもちゃのベビーカー トイザらス,320,1,122,18,http://toysrus.co.jp/ja-jp/8110824-10094614.html
1067,バランスストーン トイザらス,320,1,122,18,http://toysrus.co.jp/ja-jp/7990499-10064109.html
1068,トイザらス アクアビーズ,320,1,122,26,http://toysrus.co.jp/ja-jp/7794576-779457600.html
1069,ballers サッカー,320,1,122,17,http://toysrus.co.jp/ja-jp/8138303-10100566.html
1070,プレママ トイザらス,320,1,122,11,http://toysrus.co.jp/ja-jp/service-starcard-baby01.html
1071,トイザらス くまのぬいぐるみ,320,1,122,21,http://toysrus.co.jp/ja-jp/soft-toys/
1072,二歳児 プレゼント,320,1,122,17,http://toysrus.co.jp/ja-jp/promotions/birthday-present/age-2/
1073,仮面ライダーゼッツ トイザらス,320,1,122,23,http://toysrus.co.jp/ja-jp/kamen-rider-zeztz/
1074,トイザらスオンライン ラッピング,320,1,122,19,http://toysrus.co.jp/ja-jp/party/giftbags/
1075,リカちゃん,74000,10,121,55,http://toysrus.co.jp/ja-jp/licca/
1076,飛行機おもちゃトイザらス,260,1,121,18,http://toysrus.co.jp/ja-jp/6413587-641358700.html
1077,パウパトロール おもちゃ,27100,6,120,24,http://toysrus.co.jp/ja-jp/paw-patrol/
1078,トイザらス 兵庫県,320,1,119,18,http://toysrus.co.jp/ja-jp/stores/
1079,toys''r''us tokyo,320,1,119,20,http://toysrus.co.jp/ja-jp/stores/
1080,おもちゃ売り場 近く,320,1,119,18,http://toysrus.co.jp/ja-jp/stores/
1081,トイザらス 八戸,1000,2,116,18,http://toysrus.co.jp/ja-jp/stores/
1082,トイザらス 丸亀,1000,2,116,20,http://toysrus.co.jp/ja-jp/stores/
1083,トイザらス 郡山,1000,2,116,19,http://toysrus.co.jp/ja-jp/stores/
1084,toy shop near me,3600,4,115,26,http://toysrus.co.jp/ja-jp/stores/
1085,おもちゃ 車 乗れる,3600,4,115,25,http://toysrus.co.jp/ja-jp/bikes-scooters-ride-ons/ride-on-vehicles/
1086,おもちゃ トーマス,5400,5,114,38,http://toysrus.co.jp/ja-jp/thomas-and-friends/
1087,クリスマスプレゼント 1歳児,1000,2,114,16,http://toysrus.co.jp/ja-jp/promotions/birthday-present/age-1/
1088,ポケモン カード 抽選 トイザらス,2900,3,114,18,http://toysrus.co.jp/ja-jp/pokemoncardgame/
1089,トイザらス ベイブレード大会,1000,2,114,23,http://toysrus.co.jp/ja-jp/stores/events-calendar/
1090,マイクラ グッズ,9900,6,113,33,http://toysrus.co.jp/ja-jp/minecraft/
1091,ベビーザらス オンライン,5400,5,112,48,http://toysrus.co.jp/ja-jp/search/?cgid=undefined
1092,トイザらス 熊本店,2400,2,112,19,http://toysrus.co.jp/ja-jp/stores/
1093,ポピープレイタイム グッズ,5400,5,112,21,http://toysrus.co.jp/ja-jp/poppy-playtime/
1094,飛行機 おもちゃ トイザらス,260,1,112,18,http://toysrus.co.jp/ja-jp/6413587-641358700.html
1095,トイザらス 池袋,2400,2,112,32,http://toysrus.co.jp/ja-jp/stores/
1096,トイザらス 横浜ワールドポーターズ店,2400,2,112,18,http://toysrus.co.jp/ja-jp/corporate-pr-store-091.html
1097,トイザらス川口店,2900,2,112,19,"http://toysrus.co.jp/ja-jp/corporate-pr-store-064.html?params={""custom"":""{\""action\"":\""Page-Show\"",\""queryString\"":\""cid=corporate-pr-store-064\"",\""locale\"":\""ja_JP\"",\""tracking_consent\"":null,\""csrf\"":{\""tokenName\"":\""csrf_token\"",\""token\"":\""UxwPFZWdUhqR0kiPbNqEV_UaM6FfNkAxsS5skayScorlaWn4R0_PbCoiq8f99Ku3J6ouOI3cPErfD7i9-p7MsCFlvKKxBMVhUnZn8hB8YBuKR6lPvZA_p7HdGeYHqtW8Accm3_wN3chqhm53r_-8px_Ij55TB0S4OJ0miSxsh46KCsaqUYs=\""},\""CurrentPageMetaData\"":{\""title\"":\""Sites-ToysRUs_JP-Site\"",\""description\"":\""\"",\""keywords\"":\""\"",\""pageMetaTags\"":[]},\""canonicalUrl\"":null}"",""aspect_attributes"":null}&vf=02bf86ea0c9cd81fe4e3ff5f3b49b868"
1098,レゴ ディズニー,8100,6,111,24,http://toysrus.co.jp/ja-jp/lego/lego-disney/
1099,おもちゃ屋さん 近く,1000,2,110,28,http://toysrus.co.jp/ja-jp/stores/
1100,浮き 輪 子ども,5400,3,110,25,http://toysrus.co.jp/ja-jp/summer/swim-ring/
1101,2歳児 おもちゃ 人気,320,1,110,22,http://toysrus.co.jp/ja-jp/promotions/birthday-present/age-2/
1102,トイザらス 蕨,880,2,110,18,http://toysrus.co.jp/ja-jp/stores/
1103,トイザらス 京都河原町opa店,1000,2,110,19,http://toysrus.co.jp/ja-jp/corporate-pr-store-087.html
1104,プリキュア おもちゃ,27100,9,110,42,http://toysrus.co.jp/ja-jp/star-detective-precure/
1105,子ども 浮き 輪,5400,3,110,24,http://toysrus.co.jp/ja-jp/summer/swim-ring/
1106,lego マイクラ,2900,2,109,25,http://toysrus.co.jp/ja-jp/lego/lego-minecraft/
1107,子ども プレゼント,2900,2,109,19,http://toysrus.co.jp/ja-jp/promotions/birthday-present/age-6-12/
1108,キッチン おもちゃ,4400,5,108,20,http://toysrus.co.jp/ja-jp/pretend-play-costumes/kitchens/
1109,マーベルレジェンド パニッシャー,320,1,108,19,http://toysrus.co.jp/ja-jp/8315957-10148385.html
1110,トイザらス シャボン玉,320,1,108,18,http://toysrus.co.jp/ja-jp/outdoor-sports/bubbles/
1111,ミニバース ハリーポッター,320,1,108,27,http://toysrus.co.jp/ja-jp/8064121-10082996.html
1112,トイザらス ベビーカーおもちゃ,320,1,108,18,http://toysrus.co.jp/ja-jp/8110824-10094614.html
1113,電動 シャボン玉,880,2,108,22,http://toysrus.co.jp/ja-jp/outdoor-sports/bubbles/
1114,子ども パソコンおもちゃ,1000,2,108,20,http://toysrus.co.jp/ja-jp/electronics/computers-and-tablets/
1115,サッカーボール トイザらス,320,1,108,22,http://toysrus.co.jp/ja-jp/8178941-10112869.html
1116,トイザらス 車のおもちゃ,320,1,108,18,http://toysrus.co.jp/ja-jp/cars-trucks-trains-rc/cars-vehicles/
1117,アンパンマン 回転寿司,1000,2,108,27,http://toysrus.co.jp/ja-jp/7832095-783209500.html
1118,誕生日プレゼント 11歳,880,2,108,19,http://toysrus.co.jp/ja-jp/promotions/birthday-present/age-6-12/
1119,クロミ メイクボックス,320,1,108,19,http://toysrus.co.jp/ja-jp/8041938-10076356.html
1120,おもちゃ アンパンマン,1000,2,107,35,http://toysrus.co.jp/ja-jp/anpanman/
1121,play dough,880,2,107,27,http://toysrus.co.jp/ja-jp/play-doh/
1122,ナーフ 弾,880,2,107,24,http://toysrus.co.jp/ja-jp/action-figures-and-hero-play/nerf-blasters/
1123,3輪車 2歳,4400,5,107,19,http://toysrus.co.jp/ja-jp/toddler-and-baby-toys/trikest/
1124,ハンドル アンパンマン,1000,2,107,22,http://toysrus.co.jp/ja-jp/7398301-739830100.html
1125,あんぱん おもちゃ,880,2,107,34,http://toysrus.co.jp/ja-jp/anpanman/
1126,0才のおもちゃ,3600,2,105,17,http://toysrus.co.jp/ja-jp/toddler-and-baby-toys/baby-toys-0/
1127,トイザらス池袋,2400,2,105,37,http://toysrus.co.jp/ja-jp/stores/
1128,クリスマスプレゼント子ども,3600,2,105,25,http://toysrus.co.jp/ja-jp/promotions/christmas/
1129,lolサプライズ,3600,2,105,23,http://toysrus.co.jp/ja-jp/l.o.l.-surprise/
1130,0歳からおもちゃ,3600,2,105,17,http://toysrus.co.jp/ja-jp/toddler-and-baby-toys/baby-toys-0/
1131,おもちゃ乗る車,3600,2,105,25,http://toysrus.co.jp/ja-jp/bikes-scooters-ride-ons/ride-on-vehicles/
1132,トイザらス熊本店,2400,2,105,17,http://toysrus.co.jp/ja-jp/stores/
1133,トイザらス豊洲店,2400,2,105,22,http://toysrus.co.jp/ja-jp/stores/
1134,乗る車おもちゃ,3600,2,105,25,http://toysrus.co.jp/ja-jp/bikes-scooters-ride-ons/ride-on-vehicles/
1135,ホットウィール 新作,5400,6,104,38,http://toysrus.co.jp/ja-jp/hot-wheels/
1136,lego city,1000,2,103,25,http://toysrus.co.jp/ja-jp/lego/lego-city/
1137,lego シティ,1000,2,103,25,http://toysrus.co.jp/ja-jp/lego/lego-city/
1138,トイザらス ベビーザらス 福岡ももち店,1900,2,102,18,http://toysrus.co.jp/ja-jp/corporate-pr-store-055.html
1139,滑り台 室内,8100,8,102,18,http://toysrus.co.jp/ja-jp/outdoor-sports/slides-and-playground-equipment/slide-sets/
1140,錦糸 町 トイザらス,1900,2,102,20,http://toysrus.co.jp/ja-jp/stores/
1141,トランスフォーマー のおもちゃ,6600,8,101,40,http://toysrus.co.jp/ja-jp/transformers/
1142,パウパト おもちゃ,5400,6,101,24,http://toysrus.co.jp/ja-jp/paw-patrol/
1143,トーマス おもちゃ,5400,6,101,40,http://toysrus.co.jp/ja-jp/thomas-and-friends/
1144,メルちゃん おもちゃ,9900,8,100,38,http://toysrus.co.jp/ja-jp/mell-chan/
1145,トイザらス ベビーザ ら ス 福岡 ももち 店,1900,2,99,20,http://toysrus.co.jp/ja-jp/corporate-pr-store-055.html
1146,たまごっち,1000000,18,98,50,http://toysrus.co.jp/ja-jp/tamagotchi/
1147,アンパンマン 滑り台,4400,6,98,21,http://toysrus.co.jp/ja-jp/7247400-724740000.html
1148,トイザらス ベビーザらス つくば店,1300,2,97,28,"http://toysrus.co.jp/ja-jp/corporate-pr-store-081.html?params={""custom"":""{\""action\"":\""Page-Show\"",\""queryString\"":\""cid=corporate-pr-store-081\"",\""locale\"":\""ja_JP\"",\""tracking_consent\"":null,\""csrf\"":{\""tokenName\"":\""csrf_token\"",\""token\"":\""4z0277MlzLnnCMWqOhaDKkRd9sTBRhENne_CFGlQVBDqoHotYlZ5ZDLu1AOlBcXsuOSodbW0LNnIwPPU7HSQuDzfBh3U6mkmhV_GxH7zBkVLHHZ-AEg3kXvEexd-Uwuqff7XzfWKU9l7HB2EZDBA37RTyqCMFbgHV6Yx9uzQfMU5LjIH-A4=\""},\""CurrentPageMetaData\"":{\""title\"":\""Sites-ToysRUs_JP-Site\"",\""description\"":\""\"",\""keywords\"":\""\"",\""pageMetaTags\"":[]},\""canonicalUrl\"":null}"",""aspect_attributes"":null}&vf=edf4955071f9a8b915fb4075222ba21d"
1149,トイザらス ベビーザらス 新潟店,1600,2,97,18,http://toysrus.co.jp/ja-jp/stores/
1150,トイザらス ベビーザらス 福岡ももち 店,1900,2,97,18,http://toysrus.co.jp/ja-jp/corporate-pr-store-055.html
1151,トイザらス アプリ,5400,6,96,26,"http://toysrus.co.jp/ja-jp/corporate-notice-20260418.html?params={""custom"":""{\""action\"":\""Page-Show\"",\""queryString\"":\""cid=corporate-notice-20260418\"",\""locale\"":\""ja_JP\"",\""tracking_consent\"":null,\""csrf\"":{\""tokenName\"":\""csrf_token\"",\""token\"":\""azbWq4Qdm1lS7D-5ccD1YWzwlvlEFCbUYZ5rZD9-WOl5vuun_ILspTgvYfqxltEo7NA9bkO5_-te-sXi-PM7oBKLAJmXQt8gEJEpMrHn7MiljgDUn9WtLaROs0wC10k-5p6pqLeBfCaFVaVAvRxAIO1cWcgS_azcZWI4f6-ffSCDupqG6qc=\""},\""CurrentPageMetaData\"":{\""title\"":\""Sites-ToysRUs_JP-Site\"",\""description\"":\""\"",\""keywords\"":\""\"",\""pageMetaTags\"":[]},\""canonicalUrl\"":null}"",""aspect_attributes"":null}&vf=7543a6c079756e84d9e4b288ff64abaf"
1152,たまごっち は いくら,1900,2,95,30,http://toysrus.co.jp/ja-jp/tamagotchi/
1153,フォートナイト レゴ,5400,6,95,24,http://toysrus.co.jp/ja-jp/lego/lego-fortnite/
1154,0歳 おもちゃ,3600,5,94,17,http://toysrus.co.jp/ja-jp/toddler-and-baby-toys/baby-toys-0/
1155,スティッチ 人形,3600,5,94,21,http://toysrus.co.jp/ja-jp/disney-stitch/
1156,トイストーリー エイリアン,8100,9,93,33,http://toysrus.co.jp/ja-jp/8190151-10115184.html
1157,誕生日プレゼント 二 歳,1300,2,93,17,http://toysrus.co.jp/ja-jp/promotions/birthday-present/age-2/
1158,三輪車 2歳,4400,6,93,26,http://toysrus.co.jp/ja-jp/toddler-and-baby-toys/trikest/
1159,トイザらス ベビーザ ら ス 新潟 店,1600,2,92,18,http://toysrus.co.jp/ja-jp/stores/
1160,おもちゃの トーマス,5400,8,92,20,http://toysrus.co.jp/ja-jp/thomas-and-friends/
1161,近くのおもちゃ や さん,1300,2,92,19,http://toysrus.co.jp/ja-jp/stores/
1162,乗れる 車 おもちゃ,3600,3,91,32,http://toysrus.co.jp/ja-jp/bikes-scooters-ride-ons/ride-on-vehicles/
1163,アンパンマン お絵かきボード,2900,5,91,18,http://toysrus.co.jp/ja-jp/6105874-610587400.html
1164,トミカの 高速道路,5400,9,90,24,http://toysrus.co.jp/ja-jp/7929420-10047059.html
1165,マイクラ ブロック レゴ,1600,2,90,25,http://toysrus.co.jp/ja-jp/lego/lego-minecraft/
1166,ヒッパーズ サンリオ,8100,9,90,26,http://toysrus.co.jp/ja-jp/8234558-10126745.html
1167,一歳 おもちゃ,4400,3,89,35,http://toysrus.co.jp/ja-jp/promotions/birthday-present/age-1/
1168,スパイダーマン レゴ,2400,6,89,25,http://toysrus.co.jp/ja-jp/7984901-10062893.html
1169,お世話 人形,720,2,89,23,http://toysrus.co.jp/ja-jp/dolls-collectibles/baby-dolls/
1170,ディズニー おもちゃ,2400,6,89,38,http://toysrus.co.jp/ja-jp/disney/
1171,おもちゃ ディズニー,2400,6,89,27,http://toysrus.co.jp/ja-jp/disney/
1172,こども 人気,720,2,89,34,http://toysrus.co.jp/ja-jp/promotions/ranking-toy/
1173,トイザらス尼崎店,1300,2,88,18,http://toysrus.co.jp/ja-jp/stores/
1174,マイクラ レゴ ブロック,1600,2,88,27,http://toysrus.co.jp/ja-jp/lego/lego-minecraft/
1175,トイザらス枚方店,1300,2,88,20,http://toysrus.co.jp/ja-jp/corporate-pr-store-052.html
1176,ディズニー プリンセス おもちゃ,1600,2,88,21,http://toysrus.co.jp/ja-jp/disney-princess/
1177,誕生日プレゼント 9歳,720,2,88,25,http://toysrus.co.jp/ja-jp/promotions/birthday-present/age-6-12/
1178,アンパンマン ままごとトントン,720,2,88,25,http://toysrus.co.jp/ja-jp/4697588-469758800.html
1179,トイザらス岡崎,1300,2,88,16,http://toysrus.co.jp/ja-jp/stores/
1180,ままごと セット,2900,5,87,34,http://toysrus.co.jp/ja-jp/pretend-play-costumes/
1181,ポピープレイタイム ドーイ,6600,8,87,26,http://toysrus.co.jp/ja-jp/8130930-10098729.html
1182,ニンフィア ぬいぐるみ,2900,5,87,22,http://toysrus.co.jp/ja-jp/7828810-782881000.html
1183,アンパンマン ボール,2900,5,87,18,http://toysrus.co.jp/ja-jp/7925972-10047829.html
1184,おもちゃ カメラ,2900,5,87,40,http://toysrus.co.jp/ja-jp/electronics/
1185,カメラ おもちゃ,2900,5,87,21,http://toysrus.co.jp/ja-jp/electronics/
1186,マリオの グッズ,4400,8,87,39,http://toysrus.co.jp/ja-jp/super-mario/
1187,クリスマス　プレゼント　子ども,3600,2,87,20,http://toysrus.co.jp/ja-jp/promotions/christmas/
1188,トイザらス錦糸町,1900,2,86,21,http://toysrus.co.jp/ja-jp/stores/
1189,錦糸町トイザらス,1900,2,86,21,http://toysrus.co.jp/ja-jp/stores/
1190,トイザらスレイクタウン店,1900,2,86,18,http://toysrus.co.jp/ja-jp/stores/
1191,ベイブレード xセット,2900,5,86,23,http://toysrus.co.jp/ja-jp/beyblade-x/
1192,おもちゃ のカメラ,2900,5,86,37,http://toysrus.co.jp/ja-jp/electronics/
1193,おもちゃ 売り場,3600,6,86,26,http://toysrus.co.jp/ja-jp/stores/
1194,こども カメラ,6600,8,85,21,http://toysrus.co.jp/ja-jp/electronics/youth-electronics/
1195,3 歳児 おもちゃ,1300,2,85,25,http://toysrus.co.jp/ja-jp/promotions/birthday-present/age-3/
1196,ウッディ おもちゃ,2400,5,85,23,http://toysrus.co.jp/ja-jp/8289832-10140915.html
1197,こども パソコン,2400,5,85,22,http://toysrus.co.jp/ja-jp/electronics/computers-and-tablets/
1198,おもちゃ の ラジコン,1300,2,85,26,http://toysrus.co.jp/ja-jp/cars-trucks-trains-rc/rc-vehicles/
1199,ベイブレード セット,2900,6,85,23,http://toysrus.co.jp/ja-jp/beyblade-x/
1200,シルバニア オンライン,12100,6,85,42,http://toysrus.co.jp/ja-jp/sylvanian-families/
1201,レゴデュプロディズニー,1300,2,84,25,http://toysrus.co.jp/ja-jp/lego/lego-duplo/
1202,3歳児のおもちゃ,1300,2,84,26,http://toysrus.co.jp/ja-jp/promotions/birthday-present/age-3/
1203,子ども トランポリン,6600,9,84,17,http://toysrus.co.jp/ja-jp/outdoor-sports/trampolines/
1204,マリオ グッズ,4400,7,84,41,http://toysrus.co.jp/ja-jp/super-mario/
1205,レゴ 新作,6600,9,84,40,http://toysrus.co.jp/ja-jp/lego/
1206,ティラノサウルスおもちゃ,1300,2,84,25,http://toysrus.co.jp/ja-jp/action-figures-and-hero-play/dinosaurs/
1207,おもちゃのラジコン,1300,2,84,24,http://toysrus.co.jp/ja-jp/cars-trucks-trains-rc/rc-vehicles/
1208,粘土 セット,720,2,83,19,http://toysrus.co.jp/ja-jp/toddler-and-baby-toys/dough-and-sand-sets/
1209,サンリオ ヒッパーズ,3600,8,83,23,http://toysrus.co.jp/ja-jp/8234558-10126745.html
1210,トイザらス 川口店,2900,2,83,19,"http://toysrus.co.jp/ja-jp/corporate-pr-store-064.html?params={""custom"":""{\""action\"":\""Page-Show\"",\""queryString\"":\""cid=corporate-pr-store-064\"",\""locale\"":\""ja_JP\"",\""tracking_consent\"":null,\""csrf\"":{\""tokenName\"":\""csrf_token\"",\""token\"":\""UxwPFZWdUhqR0kiPbNqEV_UaM6FfNkAxsS5skayScorlaWn4R0_PbCoiq8f99Ku3J6ouOI3cPErfD7i9-p7MsCFlvKKxBMVhUnZn8hB8YBuKR6lPvZA_p7HdGeYHqtW8Accm3_wN3chqhm53r_-8px_Ij55TB0S4OJ0miSxsh46KCsaqUYs=\""},\""CurrentPageMetaData\"":{\""title\"":\""Sites-ToysRUs_JP-Site\"",\""description\"":\""\"",\""keywords\"":\""\"",\""pageMetaTags\"":[]},\""canonicalUrl\"":null}"",""aspect_attributes"":null}&vf=02bf86ea0c9cd81fe4e3ff5f3b49b868"
1211,ベイブレードx 新商品,4400,7,83,45,http://toysrus.co.jp/ja-jp/beyblade-x/
1212,たまごっち ストラップ,3600,8,83,20,http://toysrus.co.jp/ja-jp/8292078-10141510.html
1213,アンパンマン 炊飯器,2900,7,83,20,http://toysrus.co.jp/ja-jp/8132682-10099115.html
1214,タカラトミーアーツ,9900,5,83,50,http://toysrus.co.jp/ja-jp/takara-tomy-arts/
1215,乗り物 アンパンマン,2400,6,83,22,http://toysrus.co.jp/ja-jp/6254667-625466700.html
1216,アンパンマン すいはんき,2900,7,83,25,http://toysrus.co.jp/ja-jp/8132682-10099115.html
1217,レゴ デュプロ ディズニー,1300,2,83,25,http://toysrus.co.jp/ja-jp/lego/lego-duplo/
1218,アンパンマン 知育 玩具,1300,2,83,25,http://toysrus.co.jp/ja-jp/anpanman/
1219,ポケモンメリー,1600,2,82,19,http://toysrus.co.jp/ja-jp/7718640-771864000.html
1220,乗る車 おもちゃ,3600,3,82,26,http://toysrus.co.jp/ja-jp/bikes-scooters-ride-ons/ride-on-vehicles/
1221,自転車プリンセス,1600,2,82,17,http://toysrus.co.jp/ja-jp/7441541-744154100.html
1222,アンパンマン お寿司屋さん,720,2,82,19,http://toysrus.co.jp/ja-jp/7832095-783209500.html
1223,車のおもちゃ 乗れる,3600,3,82,26,http://toysrus.co.jp/ja-jp/bikes-scooters-ride-ons/ride-on-vehicles/
1224,トイザらス閉店,1600,2,82,16,http://toysrus.co.jp/ja-jp/corporate-notice-important.html
1225,誕生日プレゼント二歳,1600,2,82,17,http://toysrus.co.jp/ja-jp/promotions/birthday-present/age-2/
1226,おもちゃのベビーカー,1600,2,82,25,http://toysrus.co.jp/ja-jp/8110824-10094614.html
1227,一歳のプレゼント,1600,2,82,14,http://toysrus.co.jp/ja-jp/promotions/birthday-present/age-1/
1228,メル ちゃん の 救急車,1300,2,82,20,http://toysrus.co.jp/ja-jp/7611641-761164100.html
1229,トイザらス ベビーザらス,2900,2,82,67,http://toysrus.co.jp/ja-jp/
1230,ラジコン こども,3600,3,82,22,http://toysrus.co.jp/ja-jp/cars-trucks-trains-rc/rc-vehicles/
1231,アンパンマン のレジ,3600,8,82,17,http://toysrus.co.jp/ja-jp/6716237-671623700.html
1232,プリコーデドール,1600,2,82,22,http://toysrus.co.jp/ja-jp/8224846-10125255.html
1233,レイクタウントイザらス,1600,2,81,18,http://toysrus.co.jp/ja-jp/stores/
1234,京都トイザらス,1600,2,81,28,http://toysrus.co.jp/ja-jp/stores/
1235,トイザらスレイクタウン,1600,2,81,18,http://toysrus.co.jp/ja-jp/stores/
1236,ベイブレード x セット,2900,4,81,23,http://toysrus.co.jp/ja-jp/beyblade-x/
1237,センター南トイザらス,1600,2,81,17,http://toysrus.co.jp/ja-jp/stores/
1238,みなとみらいトイザらス,1600,2,81,18,"http://toysrus.co.jp/ja-jp/corporate-pr-store-026.html?params={""custom"":""{\""action\"":\""Page-Show\"",\""queryString\"":\""cid=corporate-pr-store-026\"",\""locale\"":\""ja_JP\"",\""tracking_consent\"":null,\""csrf\"":{\""tokenName\"":\""csrf_token\"",\""token\"":\""_4bofapmnlhaA4Sh9Q2apUQC62N2_xo65qfCodE8oOo5q81JBtVU4MfJVd2zmDNZl7lrR-56HLVy3mezmzVF2_e5iaHHSDB3i0OtyAy7rNeBvJ76Ni9NpchXwi1_ldG9FZ7F7L6EmxVTnH-6cxyXF8OD9Udg5av080fxMtw1UmyYr8lY434=\""},\""CurrentPageMetaData\"":{\""title\"":\""Sites-ToysRUs_JP-Site\"",\""description\"":\""\"",\""keywords\"":\""\"",\""pageMetaTags\"":[]},\""canonicalUrl\"":null}"",""aspect_attributes"":null}&vf=618c3b9fcc1b113d362d4c9338364411"
1239,トイストーリー フィギュア,3600,6,80,23,http://toysrus.co.jp/ja-jp/toy-story/
1240,ポケモンカード抽選 トイザらス,2900,7,80,18,http://toysrus.co.jp/ja-jp/whats-on/new-arrivals/preorder-2/
1241,外遊び おもちゃ,2900,7,80,17,http://toysrus.co.jp/ja-jp/outdoor-sports/
1242,トミカ 値段,3600,7,80,41,http://toysrus.co.jp/ja-jp/tomica/
1243,１歳　誕生日プレゼント,33100,7,80,16,http://toysrus.co.jp/ja-jp/promotions/birthday-present/age-1/
1244,14インチ 自転車,3600,7,80,19,http://toysrus.co.jp/ja-jp/bikes-scooters-ride-ons/bikes/14-inches-bikes/
1245,プッシュポップ ゲーム,3600,7,80,28,http://toysrus.co.jp/ja-jp/7963866-10059321.html
1246,三輪車,33100,7,80,65,http://toysrus.co.jp/ja-jp/toddler-and-baby-toys/trikest/
1247,ポケモンカード 抽選トイザらス,2900,7,80,14,http://toysrus.co.jp/ja-jp/whats-on/new-arrivals/preorder-2/
1248,スパイダーマン おもちゃ,3600,7,80,31,http://toysrus.co.jp/ja-jp/marvel/spider-man/
1249,バズライトイヤー のおもちゃ,5400,8,80,21,http://toysrus.co.jp/ja-jp/toy-story/
1250,トイザらス ベビーザらス 名古屋中川店,3600,4,79,18,http://toysrus.co.jp/ja-jp/stores/
1251,マイクラ ダイヤモンドの剣,3600,9,79,17,http://toysrus.co.jp/ja-jp/8084556-10089116.html
1252,サッカー ボードゲーム,2400,6,79,24,http://toysrus.co.jp/ja-jp/6040004-604000400.html
1253,22インチ 自転車,2400,6,79,21,http://toysrus.co.jp/ja-jp/bikes-scooters-ride-ons/bikes/22-inches-bikes/
1254,マイクラ ダイヤ剣,3600,9,79,18,http://toysrus.co.jp/ja-jp/8084556-10089116.html
1255,ボードゲーム サッカー,2400,6,79,22,http://toysrus.co.jp/ja-jp/6040004-604000400.html
1256,2歳 プレゼント,2400,6,79,17,http://toysrus.co.jp/ja-jp/promotions/birthday-present/age-2/
1257,生まれてウーモ ヨッシー,2400,6,79,20,http://toysrus.co.jp/ja-jp/8277184-10136967.html
1258,自転車 14インチ,3600,9,79,19,http://toysrus.co.jp/ja-jp/bikes-scooters-ride-ons/bikes/14-inches-bikes/
1259,マリオカート おもちゃ,2400,6,79,26,http://toysrus.co.jp/ja-jp/super-mario/
1260,トイザらス ベビーザらス 八戸店,1000,2,78,18,http://toysrus.co.jp/ja-jp/stores/
1261,トイザらス 立川立飛店,1900,5,77,19,http://toysrus.co.jp/ja-jp/stores/
1262,toy shop,2400,5,77,34,http://toysrus.co.jp/en-jp/
1263,マーベル フィギュア,1900,5,77,27,http://toysrus.co.jp/ja-jp/marvel/
1264,バズライトイヤー おもちゃ,5400,7,77,21,http://toysrus.co.jp/ja-jp/toy-story/
1265,ベビーザらスブラックフライデー,6600,5,77,19,http://toysrus.co.jp/ja-jp/promotions/blackfriday-toy/
1266,アンパンマンピアノ,6600,5,77,25,http://toysrus.co.jp/ja-jp/7824009-782400900.html
1267,uno ハンパねぇ,2400,5,77,20,http://toysrus.co.jp/ja-jp/7795149-779514900.html
1268,子ども　トランポリン,6600,5,77,24,http://toysrus.co.jp/ja-jp/outdoor-sports/trampolines/
1269,トイザらス アウトレット野田店,2400,6,76,18,"http://toysrus.co.jp/ja-jp/corporate-pr-store-074.html?params={""custom"":""{\""action\"":\""Page-Show\"",\""queryString\"":\""cid=corporate-pr-store-074\"",\""locale\"":\""ja_JP\"",\""tracking_consent\"":null,\""csrf\"":{\""tokenName\"":\""csrf_token\"",\""token\"":\""MxY_7d6zyuGPbSDL8MBd2Er60qX5u3tnWIcX-t3V1vM-oeoHL6n58wEDogDzYh8_cELlP_i_1CLTDocf5Eyz-tXNTb_GNTJri_aBnkW9u_G72VOEAIcB4AI3uSU7TdBBF8Fj3C0YZFXELQeUfhx2QLCqGo3qTonKHcMYq9wMJU6sHmAe6Jc=\""},\""CurrentPageMetaData\"":{\""title\"":\""Sites-ToysRUs_JP-Site\"",\""description\"":\""\"",\""keywords\"":\""\"",\""pageMetaTags\"":[]},\""canonicalUrl\"":null}"",""aspect_attributes"":null}&vf=52f9a22b36a3e8a2416654546fc7f107"
1270,プリンセス レジスター,1300,5,76,26,http://toysrus.co.jp/ja-jp/7785143-778514300.html
1271,踏切 おもちゃ,3600,9,76,22,http://toysrus.co.jp/ja-jp/6962009-696200900.html
1272,レゴ セット,1300,5,76,31,http://toysrus.co.jp/ja-jp/lego/
1273,アンパンマン マイク,1300,5,76,24,http://toysrus.co.jp/ja-jp/4344065-434406500.html
1274,恐竜 laq,1300,5,76,23,http://toysrus.co.jp/ja-jp/8074259-10085655.html
1275,お 人形,2400,7,75,32,http://toysrus.co.jp/ja-jp/dolls-collectibles/
1276,レゴ マーベル,2900,8,75,25,http://toysrus.co.jp/ja-jp/lego/lego-marvel/
1277,こども タブレット,2900,8,75,22,http://toysrus.co.jp/ja-jp/electronics/computers-and-tablets/
1278,レオパルド ガンダム,3600,6,75,22,http://toysrus.co.jp/ja-jp/8280657-10138122.html
1279,恐竜 フィギュア,2900,8,75,22,http://toysrus.co.jp/ja-jp/action-figures-and-hero-play/dinosaurs/
1280,ポッチャマ のぬいぐるみ,2900,8,74,18,http://toysrus.co.jp/ja-jp/6916880-691688000.html
1281,ベビーザらス プレママ特典,2400,7,74,13,"http://toysrus.co.jp/ja-jp/corporate-pr-corpinfo-066.html?params={""custom"":""{\""action\"":\""Page-Show\"",\""queryString\"":\""cid=corporate-pr-corpinfo-066\"",\""locale\"":\""ja_JP\"",\""tracking_consent\"":null,\""csrf\"":{\""tokenName\"":\""csrf_token\"",\""token\"":\""ZMpzGPUJA8sSXVR-zHi88De3hisKfM9YBQF4LrmI7HxhPFHfa9v7Bx7sms_wHZUZJ8CqcPksiZs2Iz19SU7_rE3cBGzAri8wx2sKAUgi5oQGLrKhPlMnTrr1pYQV057uF389mCejcegCv5_xijOAqaIVs9CEa3ot72hkWITURx8s1esR7lw=\""},\""CurrentPageMetaData\"":{\""title\"":\""Sites-ToysRUs_JP-Site\"",\""description\"":\""\"",\""keywords\"":\""\"",\""pageMetaTags\"":[]},\""canonicalUrl\"":null}"",""aspect_attributes"":null}&vf=37ce399a0a586161dfa8b247d48c1e9a"
1282,トイザらス ベビーザらス 春日井店,2400,2,74,17,http://toysrus.co.jp/ja-jp/stores/
1283,トミカ おもちゃ,5400,10,74,42,http://toysrus.co.jp/ja-jp/tomica/
1284,トイザらス ベビーザらス 福山店,2400,2,74,17,http://toysrus.co.jp/ja-jp/stores/
1285,トイザらス 熊本 店,2400,2,74,19,http://toysrus.co.jp/ja-jp/stores/
1286,サッカーゲーム ボード,2400,7,74,25,http://toysrus.co.jp/ja-jp/8291748-10141378.html
1287,トイザラスベビーザラス,2400,2,73,53,http://toysrus.co.jp/ja-jp/
1288,アンパンマン パン工場おもちゃ,1900,6,72,22,http://toysrus.co.jp/ja-jp/7519249-751924900.html
1289,blind box,1900,6,72,12,http://toysrus.co.jp/ja-jp/blind-box/
1290,キッチン おままごとセット,1300,5,72,21,http://toysrus.co.jp/ja-jp/pretend-play-costumes/kitchens/
1291,レゴ ボタニカル,1900,6,72,31,http://toysrus.co.jp/ja-jp/lego/lego-botanical/
1292,レゴ 公式,1900,6,72,55,http://toysrus.co.jp/ja-jp/lego/
1293,アンパンマン ボウリング,1900,6,72,22,http://toysrus.co.jp/ja-jp/5503043-550304300.html
1294,アンパンマンパン工場 おもちゃ,1900,6,72,21,http://toysrus.co.jp/ja-jp/7519249-751924900.html
1295,スティッチ レゴ,1900,6,72,24,http://toysrus.co.jp/ja-jp/8292833-10141543.html
1296,おもちゃ 作る,1900,6,72,19,http://toysrus.co.jp/ja-jp/craft-activities/
1297,キッチン おままごと,1300,5,71,33,http://toysrus.co.jp/ja-jp/pretend-play-costumes/kitchens/
1298,マリオカート レゴ,2900,9,71,25,http://toysrus.co.jp/ja-jp/lego/lego-super-mario/
1299,アイアンマン フィギュア,2900,9,71,41,http://toysrus.co.jp/ja-jp/7961871-10058690.html
1300,乗り物 こども,1300,5,71,22,http://toysrus.co.jp/ja-jp/toddler-and-baby-toys/junior-ride-ons/
1301,パウパトロール グッズ,1900,6,71,29,http://toysrus.co.jp/ja-jp/paw-patrol/
1302,ベビー プール,1300,5,71,21,http://toysrus.co.jp/ja-jp/summer/pools/
1303,アンパンマン レゴ,1300,5,71,23,http://toysrus.co.jp/ja-jp/3819337-381933700.html
1304,ピタゴラス ボールコースター,1900,6,71,20,http://toysrus.co.jp/ja-jp/7343299-734329900.html
1305,こども 乗り物,1300,5,71,26,http://toysrus.co.jp/ja-jp/toddler-and-baby-toys/junior-ride-ons/
1306,バースデイ クーポン,1900,5,71,17,http://toysrus.co.jp/ja-jp/service-starcard-birthday.html
1307,リカちゃん サーティワン,1000,5,71,21,http://toysrus.co.jp/ja-jp/7511728-751172800.html
1308,マイクラ フィギュア,1900,5,71,36,http://toysrus.co.jp/ja-jp/minecraft/
1309,エンボ スターウォーズ,1900,6,71,26,http://toysrus.co.jp/ja-jp/8331332-10152825.html
1310,トイズ ストア,2900,9,71,36,http://toysrus.co.jp/ja-jp/
1311,アンパンマン クルマ,1900,5,71,22,http://toysrus.co.jp/ja-jp/6254667-625466700.html
1312,nba フィギュア,1300,5,71,17,http://toysrus.co.jp/ja-jp/8000581-10066328.html
1313,アンパンマン レンジ,1300,5,71,22,http://toysrus.co.jp/ja-jp/8030502-10073685.html
1314,0歳 クリスマスプレゼント,2900,9,70,17,http://toysrus.co.jp/ja-jp/toddler-and-baby-toys/baby-toys-0/
1315,プーさん おもちゃ,1300,5,70,23,http://toysrus.co.jp/ja-jp/disney-pooh/
1316,車 おもちゃ,12100,7,70,24,http://toysrus.co.jp/ja-jp/bikes-scooters-ride-ons/ride-on-vehicles/
1317,レゴ オンライン,1300,5,70,51,http://toysrus.co.jp/ja-jp/lego/
1318,ビニールプール 小さい,1300,5,70,29,http://toysrus.co.jp/ja-jp/summer/pools/
1319,アンパンマン 自動販売機,1300,5,70,27,http://toysrus.co.jp/ja-jp/6414400-641440000.html
1320,トミカ 山道ドライブ,3600,7,70,21,http://toysrus.co.jp/ja-jp/7859112-785911200.html
1321,トミカ やまみちドライブ,3600,7,70,20,http://toysrus.co.jp/ja-jp/7859112-785911200.html
1322,おもちゃ 恐竜の卵,1300,5,70,23,http://toysrus.co.jp/ja-jp/8084432-10089183.html
1323,おもちゃ 電子レンジ,1300,5,70,22,http://toysrus.co.jp/ja-jp/pretend-play-costumes/kitchens/
1324,1歳半 クリスマスプレゼント,1300,5,70,17,http://toysrus.co.jp/ja-jp/promotions/birthday-present/age-1/
1325,トイザらス 徳島,590,2,69,19,http://toysrus.co.jp/ja-jp/stores/
1326,誕生日 2歳,4400,4,69,12,http://toysrus.co.jp/ja-jp/promotions/birthday-present/age-2/
1327,トイザらス八戸,1000,2,69,28,http://toysrus.co.jp/ja-jp/stores/
1328,マイクラレゴブロック,1600,2,69,25,http://toysrus.co.jp/ja-jp/lego/lego-minecraft/
1329,浮き輪 こども,5400,3,69,26,http://toysrus.co.jp/ja-jp/summer/swim-ring/
1330,トイザらス新潟,1000,2,69,37,http://toysrus.co.jp/ja-jp/stores/
1331,すみっコ パソコン,2400,8,69,23,http://toysrus.co.jp/ja-jp/7659644-765964400.html
1332,トイザらス丸亀,1000,2,69,20,http://toysrus.co.jp/ja-jp/stores/
1333,トイザらス郡山,1000,2,69,18,http://toysrus.co.jp/ja-jp/stores/
1334,キャットナップ ぬいぐるみ,2400,8,69,25,http://toysrus.co.jp/ja-jp/8032513-10074002.html
1335,ベビザラス ブラックフライデー,3600,4,69,20,http://toysrus.co.jp/ja-jp/promotions/blackfriday-toy/
1336,ティニピン グッズ,1600,6,68,21,http://toysrus.co.jp/ja-jp/catch-teenieping/
1337,アナ雪のおもちゃ,1900,2,68,22,http://toysrus.co.jp/ja-jp/frozen/
1338,ラキュー おもちゃ,1600,6,68,27,http://toysrus.co.jp/ja-jp/laq/
1339,トミカ パーキング,1600,6,68,24,http://toysrus.co.jp/ja-jp/7670214-767021400.html
1340,アンパンマン 積み木,1600,6,68,24,http://toysrus.co.jp/ja-jp/7705948-770594800.html
1341,レゴminecraft,1900,2,68,27,http://toysrus.co.jp/ja-jp/lego/lego-minecraft/
1342,子ども キッチン,1600,7,68,35,http://toysrus.co.jp/ja-jp/pretend-play-costumes/kitchens/
1343,lego ワンピース,1600,7,68,25,http://toysrus.co.jp/ja-jp/lego/lego-one-piece/
1344,おもちゃ屋 さん 近く,1000,2,68,19,http://toysrus.co.jp/ja-jp/stores/
1345,ナーフ 電動,1600,6,68,25,http://toysrus.co.jp/ja-jp/action-figures-and-hero-play/nerf-blasters/
1346,プラレール はやぶさ,1900,7,67,21,http://toysrus.co.jp/ja-jp/4661036-466103600.html
1347,2歳 誕生日,4400,10,67,15,http://toysrus.co.jp/ja-jp/promotions/birthday-present/age-2/
1348,ピクミン フィギュア,2900,9,67,25,http://toysrus.co.jp/ja-jp/7804512-780451200.html
1349,人狼 カード,1900,7,67,17,http://toysrus.co.jp/ja-jp/7907915-790791500.html
1350,レゴ プリンセス,1900,7,67,25,http://toysrus.co.jp/ja-jp/lego/lego-disney-princess/
1351,ピタゴラスイッチ おもちゃ,5400,10,67,22,http://toysrus.co.jp/ja-jp/pythagoras/
1352,アンパンマン お医者さんセット,1600,7,67,25,http://toysrus.co.jp/ja-jp/6283489-628348900.html
1353,バイキンマン ぬいぐるみ,1900,7,67,17,http://toysrus.co.jp/ja-jp/6816436-681643600.html
1354,知育玩具 0歳,1600,7,67,17,http://toysrus.co.jp/ja-jp/toddler-and-baby-toys/baby-toys-0/
1355,サンリオ キャリーケース,1600,7,67,21,http://toysrus.co.jp/ja-jp/8217483-10123644.html
1356,ポケモン 人気おもちゃ,1600,6,67,20,http://toysrus.co.jp/ja-jp/pokemon/
1357,福袋 トイザらス,1900,7,67,25,http://toysrus.co.jp/ja-jp/
1358,たまごっちパラダイス 在庫,1600,6,67,22,http://toysrus.co.jp/ja-jp/tamagotchi/
1359,ばいきんまん ぬいぐるみ,1900,7,67,20,http://toysrus.co.jp/ja-jp/6816436-681643600.html
1360,lego マリオ,1900,7,67,27,http://toysrus.co.jp/ja-jp/lego/lego-super-mario/
1361,電車 おもちゃ,3600,10,67,18,http://toysrus.co.jp/ja-jp/cars-trucks-trains-rc/trains-and-train_sets/
1362,アンパンマン ピアノおもちゃ,1600,5,67,22,http://toysrus.co.jp/ja-jp/7824009-782400900.html
1363,トイザらス ポケモンカード抽選,1600,6,67,14,http://toysrus.co.jp/ja-jp/pokemoncardgame/
1364,intex プール,1600,7,66,27,http://toysrus.co.jp/ja-jp/4895622-489562201.html
1365,レッカー車 おもちゃ,1000,5,66,22,http://toysrus.co.jp/ja-jp/3740617-374061700.html
1366,レゴ あつ森,1600,7,66,26,http://toysrus.co.jp/ja-jp/lego/lego-animal-crossings/
1367,バズ おもちゃ,1000,7,66,39,http://toysrus.co.jp/ja-jp/toy-story/
1368,アンパンマン ufoキャッチャー,1600,7,66,17,http://toysrus.co.jp/ja-jp/6818013-681801300.html
1369,三輪車 手押し,1000,5,66,21,http://toysrus.co.jp/ja-jp/toddler-and-baby-toys/trikest/
1370,自転車 22インチ,1600,7,66,22,http://toysrus.co.jp/ja-jp/bikes-scooters-ride-ons/bikes/22-inches-bikes/
1371,ポケモン uno,1600,5,66,17,http://toysrus.co.jp/ja-jp/7646860-764686000.html
1372,自宅 プール,1600,5,66,23,http://toysrus.co.jp/ja-jp/summer/pools/
1373,キャリアカー トミカ,1600,7,66,24,http://toysrus.co.jp/ja-jp/3387461-338746100.html
1374,2歳 自転車,1600,7,66,18,http://toysrus.co.jp/ja-jp/bikes-scooters-ride-ons/bikes/
1375,アンパンマン 車のおもちゃ,1600,7,66,22,http://toysrus.co.jp/ja-jp/6254667-625466700.html
1376,トイザらス ベビーザ ら ス 岡山店,4400,3,65,20,http://toysrus.co.jp/ja-jp/stores/
1377,ブルーイ おもちゃ,4400,10,65,23,http://toysrus.co.jp/ja-jp/bluey/
1378,庭 遊具,1300,6,65,18,http://toysrus.co.jp/ja-jp/outdoor-sports/
1379,レゴ のセット,1300,6,65,31,http://toysrus.co.jp/ja-jp/lego/
1380,シナモロール おもちゃ,1300,6,65,22,http://toysrus.co.jp/ja-jp/sanrio/
1381,lego ディズニー,1300,6,65,33,http://toysrus.co.jp/ja-jp/lego/lego-disney/
1382,屋根付き プール,1600,5,65,25,http://toysrus.co.jp/ja-jp/summer/pools/
1383,ブルーイ グッズ,5400,10,65,22,http://toysrus.co.jp/ja-jp/bluey/
1384,ネネちゃん メルちゃん,1600,5,65,20,http://toysrus.co.jp/ja-jp/6143237-614323700.html
1385,アンパンマン 自販機,1300,6,65,25,http://toysrus.co.jp/ja-jp/6414400-641440000.html
1386,アンパンマン おもちゃ 0歳,1000,2,65,21,http://toysrus.co.jp/ja-jp/anpanman/
1387,工具 おもちゃ,1300,6,65,20,http://toysrus.co.jp/ja-jp/action-figures-and-hero-play/toy-tools-workshop/
1388,おままごとセット アンパンマン,1300,6,65,22,http://toysrus.co.jp/ja-jp/5561477-556147700.html
1389,たまごっち オンラインストア,1900,8,64,40,http://toysrus.co.jp/ja-jp/tamagotchi/
1390,横浜 トイザらス,1600,7,64,19,"http://toysrus.co.jp/ja-jp/corporate-pr-store-091.html?params={""custom"":""{\""action\"":\""Page-Show\"",\""queryString\"":\""cid=corporate-pr-store-091\"",\""locale\"":\""ja_JP\"",\""tracking_consent\"":null,\""csrf\"":{\""tokenName\"":\""csrf_token\"",\""token\"":\""orkFRNMzy60SlblWjJzIV7RKScuBgRYa-eyJiO8o3E63G5J-KP_If3DZZ2ejpwwrlzQzsBYyFSroILu21foggt4mUY_qrsALiIgk647NZUcVrbRwlk9JOyZCMtVzsg9K7hWFuICffYjAWBR6iQwfFtM2UoWc--njolK3Ie8jZ-CTNTB8dgM=\""},\""CurrentPageMetaData\"":{\""title\"":\""Sites-ToysRUs_JP-Site\"",\""description\"":\""\"",\""keywords\"":\""\"",\""pageMetaTags\"":[]},\""canonicalUrl\"":null}"",""aspect_attributes"":null}&vf=ce797418045ee7246338db456e4ebd0f"
1391,恐竜のおもちゃ,2400,2,64,26,http://toysrus.co.jp/ja-jp/action-figures-and-hero-play/dinosaurs/
1392,ジャングルアンドコ,2400,2,64,21,http://toysrus.co.jp/ja-jp/8194947-10117880.html
1393,レゴ 10698,1900,8,64,34,http://toysrus.co.jp/ja-jp/4894898-489489800.html
1394,シルバニア オンラインショップ,1300,7,64,42,http://toysrus.co.jp/ja-jp/sylvanian-families/
1395,レゴ スポーツカー,1900,8,64,24,http://toysrus.co.jp/ja-jp/lego/lego-speed-champions/
1396,フィギュア マーベル,1900,8,64,18,http://toysrus.co.jp/ja-jp/marvel/
1397,エルサ 靴,1300,7,64,25,http://toysrus.co.jp/ja-jp/7826664-782666400.html
1398,アンパンマンのパン工場 おもちゃ,1900,8,64,36,http://toysrus.co.jp/ja-jp/7519249-751924900.html
1399,シルバニア ショップ,1600,8,64,39,http://toysrus.co.jp/ja-jp/sylvanian-families/
1400,人気のおもちゃ,2400,2,64,20,http://toysrus.co.jp/ja-jp/promotions/ranking-toy/
1401,トラック おもちゃ,1300,7,64,26,http://toysrus.co.jp/ja-jp/cars-trucks-trains-rc/
1402,アンパンマン 手押し車,1600,8,64,44,http://toysrus.co.jp/ja-jp/6599265-659926500.html
1403,おもちゃ車 アンパンマン,1600,8,64,22,http://toysrus.co.jp/ja-jp/6254667-625466700.html
1404,ブルーイ ぬいぐるみ,1300,6,63,19,http://toysrus.co.jp/ja-jp/bluey/
1405,ベイブレード大会 トイザらス 2025,880,2,63,22,http://toysrus.co.jp/ja-jp/stores/events-calendar/
1406,生後6ヶ月 おもちゃ,1600,8,63,16,http://toysrus.co.jp/ja-jp/toddler-and-baby-toys/baby-toys-0/
1407,エベレスト パウパトロール,1600,8,63,23,http://toysrus.co.jp/ja-jp/6769756-676975600.html
1408,ラジコン 車,2400,9,63,21,http://toysrus.co.jp/ja-jp/cars-trucks-trains-rc/rc-vehicles/
1409,プーメリー 新作,1300,7,63,22,http://toysrus.co.jp/ja-jp/8085056-10089220.html
1410,マック カーズ,1600,8,63,26,http://toysrus.co.jp/ja-jp/5806097-580609700.html
1411,トイザらス みなとみらい,1600,7,63,18,http://toysrus.co.jp/ja-jp/stores/
1412,lego クラシック,1300,7,63,19,http://toysrus.co.jp/ja-jp/lego/lego-classic/
1413,ラマ フォートナイト,1600,8,63,25,http://toysrus.co.jp/ja-jp/8050430-10079542.html
1414,マイクラ 水筒,1600,8,63,20,http://toysrus.co.jp/ja-jp/8216665-10123682.html
1415,メルちゃん 抱っこ紐,1600,8,63,20,http://toysrus.co.jp/ja-jp/6710247-671024700.html
1416,lego テクニック,1600,8,63,25,http://toysrus.co.jp/ja-jp/lego/lego-technic/
1417,ベイブレード 値段,1300,7,63,38,http://toysrus.co.jp/ja-jp/beyblade-x/
1418,1歳児クリスマスプレゼント,1000,2,63,16,http://toysrus.co.jp/ja-jp/promotions/birthday-present/age-1/
1419,三輪車 おすすめ,1300,7,63,20,http://toysrus.co.jp/ja-jp/toddler-and-baby-toys/trikest/
1420,アンパンマン スマホ,1300,7,63,20,http://toysrus.co.jp/ja-jp/6729517-672951700.html
1421,トイザらス 京都 河原町 opa店,1000,2,63,19,http://toysrus.co.jp/ja-jp/corporate-pr-store-087.html
1422,楽しい おもちゃ,1300,7,63,20,http://toysrus.co.jp/ja-jp/promotions/ranking-toy/
1423,ウーニーズ サンリオ,1300,6,63,21,http://toysrus.co.jp/ja-jp/8167028-10108750.html
1424,レゴ キャンピングカー,1300,6,63,24,http://toysrus.co.jp/ja-jp/7984510-10062837.html
1425,スターウォーズ ベアブリック,1600,8,63,26,http://toysrus.co.jp/ja-jp/8071772-10084976.html
1426,乗り物 おもちゃ,1300,6,63,23,http://toysrus.co.jp/ja-jp/bikes-scooters-ride-ons/ride-on-vehicles/
1427,カーズ マック,1600,8,63,26,http://toysrus.co.jp/ja-jp/5806097-580609700.html
1428,腕 うきわ,1300,6,63,25,http://toysrus.co.jp/ja-jp/summer/arm-bands/
1429,アンパンマン 乗り物,2400,9,63,25,http://toysrus.co.jp/ja-jp/6254667-625466700.html
1430,アニア スピノサウルス,1000,6,62,21,http://toysrus.co.jp/ja-jp/8081395-10087441.html
1431,ららぽーと福岡 トイザらス,590,3,62,21,"http://toysrus.co.jp/ja-jp/corporate-pr-store-076.html?params={""custom"":""{\""action\"":\""Page-Show\"",\""queryString\"":\""cid=corporate-pr-store-076\"",\""locale\"":\""ja_JP\"",\""tracking_consent\"":null,\""csrf\"":{\""tokenName\"":\""csrf_token\"",\""token\"":\""AHN5WYtCYJijJ8BfPPdr3KFkEapyCWRpZJ3XcmvaXvjGezSg1BwQJVoi5rnvRW0whGnZjlA1c73B1SN0ymUK-6DFXyDjAPazOr-Apsx0r2wcFruAyGS8NtPeFdfwZJyC1Lcx45lrcbaVVX5Mgu6Xt9QbPXbMPkSpAqLk8BqrNWvM1vY-vNc=\""},\""CurrentPageMetaData\"":{\""title\"":\""Sites-ToysRUs_JP-Site\"",\""description\"":\""\"",\""keywords\"":\""\"",\""pageMetaTags\"":[]},\""canonicalUrl\"":null}"",""aspect_attributes"":null}&vf=dfd84221266b37f718acced0882c3d54"
1432,バイキンマン のブロック,1300,7,62,22,http://toysrus.co.jp/ja-jp/8044783-10077726.html
1433,アンパンマン 新作おもちゃ,1000,6,62,24,http://toysrus.co.jp/ja-jp/anpanman/
1434,おもちゃ 作る系,1000,6,62,36,http://toysrus.co.jp/ja-jp/craft-activities/
1435,トイザらス スナモ店,1300,7,62,20,http://toysrus.co.jp/ja-jp/stores/
1436,アンパンマン よくばりボックス,1300,6,62,18,http://toysrus.co.jp/ja-jp/8103461-10093736.html
1437,自転車 4歳,1300,6,62,23,http://toysrus.co.jp/ja-jp/bikes-scooters-ride-ons/bikes/
1438,トイ ストーリーぬいぐるみ,1300,8,62,22,http://toysrus.co.jp/ja-jp/toy-story/
1439,トイザらスなんば,880,2,62,19,http://toysrus.co.jp/ja-jp/stores/
1440,３歳 知育玩具,1300,8,62,16,http://toysrus.co.jp/ja-jp/promotions/birthday-present/age-3/
1441,ららぽーと トイザらス,1300,6,62,21,http://toysrus.co.jp/ja-jp/stores/
1442,冷蔵庫 おもちゃ,1000,6,62,26,http://toysrus.co.jp/ja-jp/8074178-10085582.html
1443,キックボード 小学生,1300,7,62,21,http://toysrus.co.jp/ja-jp/bikes-scooters-ride-ons/scooters/
1444,pretty holic,1000,7,62,26,http://toysrus.co.jp/ja-jp/8270155-10134729.html
1445,だだんだん ぬいぐるみ,1300,7,62,20,http://toysrus.co.jp/ja-jp/7887647-788764700.html
1446,アンパンマン おままごとセット,1300,6,62,20,http://toysrus.co.jp/ja-jp/5561477-556147700.html
1447,レゴ アナと雪の女王,1000,6,62,24,http://toysrus.co.jp/ja-jp/7835256-783525600.html
1448,くずはモールトイザらス,880,2,62,21,http://toysrus.co.jp/ja-jp/corporate-pr-store-004.html
1449,トイザらス ベビーザらス みなとみらい 店,6600,4,62,18,"http://toysrus.co.jp/ja-jp/corporate-pr-store-026.html?params={""custom"":""{\""action\"":\""Page-Show\"",\""queryString\"":\""cid=corporate-pr-store-026\"",\""locale\"":\""ja_JP\"",\""tracking_consent\"":null,\""csrf\"":{\""tokenName\"":\""csrf_token\"",\""token\"":\""_4bofapmnlhaA4Sh9Q2apUQC62N2_xo65qfCodE8oOo5q81JBtVU4MfJVd2zmDNZl7lrR-56HLVy3mezmzVF2_e5iaHHSDB3i0OtyAy7rNeBvJ76Ni9NpchXwi1_ldG9FZ7F7L6EmxVTnH-6cxyXF8OD9Udg5av080fxMtw1UmyYr8lY434=\""},\""CurrentPageMetaData\"":{\""title\"":\""Sites-ToysRUs_JP-Site\"",\""description\"":\""\"",\""keywords\"":\""\"",\""pageMetaTags\"":[]},\""canonicalUrl\"":null}"",""aspect_attributes"":null}&vf=618c3b9fcc1b113d362d4c9338364411"
1450,知育3歳 おもちゃ,1000,6,62,15,http://toysrus.co.jp/ja-jp/promotions/birthday-present/age-3/
1451,トイザらス 支払い方法,1300,6,62,18,http://toysrus.co.jp/ja-jp/login/
1452,トイストーリー タカラトミー,1000,6,62,39,http://toysrus.co.jp/ja-jp/toy-story/
1453,legostar wars,1000,6,62,38,http://toysrus.co.jp/ja-jp/lego/lego-star-wars/
1454,エルサ レゴ,1000,6,62,24,http://toysrus.co.jp/ja-jp/7835256-783525600.html
1455,ラジコン スポーツカー,1300,6,62,22,http://toysrus.co.jp/ja-jp/cars-trucks-trains-rc/rc-vehicles/
1456,ティタノサウルス おもちゃ,1300,7,62,21,http://toysrus.co.jp/ja-jp/jurassic-world/
1457,おままごとキッチン セット,1300,8,62,28,http://toysrus.co.jp/ja-jp/pretend-play-costumes/kitchens/
1458,小学生 喜ぶ プレゼント,880,2,62,23,http://toysrus.co.jp/ja-jp/promotions/birthday-present/age-6-12/
1459,3歳 知育玩具,1300,8,62,16,http://toysrus.co.jp/ja-jp/promotions/birthday-present/age-3/
1460,ポケモンクレーンゲーム おもちゃ,1000,5,61,20,http://toysrus.co.jp/ja-jp/8275610-10136291.html
1461,遣りたい放題 おもちゃ,1300,8,61,22,http://toysrus.co.jp/ja-jp/8085137-10089223.html
1462,3歳 知育おもちゃ,1000,5,61,15,http://toysrus.co.jp/ja-jp/promotions/birthday-present/age-3/
1463,シルバニアファミリー 赤い屋根の大きなお家,1900,9,61,27,http://toysrus.co.jp/ja-jp/8209952-10121846.html
1464,ジュラシック ワールド の レゴ,5400,5,61,42,http://toysrus.co.jp/ja-jp/lego/lego-jurassic-world/
1465,アンパンマン おもちゃ新作,1000,7,61,20,http://toysrus.co.jp/ja-jp/anpanman/
1466,シナモロール リュック,1300,8,61,20,http://toysrus.co.jp/ja-jp/8217114-10123638.html
1467,アンパンマン 車おもちゃ,1600,9,61,25,http://toysrus.co.jp/ja-jp/6254667-625466700.html
1468,ブルズアイ,18100,9,61,21,http://toysrus.co.jp/ja-jp/8289824-10140914.html
1469,クリスマスプレゼント小 6,1300,8,61,19,http://toysrus.co.jp/ja-jp/promotions/birthday-present/age-6-12/
1470,生後半年 おもちゃ,1000,7,61,16,http://toysrus.co.jp/ja-jp/toddler-and-baby-toys/baby-toys-0/
1471,作る系 おもちゃ,1000,5,61,37,http://toysrus.co.jp/ja-jp/craft-activities/
1472,トイストーリー ぬいぐるみ,1300,8,61,22,http://toysrus.co.jp/ja-jp/toy-story/
1473,おもちゃ ドレッサー,1300,8,61,26,http://toysrus.co.jp/ja-jp/pretend-play-costumes/
1474,カメラ サンリオ,1900,9,61,20,http://toysrus.co.jp/ja-jp/7884001-788400100.html
1475,アンパンマン おしゃべりずかん,1000,5,61,17,http://toysrus.co.jp/ja-jp/8083584-10088679.html
1476,宮崎 トイザらス,3600,10,61,18,http://toysrus.co.jp/ja-jp/stores/
1477,おもちゃ キッチン,1300,8,61,29,http://toysrus.co.jp/ja-jp/pretend-play-costumes/kitchens/
1478,ベイブレードx 新作,1300,8,61,55,http://toysrus.co.jp/ja-jp/beyblade-x/
1479,クリスマス プレゼント小6,1300,8,61,19,http://toysrus.co.jp/ja-jp/promotions/birthday-present/age-6-12/
1480,アンパンマン 電子レンジ,1900,9,61,22,http://toysrus.co.jp/ja-jp/8030502-10073685.html
1481,クリーパー ぬいぐるみ,1300,8,61,23,http://toysrus.co.jp/ja-jp/7146159-714615900.html
1482,アンパンマン ぶるぶる,1000,5,60,22,http://toysrus.co.jp/ja-jp/4886194-488619400.html
1483,ままごとトントンアンパンマン,720,2,60,25,http://toysrus.co.jp/ja-jp/4697588-469758800.html
1484,マイクラ 人形,1000,5,60,27,http://toysrus.co.jp/ja-jp/minecraft/
1485,おもちゃ 電動車,1000,5,60,24,http://toysrus.co.jp/ja-jp/bikes-scooters-ride-ons/powered-vehicles/
1486,キラガチャシール 別売り,1900,9,60,20,http://toysrus.co.jp/ja-jp/7655045-765504500.html
1487,レゴ テクニック,12100,10,60,26,http://toysrus.co.jp/ja-jp/lego/lego-technic/
1488,ポケモン うきわ,1000,5,60,23,http://toysrus.co.jp/ja-jp/8247943-10129992.html
1489,お台場 トイザらス,2400,9,60,18,"http://toysrus.co.jp/ja-jp/corporate-pr-event-039.html?params={""custom"":""{\""action\"":\""Page-Show\"",\""queryString\"":\""cid=corporate-pr-event-039\"",\""locale\"":\""ja_JP\"",\""tracking_consent\"":null,\""csrf\"":{\""tokenName\"":\""csrf_token\"",\""token\"":\""ym5Gsm_zh1qqDV3agY3HiQ39u-duQ60FFvNzZjetKY81JOne-LyC1Nnt-RfTYJfigzG3YFPSlIZHqSS160rW-wj6zPTC4F64vuP3MujD1hQZMckNfyktuSW3-q11GFJ-rF0KDCWLgI_ABI0chSUXGSzLgX4Kv_hLOza1XWsx-Eetg3fxEt4=\""},\""CurrentPageMetaData\"":{\""title\"":\""Sites-ToysRUs_JP-Site\"",\""description\"":\""\"",\""keywords\"":\""\"",\""pageMetaTags\"":[]},\""canonicalUrl\"":null}"",""aspect_attributes"":null}&vf=27a4a43c117d81b3eb746de4286c8a6a"
1490,クリスマスプレゼント1歳,720,2,60,16,http://toysrus.co.jp/ja-jp/promotions/birthday-present/age-1/
1491,モンスタートラック おもちゃ,1000,5,60,25,http://toysrus.co.jp/ja-jp/hot-wheels/
1492,アンパンマンおもちゃ 新作,1000,5,60,19,http://toysrus.co.jp/ja-jp/anpanman/
1493,ブラインドボックス フィギュア,1000,5,60,13,http://toysrus.co.jp/ja-jp/blind-box/
1494,ベビー うきわ,1000,5,60,21,http://toysrus.co.jp/ja-jp/summer/swim-ring/
1495,手押し 3輪車,1000,5,60,25,http://toysrus.co.jp/ja-jp/toddler-and-baby-toys/trikest/
1496,アイスクリーム屋さん アンパンマン,1000,5,60,24,http://toysrus.co.jp/ja-jp/7251475-725147500.html
1497,ベイビーシャーク おもちゃ,1900,9,60,22,http://toysrus.co.jp/ja-jp/7377312-737731200.html
1498,フォルクスワーゲン 自転車,1000,5,60,22,http://toysrus.co.jp/ja-jp/volkswagen/
1499,ジャングルジムトイザらス,720,2,60,18,http://toysrus.co.jp/ja-jp/7187289-718728900.html
1500,チック ヒックス,1600,8,60,26,http://toysrus.co.jp/ja-jp/2984164-298416400.html
1501,たまごっち 販売店,1300,8,60,38,http://toysrus.co.jp/ja-jp/tamagotchi/
1502,足入れる 浮き輪,1000,5,60,23,http://toysrus.co.jp/ja-jp/summer/swim-ring/
1503,switch トモダチコレクション,8100,10,60,25,http://toysrus.co.jp/ja-jp/8266891-10134049.html
1504,建設現場 トミカ,1000,8,59,21,http://toysrus.co.jp/ja-jp/924032-092403200.html
1505,ベビー 浮き輪,1000,6,59,19,http://toysrus.co.jp/ja-jp/summer/swim-ring/
1506,カンカン 踏切,1000,7,59,23,http://toysrus.co.jp/ja-jp/8072256-10085180.html
1507,お医者さんセット アンパンマン,1600,9,59,23,http://toysrus.co.jp/ja-jp/6283489-628348900.html
1508,カシオペア プラレール,1600,9,59,23,http://toysrus.co.jp/ja-jp/3638995-363899500.html
1509,レゴ 種類,1000,7,59,20,http://toysrus.co.jp/ja-jp/lego/
1510,家 プール,1600,9,59,22,http://toysrus.co.jp/ja-jp/summer/pools/
1511,ドーイ ポピープレイタイム,1000,6,59,26,http://toysrus.co.jp/ja-jp/8130930-10098729.html
1512,いるか 浮き輪,1000,6,59,25,http://toysrus.co.jp/ja-jp/summer/swim-ring/
1513,たまごっちパラダイスフォレスト 予約,1000,8,58,19,http://toysrus.co.jp/ja-jp/8153329-10103595.html
1514,ちいかわ 通販,1000,7,58,42,http://toysrus.co.jp/ja-jp/chiikawa/
1515,ポケモン パーラービーズ,1300,9,58,25,http://toysrus.co.jp/ja-jp/7918852-10047095.html
1516,恐竜のおもちゃ 人気,1000,7,58,20,http://toysrus.co.jp/ja-jp/action-figures-and-hero-play/dinosaurs/
1517,エアホッケー おもちゃ,1000,7,58,26,http://toysrus.co.jp/ja-jp/5748763-574876300.html
1518,ヘリコプター おもちゃ,1300,9,58,21,http://toysrus.co.jp/ja-jp/7820011-782001100.html
1519,買ってよかったおもちゃ 2歳,1000,7,58,18,http://toysrus.co.jp/ja-jp/promotions/birthday-present/age-2/
1520,モジャンボ はかせ,1300,9,58,18,http://toysrus.co.jp/ja-jp/8326266-10151484.html
1521,ドキンちゃん ぬいぐるみ,1000,8,58,20,http://toysrus.co.jp/ja-jp/6816444-681644400.html
1522,おしゃべり図鑑 アンパンマン,1000,8,58,21,http://toysrus.co.jp/ja-jp/8083584-10088679.html
1523,アンパンマン お医者さん,1000,7,58,23,http://toysrus.co.jp/ja-jp/6283489-628348900.html
1524,ちいかわ プレゼント,1000,8,58,26,http://toysrus.co.jp/ja-jp/chiikawa/
1525,メルちゃん トイレ,1600,8,58,20,http://toysrus.co.jp/ja-jp/7611609-761160900.html
1526,アンパンマンブロック レゴ,1000,7,58,22,http://toysrus.co.jp/ja-jp/3819337-381933700.html
1527,アクアビーズ ディズニー,1300,9,57,18,http://toysrus.co.jp/ja-jp/6757405-675740500.html
1528,バイキンマン ブロック,1300,9,57,21,http://toysrus.co.jp/ja-jp/8044783-10077726.html
1529,3歳知育 おもちゃ,1000,10,57,15,http://toysrus.co.jp/ja-jp/promotions/birthday-present/age-3/
1530,タカラトミーモール ベイブレード,1000,10,57,27,http://toysrus.co.jp/ja-jp/beyblade-x/
1531,パウパト エベレスト,1300,9,57,23,http://toysrus.co.jp/ja-jp/6769756-676975600.html
1532,ジョブレイバー グッズ,1300,9,57,19,http://toysrus.co.jp/ja-jp/jobraver/
1533,トイストーリー 1,12100,8,57,44,http://toysrus.co.jp/ja-jp/toy-story/
1534,ドラえもん 日本旅行ゲーム,1300,9,57,18,http://toysrus.co.jp/ja-jp/7923295-10047131.html
1535,キャンピングカー レゴ,1300,9,57,24,http://toysrus.co.jp/ja-jp/7984510-10062837.html
1536,ウッディ とバズ,1600,9,57,22,http://toysrus.co.jp/ja-jp/toy-story/
1537,レゴ かわいい,1300,9,57,26,http://toysrus.co.jp/ja-jp/lego/
1538,タカラトミー トイストーリー,1000,9,57,40,http://toysrus.co.jp/ja-jp/toy-story/
1539,小6 のクリスマスプレゼント,1300,9,57,19,http://toysrus.co.jp/ja-jp/promotions/birthday-present/age-6-12/
1540,10ヶ月 おもちゃ,1300,9,57,19,http://toysrus.co.jp/ja-jp/toddler-and-baby-toys/baby-toys-0/
1541,乳幼児 おもちゃ,1300,9,57,16,http://toysrus.co.jp/ja-jp/toddler-and-baby-toys-2/
1542,リカちゃん ケイト,1600,9,57,20,http://toysrus.co.jp/ja-jp/8039607-10075472.html
1543,腕 浮き輪,1300,9,57,24,http://toysrus.co.jp/ja-jp/summer/arm-bands/
1544,フォートナイト ラマ,1300,9,57,26,http://toysrus.co.jp/ja-jp/8050430-10079542.html
1545,知育おもちゃ 3歳,1000,10,57,15,http://toysrus.co.jp/ja-jp/promotions/birthday-present/age-3/
1546,アンパンマン ハンバーガー屋さん,1000,9,57,17,http://toysrus.co.jp/ja-jp/7131887-713188700.html
1547,日本旅行ゲーム ドラえもん,1300,10,57,18,http://toysrus.co.jp/ja-jp/7923295-10047131.html
1548,小6 クリスマスプレゼント,1300,9,57,19,http://toysrus.co.jp/ja-jp/promotions/birthday-present/age-6-12/
1549,ザーグ トイストーリー,2400,10,56,26,http://toysrus.co.jp/ja-jp/toy-story/
1550,たまごっちパラダイス 通販,1000,9,56,21,http://toysrus.co.jp/ja-jp/tamagotchi/
1551,スヌーピー トミカ,1900,10,56,17,http://toysrus.co.jp/ja-jp/4289463-428946300.html
1552,パトカー ラジコン,1000,9,56,26,http://toysrus.co.jp/ja-jp/6229409-622940901.html
1553,だだんだん ブロック,1300,8,56,22,http://toysrus.co.jp/ja-jp/8044783-10077726.html
1554,恐竜 の 動く おもちゃ,1000,2,56,19,http://toysrus.co.jp/ja-jp/action-figures-and-hero-play/dinosaurs/
1555,キッチンおもちゃ 木製,1000,9,56,23,http://toysrus.co.jp/ja-jp/pretend-play-costumes/kitchens/
1556,知育玩具 3歳,1000,9,56,16,http://toysrus.co.jp/ja-jp/promotions/birthday-present/age-3/
1557,ドリームスイッチ ディズニー,1000,9,56,38,http://toysrus.co.jp/ja-jp/8153558-10103808.html
1558,トミカ タンクローリー,1000,9,56,26,http://toysrus.co.jp/ja-jp/7924941-10047040.html
1559,0歳 おもちゃアンパンマン,1000,9,56,21,http://toysrus.co.jp/ja-jp/anpanman/
1560,レゴ マリオカート,2900,10,56,25,http://toysrus.co.jp/ja-jp/8094969-10091709.html
1561,ピカチュウ おもちゃ,1000,9,56,30,http://toysrus.co.jp/ja-jp/pokemon/
1562,トミカ grヤリス,1000,9,56,22,http://toysrus.co.jp/ja-jp/8287465-10140077.html
1563,アンパンマンぬいぐるみ大きい,880,2,56,23,http://toysrus.co.jp/ja-jp/6816711-681671100.html
1564,サプライズ トイ,1000,9,56,26,http://toysrus.co.jp/ja-jp/5surprise/
1565,ポピープレイタイムおもちゃ,880,2,56,25,http://toysrus.co.jp/ja-jp/poppy-playtime/
1566,トミカ 工事現場,1900,10,56,21,http://toysrus.co.jp/ja-jp/7714815-771481500.html
1567,トイザらス 佐賀,390,2,55,19,http://toysrus.co.jp/ja-jp/stores/
1568,ウッディー フィギュア,1300,10,55,21,http://toysrus.co.jp/ja-jp/8289832-10140915.html
1569,トイザらス 高知,390,2,55,19,http://toysrus.co.jp/ja-jp/stores/
1570,クロネコヤマト トミカ,1600,10,55,25,http://toysrus.co.jp/ja-jp/8096198-10092038.html
1571,トイザらス 尼崎,390,2,55,18,http://toysrus.co.jp/ja-jp/stores/
1572,子ども 自転車,1600,10,55,37,http://toysrus.co.jp/ja-jp/bikes-scooters-ride-ons/bikes/
1573,難波 トイザらス,390,2,55,18,http://toysrus.co.jp/ja-jp/stores/
1574,おもちゃ キーボード,1900,10,55,26,http://toysrus.co.jp/ja-jp/learning-toys/musical-instruments/
1575,トイザらス 倉敷,390,2,55,18,http://toysrus.co.jp/ja-jp/stores/
1576,ポピープレイタイム 公式,1300,9,55,32,http://toysrus.co.jp/ja-jp/poppy-playtime/
1577,ホット ウィール 新作,5400,6,55,31,http://toysrus.co.jp/ja-jp/hot-wheels/
1578,トイザらス 市川,390,2,55,18,http://toysrus.co.jp/ja-jp/stores/
1579,ブルーイ レゴ,1600,10,55,25,http://toysrus.co.jp/ja-jp/8293104-10141584.html
1580,トイザらス くずは,390,2,55,19,http://toysrus.co.jp/ja-jp/corporate-pr-store-004.html
1581,おもちゃ の トーマス,5400,6,55,25,http://toysrus.co.jp/ja-jp/thomas-and-friends/
1582,レックーザ ぬいぐるみ,1900,10,55,23,http://toysrus.co.jp/ja-jp/7391706-739170600.html
1583,トイザらス 下関,480,2,54,28,http://toysrus.co.jp/ja-jp/stores/
1584,トイザらス 佐世保,480,2,54,18,http://toysrus.co.jp/ja-jp/stores/
1585,スターウォーズ エンボ,1300,10,54,26,http://toysrus.co.jp/ja-jp/8331332-10152825.html
1586,おままごとセット キッチン,1300,10,54,40,http://toysrus.co.jp/ja-jp/pretend-play-costumes/kitchens/
1587,トイザらス 和歌山,480,2,54,19,http://toysrus.co.jp/ja-jp/stores/
1588,プリンセス おもちゃ,3600,3,54,26,http://toysrus.co.jp/ja-jp/disney-princess/
1589,トイズ タウン,1000,10,54,21,http://toysrus.co.jp/ja-jp/
1590,トイザらス 小田原,480,2,54,18,http://toysrus.co.jp/ja-jp/stores/
1591,トイザらス クリスマスツリー,1300,10,54,24,http://toysrus.co.jp/ja-jp/corporate-pr-product-100.html
1592,こども 遊具,2400,10,54,18,http://toysrus.co.jp/ja-jp/outdoor-sports/
1593,トイザらスつくば,590,2,54,18,http://toysrus.co.jp/ja-jp/stores/
1594,トイザらス ららぽーと福岡,1900,3,54,21,"http://toysrus.co.jp/ja-jp/corporate-pr-store-076.html?params={""custom"":""{\""action\"":\""Page-Show\"",\""queryString\"":\""cid=corporate-pr-store-076\"",\""locale\"":\""ja_JP\"",\""tracking_consent\"":null,\""csrf\"":{\""tokenName\"":\""csrf_token\"",\""token\"":\""AjSMul4pWkzjxJUa_dMM5rjNTS-hxfo1bYZXVpubM0rjtnFnuZpVzKek3ETeV-cogd8SJsUdGCLJu5OiEUF1AS13-jTpLDnql_RJqGGWIP3no3nPWsVfVloHma9ED7-UD3JFoeS9vZ1l8c-zMZ4JsDdMbLHnkFYYWKNhFrnVv_Lta4WxM20=\""},\""CurrentPageMetaData\"":{\""title\"":\""Sites-ToysRUs_JP-Site\"",\""description\"":\""\"",\""keywords\"":\""\"",\""pageMetaTags\"":[]},\""canonicalUrl\"":null}"",""aspect_attributes"":null}&vf=dfd84221266b37f718acced0882c3d54"
1595,プーメリー 変形,1000,10,54,20,http://toysrus.co.jp/ja-jp/8085056-10089220.html
1596,佐世保 トイザらス,480,2,54,27,http://toysrus.co.jp/ja-jp/stores/
1597,成田エクスプレス プラレール,1300,10,54,19,http://toysrus.co.jp/ja-jp/6603416-660341600.html
1598,トイザらス徳島,590,2,54,19,http://toysrus.co.jp/ja-jp/stores/
1599,プラレール ドクターイエロー,1300,10,54,20,http://toysrus.co.jp/ja-jp/4661079-466107900.html
1600,なんばパークストイザらス,590,2,54,18,http://toysrus.co.jp/ja-jp/stores/
1601,トイザらス 大牟田,480,2,54,18,http://toysrus.co.jp/ja-jp/stores/
1602,トイザらス 盛岡,480,2,54,27,http://toysrus.co.jp/ja-jp/stores/
1603,やりたい放題 おもちゃ,1300,10,54,24,http://toysrus.co.jp/ja-jp/8085137-10089223.html
1604,トイザらス 仙台長町店,1000,9,54,20,http://toysrus.co.jp/ja-jp/stores/
1605,プラレール 成田エクスプレス,1300,10,54,20,http://toysrus.co.jp/ja-jp/6603416-660341600.html
1606,ポケモン 浮き輪,1000,10,53,25,http://toysrus.co.jp/ja-jp/8247978-10129994.html
1607,リカちゃん わんにゃんシェアハウス,1000,10,53,23,http://toysrus.co.jp/ja-jp/7851286-785128600.html
1608,知育 おもちゃ3歳,1000,10,53,16,http://toysrus.co.jp/ja-jp/promotions/birthday-present/age-3/
1609,サーティーワン おもちゃ,2400,10,53,26,http://toysrus.co.jp/ja-jp/7436289-743628900.html
1610,おもちゃのトーマス,5400,5,53,24,http://toysrus.co.jp/ja-jp/thomas-and-friends/
1611,恐竜おもちゃ 人気,1000,10,53,20,http://toysrus.co.jp/ja-jp/action-figures-and-hero-play/dinosaurs/
1612,パトカーの ラジコン,1000,10,53,24,http://toysrus.co.jp/ja-jp/6229409-622940901.html
1613,メルちゃん ヨーグルト,1000,10,53,22,http://toysrus.co.jp/ja-jp/8065535-10083447.html
1614,滑り台ロング,1900,3,53,18,http://toysrus.co.jp/ja-jp/6778046-677804600.html
1615,おもちゃトーマス,5400,5,53,37,http://toysrus.co.jp/ja-jp/thomas-and-friends/
1616,イオン たまごっちパラダイス,1000,10,53,22,http://toysrus.co.jp/ja-jp/8291977-10141498.html
1617,トイザらス ベビーザらス八戸店,1000,10,53,18,"http://toysrus.co.jp/ja-jp/corporate-pr-store-019.html?params={""custom"":""{\""action\"":\""Page-Show\"",\""queryString\"":\""cid=corporate-pr-store-019\"",\""locale\"":\""ja_JP\"",\""tracking_consent\"":null,\""csrf\"":{\""tokenName\"":\""csrf_token\"",\""token\"":\""By3P32g0KFzrECGVIM3qfVVzEWR0gyMRUyfFwpgYvYAnH9OjZzI2I-iE_l5boWtS-mB4VZ8IaTbETDsForgVP2JI7Vi4BEK8RNiOHJCNNRP647THrasvzQikREl43LT-yOkV8tbW5BE4u9f76fUXn0lByUvWUVf6b0FK4-in5mx_764mag8=\""},\""CurrentPageMetaData\"":{\""title\"":\""Sites-ToysRUs_JP-Site\"",\""description\"":\""\"",\""keywords\"":\""\"",\""pageMetaTags\"":[]},\""canonicalUrl\"":null}"",""aspect_attributes"":null}&vf=a56d0a91b0044d74abeb591d5ca136ff"
1618,シルバニア ランダム,2900,10,53,19,http://toysrus.co.jp/ja-jp/8044686-10077241.html
1619,アンパンマン回転寿司,1000,2,52,27,http://toysrus.co.jp/ja-jp/7832095-783209500.html
1620,おもちゃアンパンマン,1000,2,52,33,http://toysrus.co.jp/ja-jp/anpanman/
1621,子どもパソコンおもちゃ,1000,2,52,20,http://toysrus.co.jp/ja-jp/electronics/computers-and-tablets/
1622,自転車 子ども,1000,10,52,37,http://toysrus.co.jp/ja-jp/bikes-scooters-ride-ons/bikes/
1623,ジェームス プラレール,1000,10,52,22,http://toysrus.co.jp/ja-jp/745510-074551000.html
1624,3歳児のクリスマスプレゼント,1000,2,52,17,http://toysrus.co.jp/ja-jp/promotions/birthday-present/age-3/
1625,toptoy スティッチ,1000,10,52,22,http://toysrus.co.jp/ja-jp/8146101-10102592.html
1626,ジープ ラジコン,1000,10,52,22,http://toysrus.co.jp/ja-jp/7652178-765217800.html
1627,バースデー おもちゃ,1000,10,52,23,http://toysrus.co.jp/ja-jp/service-starcard-birthday.html
1628,lego スターウォーズ,2900,3,51,24,http://toysrus.co.jp/ja-jp/lego/lego-star-wars/
1629,スライム のおもちゃ,1900,3,50,26,http://toysrus.co.jp/ja-jp/party/slime/
1630,子ども 遊具,2400,4,50,16,http://toysrus.co.jp/ja-jp/outdoor-sports/
1631,2歳児 おもちゃ,1900,3,50,18,http://toysrus.co.jp/ja-jp/toddler-and-baby-toys/toddler-toys-2/
1632,ラジコン の車,1900,3,50,24,http://toysrus.co.jp/ja-jp/cars-trucks-trains-rc/rc-vehicles/
1633,トイストーリー の人形,1900,3,50,22,http://toysrus.co.jp/ja-jp/toy-story/
1634,小学生男子 プレゼント,1900,3,50,20,http://toysrus.co.jp/ja-jp/promotions/birthday-present/age-6-12/
1635,キッチン　おもちゃ,4400,5,49,24,http://toysrus.co.jp/ja-jp/pretend-play-costumes/kitchens/
1636,6歳　おもちゃ,720,2,49,15,http://toysrus.co.jp/ja-jp/promotions/birthday-present/age-6-12/
1637,最新おもちゃ,720,2,49,25,http://toysrus.co.jp/ja-jp/whats-on/new-arrivals-2/
1638,ホットウィール,49500,6,49,42,http://toysrus.co.jp/ja-jp/hot-wheels/
1639,すみ っ コ ぐらし おもちゃ,5400,7,49,21,http://toysrus.co.jp/ja-jp/sumikko-gurashi/
1640,自転車キッズ,4400,5,49,37,http://toysrus.co.jp/ja-jp/bikes-scooters-ride-ons/bikes/
1641,アンパンマンの アイス 屋さん,2400,3,49,21,http://toysrus.co.jp/ja-jp/7251475-725147500.html
1642,トイザらス ベビーザらス 青森店,720,2,49,20,"http://toysrus.co.jp/ja-jp/corporate-pr-store-019.html?params={""custom"":""{\""action\"":\""Page-Show\"",\""queryString\"":\""cid=corporate-pr-store-019\"",\""locale\"":\""ja_JP\"",\""tracking_consent\"":null,\""csrf\"":{\""tokenName\"":\""csrf_token\"",\""token\"":\""OoUEOtsq-gQuUs0pgnTXoXuVxMXtrcjVMBf6LdYcwz4YCLSq_qt5ePZ61VibXSM6byfrGlTFM_hHdBPpqG1EBYJOrXvbxxfr2y3ghFjlKEUAIpvLvNN-Ym1XA8IUkL3lgN5bZlF7lNmWCMk_JlWYpqzmRL7gBMWjNFxLNAdfcEY_pbbd9RU=\""},\""CurrentPageMetaData\"":{\""title\"":\""Sites-ToysRUs_JP-Site\"",\""description\"":\""\"",\""keywords\"":\""\"",\""pageMetaTags\"":[]},\""canonicalUrl\"":null}"",""aspect_attributes"":null}&vf=a56d0a91b0044d74abeb591d5ca136ff"
1643,ポケモンカード 抽選 トイザらス,2400,3,49,10,http://toysrus.co.jp/ja-jp/pokemoncardgame/
1644,ギャバン インフィニティ おもちゃ,5400,6,48,22,http://toysrus.co.jp/ja-jp/gavan-infinity/
1645,デュプロ,9900,8,48,45,http://toysrus.co.jp/ja-jp/lego/lego-duplo/
1646,ホットウィール新作,5400,6,47,28,http://toysrus.co.jp/ja-jp/hot-wheels/
1647,滑り台 ロング,1900,3,47,18,http://toysrus.co.jp/ja-jp/6778046-677804600.html
1648,たまごっち おもちゃ,4400,4,47,42,http://toysrus.co.jp/ja-jp/tamagotchi/
1649,ドッグデイ,5400,5,47,25,http://toysrus.co.jp/ja-jp/8028303-10072980.html
1650,マイクラ ぬいぐるみ,3600,4,47,27,http://toysrus.co.jp/ja-jp/minecraft/
1651,トランスフォーマーおもちゃ,6600,6,47,38,http://toysrus.co.jp/ja-jp/transformers/
1652,デュプロ レゴ,2400,4,46,24,http://toysrus.co.jp/ja-jp/lego/lego-duplo/
1653,アンパンマンの掃除機,3600,4,46,20,http://toysrus.co.jp/ja-jp/8082448-10087660.html
1654,アンパンマンお寿司,880,2,46,21,http://toysrus.co.jp/ja-jp/7832095-783209500.html
1655,トイザらス 新都心,590,3,46,19,http://toysrus.co.jp/ja-jp/stores/
1656,キラガチャシール,4400,4,46,24,http://toysrus.co.jp/ja-jp/7655045-765504500.html
1657,lego デュプロ,2400,4,46,32,http://toysrus.co.jp/ja-jp/lego/lego-duplo/
1658,スパイダーマンおもちゃ,3600,4,46,34,http://toysrus.co.jp/ja-jp/marvel/
1659,トイ ストーリー グッズ,6600,8,45,35,http://toysrus.co.jp/ja-jp/toy-story/
1660,ジャングル ジム トイザらス,720,2,44,22,http://toysrus.co.jp/ja-jp/7187289-718728900.html
1661,お誕生日プレゼント 一歳,590,2,44,14,http://toysrus.co.jp/ja-jp/promotions/birthday-present/age-1/
1662,アンパンマン ままごと トントン,720,2,44,25,http://toysrus.co.jp/ja-jp/4697588-469758800.html
1663,ジュラシックワールド 復活の大地おもちゃ,590,2,44,33,http://toysrus.co.jp/ja-jp/jurassic-world/
1664,どうぶつの森 レゴ,2400,4,44,26,http://toysrus.co.jp/ja-jp/lego/lego-animal-crossings/
1665,小学生 男子誕生日プレゼント,590,2,44,23,http://toysrus.co.jp/ja-jp/promotions/birthday-present/age-6-12/
1666,プラコロ 予約,590,2,44,21,http://toysrus.co.jp/ja-jp/8279306-10138033.html
1667,トイストーリー 電話のおもちゃ,590,2,44,24,http://toysrus.co.jp/ja-jp/7634927-763492700.html
1668,mg フルアーマーzzガンダム ver ka,5400,9,44,18,http://toysrus.co.jp/ja-jp/8171033-10109799.html
1669,おもちゃ パソコン,1900,3,44,21,http://toysrus.co.jp/ja-jp/electronics/computers-and-tablets/
1670,トイ ストーリー1,12100,9,44,44,http://toysrus.co.jp/ja-jp/toy-story/
1671,2 歳 三輪車,4400,6,44,26,http://toysrus.co.jp/ja-jp/toddler-and-baby-toys/trikest/
1672,レゴ minecraft,1900,3,44,25,http://toysrus.co.jp/ja-jp/lego/lego-minecraft/
1673,5歳児 おもちゃ,590,2,44,16,http://toysrus.co.jp/ja-jp/promotions/birthday-present/age-4-5/
1674,三輪車 1歳,2400,4,44,28,http://toysrus.co.jp/ja-jp/toddler-and-baby-toys/trikest/
1675,小学生男子 誕生日プレゼント,590,2,44,20,http://toysrus.co.jp/ja-jp/promotions/birthday-present/age-6-12/
1676,知育のおもちゃ,5400,8,44,34,http://toysrus.co.jp/ja-jp/learning-toys/
1677,トイ ストーリー 電話,720,2,44,26,http://toysrus.co.jp/ja-jp/7634927-763492700.html
1678,野球盤,9900,8,44,25,http://toysrus.co.jp/ja-jp/5695791-569579100.html
1679,1歳 プレゼント,2400,4,44,25,http://toysrus.co.jp/ja-jp/promotions/birthday-present/age-1/
1680,ベイブレードエックス,6600,7,43,51,http://toysrus.co.jp/ja-jp/beyblade-x/
1681,トイザらス盛岡,480,2,42,27,http://toysrus.co.jp/ja-jp/stores/
1682,トイザらス和歌山,480,2,42,19,http://toysrus.co.jp/ja-jp/stores/
1683,マリオ レゴ,5400,3,42,27,http://toysrus.co.jp/ja-jp/lego/lego-super-mario/
1684,佐世保トイザらス,480,2,42,28,http://toysrus.co.jp/ja-jp/stores/
1685,toy story,5400,3,42,58,http://toysrus.co.jp/ja-jp/toy-story/
1686,トイザらス豊洲,480,2,42,22,http://toysrus.co.jp/ja-jp/stores/
1687,トイザらス大牟田,480,2,42,18,http://toysrus.co.jp/ja-jp/stores/
1688,トイザらス藤沢,480,2,42,19,http://toysrus.co.jp/ja-jp/stores/
1689,トイザらス佐世保,480,2,42,19,http://toysrus.co.jp/ja-jp/stores/
1690,hot wheel,5400,3,42,46,http://toysrus.co.jp/ja-jp/hot-wheels/
1691,トイザらス小田原,480,2,42,18,http://toysrus.co.jp/ja-jp/stores/
1692,フォート ナイト レゴ,5400,6,42,24,http://toysrus.co.jp/ja-jp/lego/lego-fortnite/
1693,トイザらス川口,480,2,42,18,http://toysrus.co.jp/ja-jp/stores/
1694,トイザらス下関,480,2,42,27,http://toysrus.co.jp/ja-jp/stores/
1695,トイザらス沼津店,480,2,42,24,http://toysrus.co.jp/ja-jp/stores/
1696,トイザらス高知,390,2,41,18,http://toysrus.co.jp/ja-jp/stores/
1697,トイザらス佐賀,390,2,41,19,http://toysrus.co.jp/ja-jp/stores/
1698,トイザらス倉敷,390,2,41,18,http://toysrus.co.jp/ja-jp/stores/
1699,ジュラシックワールド フィギュア,1900,4,41,41,http://toysrus.co.jp/ja-jp/jurassic-world/
1700,蕨トイザらス,390,2,41,18,http://toysrus.co.jp/ja-jp/stores/
1701,トイザらス市川,390,2,41,18,http://toysrus.co.jp/ja-jp/stores/
1702,トイザらスサンシャイン,390,2,41,34,http://toysrus.co.jp/ja-jp/stores/
1703,難波トイザらス,390,2,41,18,http://toysrus.co.jp/ja-jp/stores/
1704,シナモロール カメラ,590,2,41,21,http://toysrus.co.jp/ja-jp/7884028-788402800.html
1705,トイザらス矢本,390,2,41,19,http://toysrus.co.jp/ja-jp/stores/
1706,アンパンマン コロコロタワー,1900,4,41,26,http://toysrus.co.jp/ja-jp/7356285-735628500.html
1707,コロコロタワー アンパンマン,1900,4,41,22,http://toysrus.co.jp/ja-jp/7356285-735628500.html
1708,1歳児 おもちゃ,1600,3,40,17,http://toysrus.co.jp/ja-jp/promotions/birthday-present/age-1/
1709,一歳 プレゼント,1600,3,40,14,http://toysrus.co.jp/ja-jp/promotions/birthday-present/age-1/
1710,0歳　おもちゃ,3600,5,40,25,http://toysrus.co.jp/ja-jp/toddler-and-baby-toys/baby-toys-0/
1711,ドールハウス おもちゃ,1600,3,40,20,http://toysrus.co.jp/ja-jp/dolls-collectibles/doll-houses-accessories/
1712,二歳 誕生日プレゼント,1600,3,40,16,http://toysrus.co.jp/ja-jp/promotions/birthday-present/age-2/
1713,プレゼント 一歳,1600,3,40,14,http://toysrus.co.jp/ja-jp/promotions/birthday-present/age-1/
1714,バハムートブリッツ,8100,8,40,23,http://toysrus.co.jp/ja-jp/8266123-10133634.html
1715,ガンダムアッセンブル,8100,8,40,26,http://toysrus.co.jp/ja-jp/8279195-10137736.html
1716,アナ雪 レゴ,1600,3,40,24,http://toysrus.co.jp/ja-jp/7835256-783525600.html
1717,lol 人形,1600,3,40,22,http://toysrus.co.jp/ja-jp/l.o.l.-surprise/
1718,1歳の誕生日 おもちゃ,390,2,39,22,http://toysrus.co.jp/ja-jp/promotions/birthday-present/age-1/
1719,エルサの人形,1900,3,39,23,http://toysrus.co.jp/ja-jp/7514549-751454900.html
1720,1年生 クリスマスプレゼント,390,2,39,19,http://toysrus.co.jp/ja-jp/promotions/birthday-present/age-6-12/
1721,minecraftレゴ,1900,3,39,25,http://toysrus.co.jp/ja-jp/lego/lego-minecraft/
1722,アンパンマンおでかけメロディハンドル,320,2,39,36,http://toysrus.co.jp/ja-jp/7398301-739830100.html
1723,補助輪付き自転車,1900,3,39,22,http://toysrus.co.jp/ja-jp/bikes-scooters-ride-ons/bikes/
1724,チャチャキューブ,1900,3,39,19,http://toysrus.co.jp/ja-jp/6772781-677278100.html
1725,たまごっちパラダイス予約 方法,390,2,39,23,http://toysrus.co.jp/ja-jp/8292108-10141513.html
1726,エルサ人形,1900,3,39,25,http://toysrus.co.jp/ja-jp/7514549-751454900.html
1727,トイザらス 福袋レゴ,390,2,39,22,http://toysrus.co.jp/ja-jp/lego/
1728,5歳 自転車,1900,4,39,35,http://toysrus.co.jp/ja-jp/bikes-scooters-ride-ons/bikes/
1729,トイザらス 千葉ニュータウン,390,3,39,20,"http://toysrus.co.jp/ja-jp/corporate-pr-store-008.html?params={""custom"":""{\""action\"":\""Page-Show\"",\""queryString\"":\""cid=corporate-pr-store-008\"",\""locale\"":\""ja_JP\"",\""tracking_consent\"":null,\""csrf\"":{\""tokenName\"":\""csrf_token\"",\""token\"":\""MgT1lW1u8_WOF1JdzoALAs-8TAIFv2flQT4kYVRRlUwS9-GliR36-pTVgEPMEXij4mmCWxzJz7SyvYv8_G9j-AzuQ4UfsHM66o1AmjT7PymTs-IjMVsfV80ohZUD3GpJt_OQUfQBuhA6diK_fyTH-Bf5IfVveruxLibYk5-BVPeh5yT2G7E=\""},\""CurrentPageMetaData\"":{\""title\"":\""Sites-ToysRUs_JP-Site\"",\""description\"":\""\"",\""keywords\"":\""\"",\""pageMetaTags\"":[]},\""canonicalUrl\"":null}"",""aspect_attributes"":null}&vf=61a822b02ee57198ce5634a502b1ddb5"
1730,トイザらス昭島,320,2,39,18,http://toysrus.co.jp/ja-jp/corporate-pr-store-068.html
1731,トイザらス 長崎,390,3,39,19,http://toysrus.co.jp/ja-jp/stores/
1732,トイザらス福袋 レゴ,390,2,39,22,http://toysrus.co.jp/ja-jp/lego/
1733,1歳児おもちゃ,1900,3,39,18,http://toysrus.co.jp/ja-jp/promotions/birthday-present/age-1/
1734,一歳児おもちゃ,1900,3,39,19,http://toysrus.co.jp/ja-jp/promotions/birthday-present/age-1/
1735,トイザらス小牧,320,2,39,18,http://toysrus.co.jp/ja-jp/stores/
1736,5歳児 クリスマスプレゼント,390,2,39,21,http://toysrus.co.jp/ja-jp/promotions/birthday-present/age-4-5/
1737,トイザらス橿原,320,2,39,18,http://toysrus.co.jp/ja-jp/stores/
1738,トイザらス 名古屋みなとアクルス店,1900,4,39,20,http://toysrus.co.jp/ja-jp/corporate-pr-store-053.html
1739,おもちゃ 4歳,390,2,39,26,http://toysrus.co.jp/ja-jp/promotions/birthday-present/age-4-5/
1740,自転車補助輪,1900,3,39,25,http://toysrus.co.jp/ja-jp/bikes-scooters-ride-ons/bikes/
1741,おもちゃのスライム,1900,3,39,22,http://toysrus.co.jp/ja-jp/party/slime/
1742,たまごっち 何円,1300,3,38,41,http://toysrus.co.jp/ja-jp/tamagotchi/
1743,川越 トイザらス,320,2,38,18,http://toysrus.co.jp/ja-jp/stores/
1744,3歳児 おもちゃ,1300,3,38,15,http://toysrus.co.jp/ja-jp/promotions/birthday-present/age-3/
1745,マイクラ 弓矢,1600,3,38,18,http://toysrus.co.jp/ja-jp/8045879-10077657.html
1746,二歳 の誕生日プレゼント,1300,3,38,16,http://toysrus.co.jp/ja-jp/promotions/birthday-present/age-2/
1747,名探偵プリキュア 変身アイテム,1300,3,38,25,http://toysrus.co.jp/ja-jp/star-detective-precure/
1748,レゴブロック デュプロ,1300,3,38,24,http://toysrus.co.jp/ja-jp/lego/lego-duplo/
1749,トイザらスのアプリ,4400,3,38,27,http://toysrus.co.jp/ja-jp/login/
1750,トイザらス 橿原,320,2,38,18,http://toysrus.co.jp/ja-jp/stores/
1751,トイザらスアプリ,5400,6,38,26,"http://toysrus.co.jp/ja-jp/corporate-notice-20260418.html?params={""custom"":""{\""action\"":\""Page-Show\"",\""queryString\"":\""cid=corporate-notice-20260418\"",\""locale\"":\""ja_JP\"",\""tracking_consent\"":null,\""csrf\"":{\""tokenName\"":\""csrf_token\"",\""token\"":\""azbWq4Qdm1lS7D-5ccD1YWzwlvlEFCbUYZ5rZD9-WOl5vuun_ILspTgvYfqxltEo7NA9bkO5_-te-sXi-PM7oBKLAJmXQt8gEJEpMrHn7MiljgDUn9WtLaROs0wC10k-5p6pqLeBfCaFVaVAvRxAIO1cWcgS_azcZWI4f6-ffSCDupqG6qc=\""},\""CurrentPageMetaData\"":{\""title\"":\""Sites-ToysRUs_JP-Site\"",\""description\"":\""\"",\""keywords\"":\""\"",\""pageMetaTags\"":[]},\""canonicalUrl\"":null}"",""aspect_attributes"":null}&vf=7543a6c079756e84d9e4b288ff64abaf"
1752,トイザらス 小牧,320,2,38,18,http://toysrus.co.jp/ja-jp/stores/
1753,トーマスおもちゃ,5400,6,38,20,http://toysrus.co.jp/ja-jp/thomas-and-friends/
1754,トイザらス 泉北,320,2,38,18,http://toysrus.co.jp/ja-jp/stores/
1755,ライカム トイザらス,320,2,38,22,http://toysrus.co.jp/ja-jp/stores/
1756,二歳の誕生日 プレゼント,1300,3,38,17,http://toysrus.co.jp/ja-jp/promotions/birthday-present/age-2/
1757,ららぽーと海老名 トイザらス,320,2,38,21,"http://toysrus.co.jp/ja-jp/corporate-pr-store-084.html?params={""custom"":""{\""action\"":\""Page-Show\"",\""queryString\"":\""cid=corporate-pr-store-084\"",\""locale\"":\""ja_JP\"",\""tracking_consent\"":null,\""csrf\"":{\""tokenName\"":\""csrf_token\"",\""token\"":\""KdEqcEUgEjSXpXr6GsbfubvO2bo9CWg1ESwCr0bp1BPBlyv2jvcSACru02_aAwWBvqV-2yoyoYrmvaY6h5ajToT9bYXbOt8n4D68uc6tTAMUduwEED_qb9_Y1RefLWhPhx1dWoDaOgAkANLloRGTX-DnoxaZ3dvtZlrMMknd5nf8qoKQfLE=\""},\""CurrentPageMetaData\"":{\""title\"":\""Sites-ToysRUs_JP-Site\"",\""description\"":\""\"",\""keywords\"":\""\"",\""pageMetaTags\"":[]},\""canonicalUrl\"":null}"",""aspect_attributes"":null}&vf=2a8ea5a2fd5806d04f30c3c87cc61100"
1758,2歳児 の誕生日プレゼント,1300,3,38,17,http://toysrus.co.jp/ja-jp/promotions/birthday-present/age-2/
1759,トイザらス 昭島,320,2,38,18,http://toysrus.co.jp/ja-jp/corporate-pr-store-068.html
1760,アンパンマン フィギュア,1300,4,38,33,http://toysrus.co.jp/ja-jp/anpanman/
1761,たまごっち 通販,1300,4,38,32,http://toysrus.co.jp/ja-jp/tamagotchi/
1762,レゴ アナ雪,1300,3,38,24,http://toysrus.co.jp/ja-jp/7835256-783525600.html
1763,キッズ自転車,4400,6,37,37,http://toysrus.co.jp/ja-jp/bikes-scooters-ride-ons/bikes/
1764,トイザらス 藤沢,480,3,37,18,http://toysrus.co.jp/ja-jp/stores/
1765,トイザらス 豊洲店,2400,4,37,21,http://toysrus.co.jp/ja-jp/stores/
1766,フォートナイト　レゴ,5400,6,37,24,http://toysrus.co.jp/ja-jp/lego/lego-fortnite/
1767,トイザらス 豊洲,480,3,37,21,http://toysrus.co.jp/ja-jp/stores/
1768,ままごとキッチン,4400,6,37,36,http://toysrus.co.jp/ja-jp/pretend-play-costumes/kitchens/
1769,宮交シティ トイザらス,480,3,37,17,"http://toysrus.co.jp/ja-jp/corporate-pr-store-092.html?params={""custom"":""{\""action\"":\""Page-Show\"",\""queryString\"":\""cid=corporate-pr-store-092\"",\""locale\"":\""ja_JP\"",\""tracking_consent\"":null,\""csrf\"":{\""tokenName\"":\""csrf_token\"",\""token\"":\""CE2l7akPvKDc6claCTVVs4Re0jUatyYbFYpveXg8SZEqTdw45IgvRdWFvReUl2csWeATaU6v6lmBuPE-Izv9ynnn9VPY7Y3j8uqHSfruRKWvEP1rs-Syto4NHY9GV0s4oLoro3ESkcLkCTWda00Af1_X1gtSUPiCBWlLhZ3b7eFyqpporVw=\""},\""CurrentPageMetaData\"":{\""title\"":\""Sites-ToysRUs_JP-Site\"",\""description\"":\""\"",\""keywords\"":\""\"",\""pageMetaTags\"":[]},\""canonicalUrl\"":null}"",""aspect_attributes"":null}&vf=bdebc7050057117d78028e9211f85ffe"
1770,トランポリン室内,6600,8,36,36,http://toysrus.co.jp/ja-jp/outdoor-sports/trampolines/
1771,5歳児おもちゃ,590,2,36,16,http://toysrus.co.jp/ja-jp/promotions/birthday-present/age-4-5/
1772,トイストーリー電話のおもちゃ,590,2,36,23,http://toysrus.co.jp/ja-jp/7634927-763492700.html
1773,子どものクリスマスプレゼント,3600,5,36,19,http://toysrus.co.jp/ja-jp/promotions/christmas/
1774,小学生男子誕生日プレゼント,590,2,36,23,http://toysrus.co.jp/ja-jp/promotions/birthday-present/age-6-12/
1775,ポピープレイタイムポピー,6600,9,36,27,http://toysrus.co.jp/ja-jp/poppy-playtime/
1776,トイザらス 池袋 サンシャイン,320,2,36,24,http://toysrus.co.jp/ja-jp/stores/
1777,スパイダーマンのおもちゃ,3600,5,36,43,http://toysrus.co.jp/ja-jp/marvel/
1778,プール ベビー,1300,3,36,23,http://toysrus.co.jp/ja-jp/summer/pools/
1779,トイザらス サンシャイン,390,2,36,34,http://toysrus.co.jp/ja-jp/stores/
1780,トミカブロック,3600,5,36,26,http://toysrus.co.jp/ja-jp/tomica-plarail-block/
1781,ディズニー　おもちゃ,2400,5,36,32,http://toysrus.co.jp/ja-jp/disney/
1782,0歳のおもちゃ,3600,5,36,16,http://toysrus.co.jp/ja-jp/toddler-and-baby-toys/baby-toys-0/
1783,こどものクリスマスプレゼント,3600,5,36,21,http://toysrus.co.jp/ja-jp/promotions/christmas/
1784,ドレッサー おもちゃ,1300,3,36,25,http://toysrus.co.jp/ja-jp/pretend-play-costumes/makeup-fashion-accessories/
1785,おもちゃ アンパンマン ピアノ,1900,3,36,21,http://toysrus.co.jp/ja-jp/7824009-782400900.html
1786,キッチン セット,1300,3,36,26,http://toysrus.co.jp/ja-jp/pretend-play-costumes/kitchens/
1787,lol おもちゃ,1300,3,36,25,http://toysrus.co.jp/ja-jp/l.o.l.-surprise/
1788,ハズブロ ストア,1300,3,36,26,http://toysrus.co.jp/ja-jp/hasbro/
1789,ららぽーと 海老名 トイザらス,320,2,36,21,"http://toysrus.co.jp/ja-jp/corporate-pr-store-084.html?params={""custom"":""{\""action\"":\""Page-Show\"",\""queryString\"":\""cid=corporate-pr-store-084\"",\""locale\"":\""ja_JP\"",\""tracking_consent\"":null,\""csrf\"":{\""tokenName\"":\""csrf_token\"",\""token\"":\""KdEqcEUgEjSXpXr6GsbfubvO2bo9CWg1ESwCr0bp1BPBlyv2jvcSACru02_aAwWBvqV-2yoyoYrmvaY6h5ajToT9bYXbOt8n4D68uc6tTAMUduwEED_qb9_Y1RefLWhPhx1dWoDaOgAkANLloRGTX-DnoxaZ3dvtZlrMMknd5nf8qoKQfLE=\""},\""CurrentPageMetaData\"":{\""title\"":\""Sites-ToysRUs_JP-Site\"",\""description\"":\""\"",\""keywords\"":\""\"",\""pageMetaTags\"":[]},\""canonicalUrl\"":null}"",""aspect_attributes"":null}&vf=2a8ea5a2fd5806d04f30c3c87cc61100"
1790,14インチの自転車,3600,5,36,18,http://toysrus.co.jp/ja-jp/bikes-scooters-ride-ons/bikes/14-inches-bikes/
1791,0 歳 おもちゃ,3600,6,35,17,http://toysrus.co.jp/ja-jp/toddler-and-baby-toys/baby-toys-0/
1792,1歳のおもちゃ,6600,6,35,35,http://toysrus.co.jp/ja-jp/promotions/birthday-present/age-1/
1793,ピカチュウ うすい ろ,2900,5,35,20,http://toysrus.co.jp/ja-jp/8326223-10151481.html
1794,ベイブレードx セット,2900,4,35,23,http://toysrus.co.jp/ja-jp/beyblade-x/
1795,トイザらスみなとみらい,1600,3,34,18,"http://toysrus.co.jp/ja-jp/corporate-pr-store-026.html?params={""custom"":""{\""action\"":\""Page-Show\"",\""queryString\"":\""cid=corporate-pr-store-026\"",\""locale\"":\""ja_JP\"",\""tracking_consent\"":null,\""csrf\"":{\""tokenName\"":\""csrf_token\"",\""token\"":\""_4bofapmnlhaA4Sh9Q2apUQC62N2_xo65qfCodE8oOo5q81JBtVU4MfJVd2zmDNZl7lrR-56HLVy3mezmzVF2_e5iaHHSDB3i0OtyAy7rNeBvJ76Ni9NpchXwi1_ldG9FZ7F7L6EmxVTnH-6cxyXF8OD9Udg5av080fxMtw1UmyYr8lY434=\""},\""CurrentPageMetaData\"":{\""title\"":\""Sites-ToysRUs_JP-Site\"",\""description\"":\""\"",\""keywords\"":\""\"",\""pageMetaTags\"":[]},\""canonicalUrl\"":null}"",""aspect_attributes"":null}&vf=618c3b9fcc1b113d362d4c9338364411"
1796,10歳クリスマスプレゼント,320,3,34,19,http://toysrus.co.jp/ja-jp/promotions/birthday-present/age-6-12/
1797,ベイブレードx値段,320,3,34,34,http://toysrus.co.jp/ja-jp/beyblade-x/
1798,minecraftのおもちゃ,320,3,34,20,http://toysrus.co.jp/ja-jp/minecraft/
1799,0歳 知育玩具,1600,4,34,14,http://toysrus.co.jp/ja-jp/toddler-and-baby-toys/baby-toys-0/
1800,2歳児に人気のおもちゃ,320,3,34,18,http://toysrus.co.jp/ja-jp/promotions/birthday-present/age-2/
1801,スライム おもちゃ,1900,4,34,26,http://toysrus.co.jp/ja-jp/party/slime/
1802,minecraft レゴ,1900,4,34,25,http://toysrus.co.jp/ja-jp/lego/lego-minecraft/
1803,パソコン おもちゃ,1900,4,34,22,http://toysrus.co.jp/ja-jp/electronics/computers-and-tablets/
1804,おもちゃ　5歳,320,3,34,16,http://toysrus.co.jp/ja-jp/promotions/birthday-present/age-4-5/
1805,スクーターキックボード,320,3,34,23,http://toysrus.co.jp/ja-jp/bikes-scooters-ride-ons/scooters/
1806,2歳誕生日プレゼントアンパンマン,320,3,34,26,http://toysrus.co.jp/ja-jp/anpanman/
1807,トイザらス 行列 今日,320,2,34,26,http://toysrus.co.jp/ja-jp/stores/events-calendar/
1808,おもちゃ4年生,320,3,34,22,http://toysrus.co.jp/ja-jp/promotions/birthday-present/age-6-12/
1809,アンパンマンすべり台,4400,6,34,24,http://toysrus.co.jp/ja-jp/7247400-724740000.html
1810,ベビーザらス送料,320,3,34,24,http://toysrus.co.jp/ja-jp/guidance-shipping.html
1811,一歳のおもちゃ,4400,6,34,35,http://toysrus.co.jp/ja-jp/promotions/birthday-present/age-1/
1812,一歳クリスマスプレゼント,2900,2,34,16,http://toysrus.co.jp/ja-jp/promotions/birthday-present/age-1/
1813,ベイブレード大会トイザらス,320,3,34,22,http://toysrus.co.jp/ja-jp/stores/events-calendar/
1814,プールおうち,320,3,34,25,http://toysrus.co.jp/ja-jp/summer/pools/
1815,二歳児誕生日プレゼント,320,3,34,16,http://toysrus.co.jp/ja-jp/promotions/birthday-present/age-2/
1816,フリップスライド,4400,6,34,21,http://toysrus.co.jp/ja-jp/8045461-10077682.html
1817,たまごっち売ってる場所,320,3,34,39,http://toysrus.co.jp/ja-jp/tamagotchi/
1818,シルバニアおもちゃ,320,3,34,39,http://toysrus.co.jp/ja-jp/sylvanian-families/
1819,legoブロック,1600,3,34,39,http://toysrus.co.jp/ja-jp/lego/
1820,2歳児人気のおもちゃ,320,3,34,18,http://toysrus.co.jp/ja-jp/promotions/birthday-present/age-2/
1821,トイザらス 相模原,880,3,34,18,http://toysrus.co.jp/ja-jp/stores/
1822,小学4年生誕生日プレゼント,320,3,34,21,http://toysrus.co.jp/ja-jp/promotions/birthday-present/age-6-12/
1823,クリスマスプレゼント年長,320,3,34,18,http://toysrus.co.jp/ja-jp/promotions/birthday-present/age-6-12/
1824,おもちゃたまごっち,320,3,34,42,http://toysrus.co.jp/ja-jp/tamagotchi/
1825,浮き輪動物,320,3,34,25,http://toysrus.co.jp/ja-jp/summer/swim-ring/
1826,キャラクター三輪車,320,3,34,23,http://toysrus.co.jp/ja-jp/toddler-and-baby-toys/trikest/
1827,おでかけメロディハンドル アンパンマン,320,2,33,39,http://toysrus.co.jp/ja-jp/7398301-739830100.html
1828,トミカ キャリアカー,1600,4,33,24,http://toysrus.co.jp/ja-jp/3387461-338746100.html
1829,アンパンマン パソコンおもちゃ,480,2,33,22,http://toysrus.co.jp/ja-jp/8083576-10088678.html
1830,zuru,720,3,33,27,http://toysrus.co.jp/ja-jp/zuru/
1831,マジョレット,6600,9,33,17,http://toysrus.co.jp/ja-jp/majorette/
1832,1 歳児 おもちゃ,1900,3,33,19,http://toysrus.co.jp/ja-jp/promotions/birthday-present/age-1/
1833,一才の誕生日 プレゼント,480,2,33,25,http://toysrus.co.jp/ja-jp/promotions/birthday-present/age-1/
1834,トミカの 自転車,480,2,33,18,http://toysrus.co.jp/ja-jp/7653794-765379400.html
1835,おもちゃ ドールハウス,1600,4,33,21,http://toysrus.co.jp/ja-jp/dolls-collectibles/doll-houses-accessories/
1836,ハムスター 動くおもちゃ,480,2,33,25,http://toysrus.co.jp/ja-jp/7626460-762646000.html
1837,レゴテクニック 車,1600,4,33,25,http://toysrus.co.jp/ja-jp/lego/lego-technic/
1838,トイザらス パンパース,480,2,33,22,http://toysrus.co.jp/search/?q=パンパース おむつ&review=3.0|3.9
1839,ままごと　セット,2900,5,33,37,http://toysrus.co.jp/ja-jp/pretend-play-costumes/
1840,外遊び おもちゃ3歳,480,2,33,16,http://toysrus.co.jp/ja-jp/outdoor-sports/
1841,ボールプール トイザらス,480,2,33,18,http://toysrus.co.jp/ja-jp/7961316-10058551.html
1842,おもちゃ屋大型店,1900,4,33,16,http://toysrus.co.jp/ja-jp/stores/
1843,電子おもちゃ,260,3,33,34,http://toysrus.co.jp/ja-jp/electronics/
1844,1歳誕生日プレゼント 長く使える,1600,4,33,13,http://toysrus.co.jp/ja-jp/promotions/birthday-present/age-1/
1845,プール 遊び道具,480,2,33,20,http://toysrus.co.jp/ja-jp/summer/
1846,3歳おもちゃ おすすめ,480,2,33,16,http://toysrus.co.jp/ja-jp/promotions/birthday-present/age-3/
1847,プール遊び 道具,480,2,33,20,http://toysrus.co.jp/ja-jp/summer/
1848,3歳 おもちゃおすすめ,480,2,33,14,http://toysrus.co.jp/ja-jp/promotions/birthday-present/age-3/
1849,クーゼリー,6600,9,32,23,http://toysrus.co.jp/ja-jp/6123589-612358900.html
1850,はじめてトミカ,2400,4,32,22,http://toysrus.co.jp/ja-jp/7204922-720492200.html
1851,2歳乗り物おもちゃ,320,3,32,14,http://toysrus.co.jp/ja-jp/toddler-and-baby-toys/junior-ride-ons/
1852,コロコロ タワー アンパンマン,1900,4,32,22,http://toysrus.co.jp/ja-jp/7356285-735628500.html
1853,おもちゃ の ゲーム,2400,5,32,28,http://toysrus.co.jp/ja-jp/games-puzzles/
1854,名探偵プリキュア ぬいぐるみ,1300,4,32,18,http://toysrus.co.jp/ja-jp/star-detective-precure/
1855,トイザらス お台場,2400,3,32,29,http://toysrus.co.jp/ja-jp/stores/
1856,プレゼント小学生,2400,4,32,23,http://toysrus.co.jp/ja-jp/promotions/birthday-present/age-6-12/
1857,アンパンマンカート,2400,4,32,25,http://toysrus.co.jp/ja-jp/6273270-627327000.html
1858,サンタポスト,320,3,32,24,"http://toysrus.co.jp/ja-jp/corporate-pr-event-063.html?params={""custom"":""{\""action\"":\""Page-Show\"",\""queryString\"":\""cid=corporate-pr-event-063\"",\""locale\"":\""ja_JP\"",\""tracking_consent\"":null,\""csrf\"":{\""tokenName\"":\""csrf_token\"",\""token\"":\""Mv7TfoZTHZnXRBTMXJy4CuYESUL74zRSpOPJo3KX1Lypcjkamefm9InL2IkhH1ghgMwMW4pdzBOZBrUHJgSAHppbT7QsRcV00wchzKtZwCo04_F_UVxj1lCFBaI0LwdNVMpCLMBmiyDgmfiaeUDA7Msthd-SwoAaVV28Pf6y7jp2Gg_p_2s=\""},\""CurrentPageMetaData\"":{\""title\"":\""Sites-ToysRUs_JP-Site\"",\""description\"":\""\"",\""keywords\"":\""\"",\""pageMetaTags\"":[]},\""canonicalUrl\"":null}"",""aspect_attributes"":null}&vf=862868942cacae43628281306590a2f5"
1859,ままごとセット,2900,5,32,35,http://toysrus.co.jp/ja-jp/pretend-play-costumes/
1860,ディズニーおもちゃ,2400,4,32,38,http://toysrus.co.jp/ja-jp/disney/
1861,トイザらス ベビーザらス京都駅前店,2400,3,32,18,"http://toysrus.co.jp/ja-jp/corporate-pr-store-077.html?params={""custom"":""{\""action\"":\""Page-Show\"",\""queryString\"":\""cid=corporate-pr-store-077\"",\""locale\"":\""ja_JP\"",\""tracking_consent\"":null,\""csrf\"":{\""tokenName\"":\""csrf_token\"",\""token\"":\""ROidgiMi0sspBnr43si9xk_2c7CBL0QoR2PqQ0FCRkTULqjUi2cwLCCw_U1N27251IP4dgvYzWViCBtF1h3aG5WpLqw6Uf97uSA1IA0908lwqHaJDTlJJ8HG6XRRoaiN13Qp5qio364oh66BIHMbn-Hmcm5PfGs0kRC2mvjZCeRUuWaB4oo=\""},\""CurrentPageMetaData\"":{\""title\"":\""Sites-ToysRUs_JP-Site\"",\""description\"":\""\"",\""keywords\"":\""\"",\""pageMetaTags\"":[]},\""canonicalUrl\"":null}"",""aspect_attributes"":null}&vf=0b115ee6e95e994d23d3179562b6bc36"
1862,アンパンマン コロコロ タワー,1900,4,32,26,http://toysrus.co.jp/ja-jp/7356285-735628500.html
1863,たまごっちレゴ,320,3,32,25,http://toysrus.co.jp/ja-jp/8115869-10095784.html
1864,ウッディのおもちゃ,2400,4,32,22,http://toysrus.co.jp/ja-jp/toy-story/
1865,lego ブロック,1600,3,32,32,http://toysrus.co.jp/ja-jp/lego/
1866,お家プールおもちゃ,320,3,32,18,http://toysrus.co.jp/ja-jp/summer/
1867,おもちゃ6ヶ月,2900,5,32,16,http://toysrus.co.jp/ja-jp/toddler-and-baby-toys/baby-toys-0/
1868,トイザらス水筒,320,3,32,26,http://toysrus.co.jp/ja-jp/8216622-10123678.html
1869,laqセット,320,3,32,17,http://toysrus.co.jp/ja-jp/laq/
1870,クリスマスプレゼント一年生,390,2,31,19,http://toysrus.co.jp/ja-jp/promotions/birthday-present/age-6-12/
1871,3輪車 おすすめ,1300,4,31,29,http://toysrus.co.jp/ja-jp/toddler-and-baby-toys/trikest/
1872,クリスマスプレゼント　子ども,3600,3,31,25,http://toysrus.co.jp/ja-jp/promotions/christmas/
1873,トイザらス竹馬,390,2,31,21,http://toysrus.co.jp/ja-jp/stores/
1874,ポケモン のおもちゃ,1300,4,31,37,http://toysrus.co.jp/ja-jp/pokemon/
1875,作る おもちゃ,1600,4,31,38,http://toysrus.co.jp/ja-jp/craft-activities/
1876,ブルズアイおもちゃ,390,2,31,24,http://toysrus.co.jp/ja-jp/toy-story/
1877,おもちゃ4歳,390,2,31,17,http://toysrus.co.jp/ja-jp/promotions/birthday-present/age-4-5/
1878,三歳おもちゃ,390,2,31,28,http://toysrus.co.jp/ja-jp/promotions/birthday-present/age-3/
1879,ルル豚,390,2,31,17,http://toysrus.co.jp/ja-jp/lulu-the-piggy/
1880,おもちゃアクセサリー,390,2,31,26,http://toysrus.co.jp/ja-jp/craft-activities/fashion-crafts-jewellery/
1881,小学生欲しいもの,390,2,31,25,http://toysrus.co.jp/ja-jp/promotions/birthday-present/age-6-12/
1882,３歳　おもちゃ,3600,3,31,17,http://toysrus.co.jp/ja-jp/promotions/birthday-present/age-3/
1883,トイザらス ベビー,320,2,31,43,http://toysrus.co.jp/ja-jp/toddler-and-baby-toys-2/
1884,スポーツカー ラジコン,1300,4,31,22,http://toysrus.co.jp/ja-jp/cars-trucks-trains-rc/rc-vehicles/
1885,7歳誕生日,390,2,31,26,http://toysrus.co.jp/ja-jp/promotions/birthday-present/age-6-12/
1886,アンパンマン の自動販売機,1300,4,31,23,http://toysrus.co.jp/ja-jp/6414400-641440000.html
1887,おもちゃ　4歳,390,2,31,17,http://toysrus.co.jp/ja-jp/promotions/birthday-present/age-4-5/
1888,1年生クリスマスプレゼント,390,2,31,19,http://toysrus.co.jp/ja-jp/promotions/birthday-present/age-6-12/
1889,2歳児のクリスマスプレゼント,1900,4,31,17,http://toysrus.co.jp/ja-jp/promotions/birthday-present/age-2/
1890,車乗れるおもちゃ,3600,3,31,26,http://toysrus.co.jp/ja-jp/bikes-scooters-ride-ons/ride-on-vehicles/
1891,たまごっち 売ってる店,1300,4,31,38,http://toysrus.co.jp/ja-jp/tamagotchi/
1892,誕生日プレゼント 2歳児,1300,4,31,17,http://toysrus.co.jp/ja-jp/promotions/birthday-present/age-2/
1893,キャッチティニピン おもちゃ,1300,4,31,23,http://toysrus.co.jp/ja-jp/catch-teenieping/
1894,仮面ライダー の玩具,1300,4,31,24,http://toysrus.co.jp/ja-jp/kamen-rider-zeztz/
1895,おもちゃ人形,390,2,31,25,http://toysrus.co.jp/ja-jp/dolls-collectibles/
1896,プリンセス 自転車,1600,4,31,17,http://toysrus.co.jp/ja-jp/7441541-744154100.html
1897,パソコンおもちゃ,1900,4,31,26,http://toysrus.co.jp/ja-jp/electronics/computers-and-tablets/
1898,買ってよかったおもちゃ 0歳,1300,4,31,17,http://toysrus.co.jp/ja-jp/toddler-and-baby-toys/baby-toys-0/
1899,マイクラ ダイヤの剣,3600,27,30,20,http://toysrus.co.jp/ja-jp/6916198-691619800.html
1900,電車ラジコン,260,3,30,23,http://toysrus.co.jp/ja-jp/cars-trucks-trains-rc/
1901,おもちゃ アクセサリー作り,390,2,30,26,http://toysrus.co.jp/ja-jp/craft-activities/fashion-crafts-jewellery/
1902,小学生誕生日プレゼント男子,590,3,30,20,http://toysrus.co.jp/ja-jp/promotions/birthday-present/age-6-12/
1903,りあるキッズカメラ,590,3,30,24,http://toysrus.co.jp/ja-jp/electronics/youth-electronics/
1904,誕生日プレゼント小学生男子,590,3,30,23,http://toysrus.co.jp/ja-jp/promotions/birthday-present/age-6-12/
1905,アンパンマン　おでかけメロディハンドル,320,2,30,36,http://toysrus.co.jp/ja-jp/7398301-739830100.html
1906,積み木 トイザらス,480,2,30,19,http://toysrus.co.jp/ja-jp/
1907,知育玩具 ポケモン,390,2,30,19,http://toysrus.co.jp/ja-jp/pokemon/
1908,トイザらス 新 都心,590,4,30,19,http://toysrus.co.jp/ja-jp/stores/
1909,玩具 4歳,390,2,30,17,http://toysrus.co.jp/ja-jp/promotions/birthday-present/age-4-5/
1910,メルちゃんお医者さん,590,3,30,19,http://toysrus.co.jp/ja-jp/7611641-761164100.html
1911,トイザらス ベビーザらス 静岡店,5400,3,30,21,http://toysrus.co.jp/ja-jp/stores/
1912,トミカ 水族館,480,2,30,21,http://toysrus.co.jp/ja-jp/7963297-10059143.html
1913,アンパンマン 砂場,480,2,30,20,http://toysrus.co.jp/ja-jp/5370450-537045000.html
1914,52toys,5400,7,29,24,http://toysrus.co.jp/ja-jp/52toys/
1915,小学4年生の誕生日プレゼント,320,2,29,19,http://toysrus.co.jp/ja-jp/promotions/birthday-present/age-6-12/
1916,子ども遊具,2400,4,29,16,http://toysrus.co.jp/ja-jp/outdoor-sports/
1917,小4クリスマスプレゼント,320,2,29,20,http://toysrus.co.jp/ja-jp/promotions/birthday-present/age-6-12/
1918,すみっコぐらし自転車,320,2,29,26,http://toysrus.co.jp/ja-jp/bikes-scooters-ride-ons/bikes/
1919,メル ちゃん ベビーカー,6600,7,29,26,http://toysrus.co.jp/ja-jp/6583520-658352000.html
1920,トイザらス鉄棒,320,2,29,21,http://toysrus.co.jp/ja-jp/outdoor-sports/
1921,5才のおもちゃ,320,2,29,15,http://toysrus.co.jp/ja-jp/promotions/birthday-present/age-4-5/
1922,近くのおもちゃ,390,2,29,23,http://toysrus.co.jp/ja-jp/stores/
1923,人気なおもちゃ,320,2,29,29,http://toysrus.co.jp/ja-jp/promotions/ranking-toy/
1924,7歳の誕生日,320,2,29,18,http://toysrus.co.jp/ja-jp/promotions/birthday-present/age-6-12/
1925,トイザらスイオン,320,2,29,16,http://toysrus.co.jp/ja-jp/stores/
1926,hotwheels,3600,4,29,43,http://toysrus.co.jp/ja-jp/hot-wheels/
1927,ニンテンドーストア switch2,3600,28,29,53,http://toysrus.co.jp/ja-jp/video-games-entertainment/nintendo-switch-2/
1928,なめられ太郎,4400,9,29,25,http://toysrus.co.jp/ja-jp/8275246-10135521.html
1929,キッチンままごと,320,2,29,40,http://toysrus.co.jp/ja-jp/pretend-play-costumes/kitchens/
1930,ジュラシックワールドモササウルスおもちゃ,320,2,29,23,http://toysrus.co.jp/ja-jp/8079919-10087198.html
1931,minecraftおもちゃ,320,2,29,25,http://toysrus.co.jp/ja-jp/minecraft/
1932,トイザらス出産祝い,320,2,29,19,http://toysrus.co.jp/ja-jp/service-giftcard.html
1933,おもちゃの安い店,320,2,29,21,http://toysrus.co.jp/ja-jp/whats-on/toy-sale/
1934,プールお家,320,2,29,22,http://toysrus.co.jp/ja-jp/summer/pools/
1935,スクイーズメーカー,320,2,29,22,http://toysrus.co.jp/ja-jp/8027668-10072911.html
1936,ぬいぐるみどこで買う,320,2,29,34,http://toysrus.co.jp/ja-jp/soft-toys/
1937,ヘリウムガストイザらス,320,2,29,22,http://toysrus.co.jp/ja-jp/party/balloons-decorations/
1938,プリンセスヘルメット,320,2,29,19,http://toysrus.co.jp/ja-jp/7224222-722422200.html
1939,1歳 知育玩具,2900,34,29,14,http://toysrus.co.jp/ja-jp/toddler-and-baby-toys/baby-toys-0/
1940,豊洲 トイザらス,320,3,29,22,http://toysrus.co.jp/ja-jp/stores/
1941,トイザらスガチャガチャ,320,2,29,25,http://toysrus.co.jp/ja-jp/
1942,アンパンマンカー,4400,8,29,23,http://toysrus.co.jp/ja-jp/6254667-625466700.html
1943,ぬいぐるみどこで買える,320,2,29,36,http://toysrus.co.jp/ja-jp/soft-toys/
1944,おもちゃ トラック,1300,4,29,26,http://toysrus.co.jp/ja-jp/cars-trucks-trains-rc/
1945,近くのおもちゃ売り場,390,2,29,19,http://toysrus.co.jp/ja-jp/stores/
1946,乳幼児 玩具,1300,4,29,32,http://toysrus.co.jp/ja-jp/toddler-and-baby-toys-2/
1947,トイザらス千葉県,320,2,29,19,http://toysrus.co.jp/ja-jp/stores/
1948,トイザらスヘリウムガス,320,2,29,22,http://toysrus.co.jp/ja-jp/party/balloons-decorations/
1949,おもちゃ安い店,320,2,29,18,http://toysrus.co.jp/ja-jp/whats-on/toy-sale/
1950,おもちゃ玩具,320,2,29,44,http://toysrus.co.jp/ja-jp/
1951,子ども 乗り物,1300,4,29,26,http://toysrus.co.jp/ja-jp/bikes-scooters-ride-ons/ride-on-vehicles/
1952,お人形メルちゃん,480,3,28,34,http://toysrus.co.jp/ja-jp/mell-chan/
1953,メリーアンパンマン,5400,7,28,29,http://toysrus.co.jp/ja-jp/6294502-629450200.html
1954,トミカいくら,480,3,28,42,http://toysrus.co.jp/ja-jp/tomica/
1955,シナモロール 自転車,390,2,28,25,http://toysrus.co.jp/ja-jp/7992858-10064404.html
1956,ナーフガン,2900,5,28,26,http://toysrus.co.jp/ja-jp/action-figures-and-hero-play/nerf-blasters/
1957,おもちゃ 3 歳,590,2,28,17,http://toysrus.co.jp/ja-jp/promotions/birthday-present/age-3/
1958,アンパンマンお弁当パズル,2900,5,28,21,http://toysrus.co.jp/ja-jp/8037043-10074831.html
1959,ナーフピストル,480,3,28,26,http://toysrus.co.jp/ja-jp/action-figures-and-hero-play/nerf-blasters/
1960,おもちゃショー 2025,6600,30,28,37,http://toysrus.co.jp/ja-jp/corporate-pr-event-085.html
1961,4歳児クリスマスプレゼント,480,3,28,23,http://toysrus.co.jp/ja-jp/promotions/birthday-present/age-4-5/
1962,ドールハウスおもちゃ,1600,3,28,20,http://toysrus.co.jp/ja-jp/dolls-collectibles/doll-houses-accessories/
1963,おもちゃ1歳,720,3,28,27,http://toysrus.co.jp/ja-jp/promotions/birthday-present/age-1/
1964,スヌーピーのおもちゃ,480,3,28,21,http://toysrus.co.jp/ja-jp/peanuts/
1965,ディズニー デュプロ,390,2,28,25,http://toysrus.co.jp/ja-jp/lego/lego-duplo/
1966,だっこしてネルン,2900,5,28,26,http://toysrus.co.jp/ja-jp/7653212-765321201.html
1967,マイクラ弓矢,1600,3,28,18,http://toysrus.co.jp/ja-jp/8045879-10077657.html
1968,一歳プレゼント,1600,3,28,14,http://toysrus.co.jp/ja-jp/promotions/birthday-present/age-1/
1969,レゴブロックマイクラ,1600,3,28,25,http://toysrus.co.jp/ja-jp/lego/lego-minecraft/
1970,パンパーストイザらス,480,3,28,26,http://toysrus.co.jp/ja-jp/corporate-notice-20250820.html
1971,おもちゃ　1歳,720,3,28,27,http://toysrus.co.jp/ja-jp/promotions/birthday-present/age-1/
1972,レゴ商品一覧,2900,5,28,33,http://toysrus.co.jp/ja-jp/lego/
1973,アンパンマン ミニ ドクターセット,480,3,28,24,http://toysrus.co.jp/ja-jp/6283489-628348900.html
1974,アンパンマン砂場セット,1600,3,28,24,http://toysrus.co.jp/ja-jp/5370450-537045000.html
1975,アナ雪レゴ,1600,3,28,24,http://toysrus.co.jp/ja-jp/7835256-783525600.html
1976,たまごっち 販売,390,2,28,40,http://toysrus.co.jp/ja-jp/tamagotchi/
1977,ロボザウルス,480,3,28,26,http://toysrus.co.jp/ja-jp/7840446-784044600.html
1978,動く車のおもちゃ,480,3,28,25,http://toysrus.co.jp/ja-jp/cars-trucks-trains-rc/
1979,おもちゃ　カメラ,2900,5,28,31,http://toysrus.co.jp/ja-jp/electronics/
1980,カニおもちゃ,720,3,28,26,http://toysrus.co.jp/ja-jp/7988443-10063553.html
1981,ベンツ　おもちゃ,480,2,27,20,http://toysrus.co.jp/ja-jp/7929366-10048202.html
1982,おもちゃのアクセサリー,390,3,27,26,http://toysrus.co.jp/ja-jp/craft-activities/fashion-crafts-jewellery/
1983,トイザらス支払い方法,1300,3,27,18,"http://toysrus.co.jp/ja-jp/corporate-notice-2025071402.html?params={""custom"":""{\""action\"":\""Page-Show\"",\""queryString\"":\""cid=corporate-notice-2025071402\"",\""locale\"":\""ja_JP\"",\""tracking_consent\"":null,\""csrf\"":{\""tokenName\"":\""csrf_token\"",\""token\"":\""tj7yxM56gk28zTDymdbtOgovZJ7089BcE3nL-LBjnh9WojjOnsm5UmQWEhZD5a8arVJepp6N9J4iB5jAmKsTo6nlx3PwFZ9CjAy0nJEtIfgIbS8NE1lMSfkzfUGr0_-zdFRMyp5RJcViUbTFkcTHltHDSeGTzki0_6NbzhOjjuagsZayi7w=\""},\""CurrentPageMetaData\"":{\""title\"":\""Sites-ToysRUs_JP-Site\"",\""description\"":\""\"",\""keywords\"":\""\"",\""pageMetaTags\"":[]},\""canonicalUrl\"":null}"",""aspect_attributes"":null}&vf=fcede2de15667e4439f80ace217da487"
1984,豊洲トイザらス,320,3,27,21,http://toysrus.co.jp/ja-jp/stores/
1985,1歳クリスマス,390,3,27,17,http://toysrus.co.jp/ja-jp/promotions/birthday-present/age-1/
1986,マリオ野球盤,390,3,27,19,http://toysrus.co.jp/ja-jp/7404522-740452200.html
1987,おもちゃ流行,1300,3,27,33,http://toysrus.co.jp/ja-jp/promotions/ranking-toy/
1988,lego 公式,590,3,27,56,http://toysrus.co.jp/ja-jp/lego/
1989,トイザらス ベビーザ ら ス みなとみらい 店,5400,7,27,19,http://toysrus.co.jp/ja-jp/stores/
1990,トラックおもちゃ,1300,3,27,26,http://toysrus.co.jp/ja-jp/cars-trucks-trains-rc/
1991,スポーツカーラジコン,1300,3,27,22,http://toysrus.co.jp/ja-jp/cars-trucks-trains-rc/rc-vehicles/
1992,トイザらス昔,390,3,27,28,"http://toysrus.co.jp/ja-jp/corporate-history.html?params={""custom"":""{\""action\"":\""Page-Show\"",\""queryString\"":\""cid=corporate-history\"",\""locale\"":\""ja_JP\"",\""tracking_consent\"":null,\""csrf\"":{\""tokenName\"":\""csrf_token\"",\""token\"":\""JEywYcIXT73B7UTRBKp_XdxyyH0Qy83vx4QuqiyYZ5YDNfKAr4pKd_R0wudGejMHWOGd4yFs18u6VANi6zAO2zLTyKcbIPvfxR6d1ga2nFh7qjUtUi_yelsFKcUPyIQpNAYGcWZ125yEP_rUGLLWdVj7_h9wJQGeC8RLJFGFFzzK2lSvCTU=\""},\""CurrentPageMetaData\"":{\""title\"":\""Sites-ToysRUs_JP-Site\"",\""description\"":\""\"",\""keywords\"":\""\"",\""pageMetaTags\"":[]},\""canonicalUrl\"":null}"",""aspect_attributes"":null}&vf=bbe9a571fcbc32d44effc40a2a884560"
1993,トイザらス福袋レゴ,390,3,27,26,http://toysrus.co.jp/ja-jp/lego/
1994,トイザらス ポケカ 抽選,2900,6,27,18,http://toysrus.co.jp/ja-jp/pokemoncardgame/
1995,スヌーピーおもちゃ,480,3,27,19,http://toysrus.co.jp/ja-jp/peanuts/
1996,アンパンマン寿司,480,2,27,21,http://toysrus.co.jp/ja-jp/7832095-783209500.html
1997,トミカ水族館,480,2,27,21,http://toysrus.co.jp/ja-jp/7963297-10059143.html
1998,たまごっち販売,390,3,27,38,http://toysrus.co.jp/ja-jp/tamagotchi/
1999,浮き輪キッズ,390,3,27,24,http://toysrus.co.jp/ja-jp/summer/swim-ring/
2000,外遊びグッズ,390,3,27,20,http://toysrus.co.jp/ja-jp/outdoor-sports/
