No,Keywords,Volume,Position,Est. Visits,Seo Difficulty,Ranking Url
1,ジスター　作り方,880,1,370,26,http://ouchi-iku.com/toys/gester-sakuhin/
2,絵本 ラック 手作り,320,1,151,18,http://ouchi-iku.com/bookshelf-diy/
3,バイカラーボトル,320,1,140,17,http://ouchi-iku.com/montessori-2color-bottle/
4,絵本ラック 手作り,320,1,122,18,http://ouchi-iku.com/bookshelf-diy/
5,立体星 折り紙,8100,7,101,33,http://ouchi-iku.com/diytoy/origami-3d-star/
6,ハロウィン 折り紙簡単,5400,9,98,34,http://ouchi-iku.com/diytoy/halloween-origami/
7,折り紙 ペロペロキャンディー,2400,5,89,31,http://ouchi-iku.com/diytoy/origami-lollipop/
8,ペロペロキャンディ 折り紙,2400,5,89,24,http://ouchi-iku.com/diytoy/origami-lollipop/
9,ペロペロキャンディー 折り紙,2400,5,89,24,http://ouchi-iku.com/diytoy/origami-lollipop/
10,キャンディー 折り紙,2900,6,85,35,http://ouchi-iku.com/diytoy/origami-lollipop/
11,折り紙 キャンディ,2900,7,83,31,http://ouchi-iku.com/diytoy/origami-lollipop/
12,キャンディ 折り紙,2900,7,83,30,http://ouchi-iku.com/diytoy/origami-lollipop/
13,パズル 収納,2900,7,83,15,http://ouchi-iku.com/puzzle-syunou/
14,ハロウィン 折り紙可愛い簡単,3600,8,82,20,http://ouchi-iku.com/diytoy/halloween-origami/
15,くもん パズル,2900,7,81,20,http://ouchi-iku.com/toys/kumon-puzzle/
16,公文 おもちゃ,2900,7,81,21,http://ouchi-iku.com/toys/tag/kumon/
17,こどもちゃれんじ ほっぷ,2400,6,79,37,http://ouchi-iku.com/kodomochallenge-hop/
18,こどもちゃれんじ イングリッシュ,2900,8,75,36,http://ouchi-iku.com/kodomochallenge-english/
19,折り紙クリスマスリース 簡単,1300,5,72,33,http://ouchi-iku.com/diytoy/origami-wreath/
20,折り紙 ハートの指輪,1600,6,68,14,http://ouchi-iku.com/diytoy/origami-heart-ring/
21,ハートの指輪 折り紙,1600,6,68,15,http://ouchi-iku.com/diytoy/origami-heart-ring/
22,しまじろう ぬいぐるみ,1900,7,67,25,http://ouchi-iku.com/shimajirou-puppet/
23,くもん おもちゃ,2900,9,67,18,http://ouchi-iku.com/toys/tag/kumon/
24,ハート 指輪折り紙,1600,7,67,14,http://ouchi-iku.com/diytoy/origami-heart-ring/
25,折り紙 ハート指輪,1600,6,67,14,http://ouchi-iku.com/diytoy/origami-heart-ring/
26,こどもちゃれんじ ポケット,1600,7,66,37,http://ouchi-iku.com/kodomochallenge-pocket/
27,ハート指輪 折り紙,1600,7,66,14,http://ouchi-iku.com/diytoy/origami-heart-ring/
28,こどもちゃれんじ ぽけっと,1600,7,66,39,http://ouchi-iku.com/kodomochallenge-pocket/
29,シルバニア 車,1900,8,64,36,http://ouchi-iku.com/toys/sylvanianfamilies-car/
30,シルバニアファミリー 車,1600,8,63,36,http://ouchi-iku.com/toys/sylvanianfamilies-car/
31,くもん ジグソーパズル,1300,6,63,23,http://ouchi-iku.com/toys/kumon-puzzle/
32,折り紙 ダイヤモンド,1600,8,63,31,http://ouchi-iku.com/diytoy/origami-diamond/
33,折り紙 かご,1000,6,62,28,http://ouchi-iku.com/diytoy/origami-basket/
34,折り紙 カゴ,1000,6,62,28,http://ouchi-iku.com/diytoy/origami-basket/
35,シール貼り台紙 無料,1000,5,61,20,http://ouchi-iku.com/seal-daishi-download/
36,シール貼り 台紙無料,1000,5,61,20,http://ouchi-iku.com/seal-daishi-download/
37,折り紙 アイスクリーム,1000,5,61,32,http://ouchi-iku.com/diytoy/origami-icecream/
38,折り紙 宝石,1300,8,61,23,http://ouchi-iku.com/diytoy/origami-diamond/
39,しまじろう ウサギ,1000,6,60,24,http://ouchi-iku.com/shimajirou-character/
40,ハロウィン 折り紙お菓子,1000,8,59,31,http://ouchi-iku.com/diytoy/halloween-origami-treat-bag/
41,モビール 作り方,1000,7,59,16,http://ouchi-iku.com/montessori-mobile/
42,しまじろう うさぎ,1000,7,59,33,http://ouchi-iku.com/shimajirou-character/
43,折り紙 ハロウィンお菓子,1000,8,58,27,http://ouchi-iku.com/diytoy/halloween-origami-treat-bag/
44,年中 こどもちゃれんじ,1000,7,58,40,http://ouchi-iku.com/kodomochallenge-step/
45,ワールド ワイドキッズ,1000,8,58,21,http://ouchi-iku.com/worldwidekids-stage1/
46,公文 カード,1000,8,58,33,http://ouchi-iku.com/toys/kumon-card/
47,スマイルゼミ 紹介,1000,8,58,17,http://ouchi-iku.com/smilezemi-syoukai/
48,くもん カード,1000,8,58,16,http://ouchi-iku.com/toys/kumon-card/
49,ポットン落とし 手作り,1300,10,57,24,http://ouchi-iku.com/potton-otoshi-diy/
50,ジスター作り方,880,2,56,30,http://ouchi-iku.com/toys/gester-sakuhin/
51,ハロウィンお菓子入れ 製作,1300,10,54,24,http://ouchi-iku.com/diytoy/papercup-pumpkin-bag/
52,こどもちゃれんじ 英語,1300,10,53,40,http://ouchi-iku.com/kodomochallenge-english/
53,落ち葉 製作,1000,10,52,11,http://ouchi-iku.com/diytoy/preserve-fall-leaves/
54,くるくる おばけ,590,2,50,18,http://ouchi-iku.com/kurukuru-obake/
55,折り紙 ペロペロキャンディ,2400,4,50,24,http://ouchi-iku.com/diytoy/origami-lollipop/
56,折り紙 ペロペロ キャンディ,2400,3,47,33,http://ouchi-iku.com/diytoy/origami-lollipop/
57,ペロペロ キャンディー 折り紙,2400,3,47,30,http://ouchi-iku.com/diytoy/origami-lollipop/
58,折り紙 ペロペロ キャンディー,2400,4,45,32,http://ouchi-iku.com/diytoy/origami-lollipop/
59,ダンボール 本棚,1900,3,44,35,http://ouchi-iku.com/bookshelf-diy/
60,アイス 折り紙,1600,3,41,28,http://ouchi-iku.com/diytoy/origami-icecream/
61,折り紙 ダイヤ,1600,4,40,27,http://ouchi-iku.com/diytoy/origami-diamond/
62,ダンボール本棚,1900,3,39,35,http://ouchi-iku.com/bookshelf-diy/
63,ペロペロ キャンディ 折り紙,2400,6,37,31,http://ouchi-iku.com/diytoy/origami-lollipop/
64,しまじろう名前,320,3,34,31,http://ouchi-iku.com/shimajirou-character/
65,モンテッソーリ教育　本,320,3,34,15,http://ouchi-iku.com/montessori-book/
66,モンテッソーリ教育本,320,3,34,15,http://ouchi-iku.com/montessori-book/
67,本棚 段ボール,1900,4,34,43,http://ouchi-iku.com/bookshelf-diy/
68,0歳児モビール手作り,320,3,34,21,http://ouchi-iku.com/montessori-mobile/
69,絵本棚diy,320,3,34,17,http://ouchi-iku.com/bookshelf-diy/
70,ダンボール絵本棚,260,3,33,19,http://ouchi-iku.com/bookshelf-diy/
71,折り紙ペロペロキャンディー,2400,4,32,31,http://ouchi-iku.com/diytoy/origami-lollipop/
72,段ボール絵本棚,320,3,32,27,http://ouchi-iku.com/bookshelf-diy/
73,メガ ブロック,1600,4,31,22,http://ouchi-iku.com/toys/megablocks/
74,ペロペロキャンディー折り紙,2400,5,31,24,http://ouchi-iku.com/diytoy/origami-lollipop/
75,いろり ん,480,2,30,23,http://ouchi-iku.com/kodomochallenge-irorin/
76,しまじろう ケーキ,480,2,30,22,http://ouchi-iku.com/shimajirou-cake/
77,折り紙キャンディー,320,2,29,25,http://ouchi-iku.com/diytoy/origami-lollipop/
78,洗濯バサミ遊び台紙,320,2,29,16,http://ouchi-iku.com/sentakubasami-omocha/
79,いろりん,480,3,28,24,http://ouchi-iku.com/kodomochallenge-irorin/
80,こどもちゃれんじ3歳,480,3,28,31,http://ouchi-iku.com/kodomochallenge-hop/
81,小麦粉粘土 作り方,5400,29,28,9,http://ouchi-iku.com/diytoy/komugiko-nendo/
82,小麦粉 粘土の作り方,5400,30,28,13,http://ouchi-iku.com/diytoy/komugiko-nendo/
83,ベビーサインの本,390,3,27,20,http://ouchi-iku.com/babysign-book/
84,しまじろうケーキ,480,2,27,22,http://ouchi-iku.com/shimajirou-cake/
85,シルバニア　何歳から,390,3,27,18,http://ouchi-iku.com/toys/sylvanianfamilies-when/
86,マグビルド 作品例,480,2,26,14,http://ouchi-iku.com/toys/magbuild/
87,カップケーキ折り紙,320,2,26,25,http://ouchi-iku.com/diytoy/origami-cupcake/
88,キャンディ折り紙,2900,7,24,35,http://ouchi-iku.com/diytoy/origami-lollipop/
89,ダンボール本棚 作り方,390,3,24,14,http://ouchi-iku.com/bookshelf-diy/
90,折り紙 クリスマス リース 簡単,1300,5,24,29,http://ouchi-iku.com/diytoy/origami-wreath/
91,段ボール本棚 作り方,390,3,24,20,http://ouchi-iku.com/bookshelf-diy/
92,シルバニア 何歳から,390,3,24,18,http://ouchi-iku.com/toys/sylvanianfamilies-when/
93,メガブロック,1600,4,24,22,http://ouchi-iku.com/toys/megablocks/
94,折り紙ハートの指輪,1600,4,24,14,http://ouchi-iku.com/diytoy/origami-heart-ring/
95,サンタ 折り紙 簡単 3 歳,1600,3,24,11,http://ouchi-iku.com/diytoy/easy-christmas-origami/
96,折り紙 キャンディー,320,2,23,25,http://ouchi-iku.com/diytoy/origami-lollipop/
97,賢人パズル,1300,4,23,13,http://ouchi-iku.com/toys/kenjin-puzzle/
98,ポットン落とし 作り方,590,4,23,25,http://ouchi-iku.com/potton-otoshi-diy/
99,英語玩具,390,3,23,17,http://ouchi-iku.com/english-toys/
100,こどもちゃれんじ 年中,1000,3,23,40,http://ouchi-iku.com/kodomochallenge-step/
101,アイスクリーム 折り紙,1000,3,22,32,http://ouchi-iku.com/diytoy/origami-icecream/
102,ままごとキッチン tonton,590,4,22,24,http://ouchi-iku.com/toys/smile-kitchen/
103,ポットン落とし,2900,6,22,20,http://ouchi-iku.com/potton-otoshi-diy/
104,ままごとキッチンtonton,590,3,22,24,http://ouchi-iku.com/toys/smile-kitchen/
105,洗濯バサミ遊び 台紙,320,2,22,16,http://ouchi-iku.com/sentakubasami-omocha/
106,モンテッソーリ　おもちゃ　手作り,480,4,22,18,http://ouchi-iku.com/monte-0year-diy/
107,ミルク缶 太鼓,480,3,22,23,http://ouchi-iku.com/milkcan-drum/
108,モンテッソーリおもちゃ 手作り,480,4,21,15,http://ouchi-iku.com/monte-0year-diy/
109,しまじろう　きねん,2400,7,21,26,http://ouchi-iku.com/shimajirou-kinen/
110,おもちゃのサブスク チャチャチャ,390,4,21,12,http://ouchi-iku.com/toys/chachacha/
111,ベビーサイン 本,390,4,21,20,http://ouchi-iku.com/babysign-book/
112,バランスイージー 口コミ,390,4,21,31,http://ouchi-iku.com/balancechair-balanceeasy/
113,しまじろう 登場人物,390,4,21,34,http://ouchi-iku.com/shimajirou-character/
114,お ウチ,14800,31,21,33,http://ouchi-iku.com/
115,アイス折り紙,1600,3,20,32,http://ouchi-iku.com/diytoy/origami-icecream/
116,折り紙 クリスマスリース 簡単,1300,5,20,26,http://ouchi-iku.com/diytoy/origami-wreath/
117,こどもちゃれんじ 1歳,480,4,20,20,http://ouchi-iku.com/challenge-baby-otanjyou/
118,ダイヤ の 作り方,1900,5,19,25,http://ouchi-iku.com/diytoy/origami-diamond/
119,ダイヤの作り方,1900,5,19,25,http://ouchi-iku.com/diytoy/origami-diamond/
120,モンテッソーリおもちゃ手作り,480,5,19,18,http://ouchi-iku.com/monte-0year-diy/
121,しまじろうお父さん名前,320,4,19,26,http://ouchi-iku.com/shimajirou-character/
122,チャレンジタッチ年中,320,4,19,21,http://ouchi-iku.com/kodomochallenge-touch/
123,折り紙 ハロウィン,18100,19,19,28,http://ouchi-iku.com/diytoy/halloween-origami/
124,塗り絵キャラクター 無料,14800,31,19,30,http://ouchi-iku.com/character-nurie/
125,シルバニアファミリーいつから,320,4,19,25,http://ouchi-iku.com/toys/sylvanianfamilies-when/
126,牛乳パックケーキ,320,4,19,17,http://ouchi-iku.com/diytoy/milk-carton-toy-cake/
127,無料塗り絵 キャラクター,14800,27,18,26,http://ouchi-iku.com/character-nurie/
128,チャレンジタッチ 年中,320,4,18,29,http://ouchi-iku.com/kodomochallenge-touch/
129,ikea ベビージム,320,2,18,25,http://ouchi-iku.com/toys/ikea-babygym/
130,しまじろう お父さん名前,320,4,18,26,http://ouchi-iku.com/shimajirou-character/
131,ダンボール 絵本棚,260,2,18,19,http://ouchi-iku.com/bookshelf-diy/
132,塗り絵 キャラクター無料,14800,29,18,21,http://ouchi-iku.com/character-nurie/
133,シルバニアファミリー いつから,320,4,18,28,http://ouchi-iku.com/toys/sylvanianfamilies-when/
134,キャラクター ぬりえ,18100,29,18,26,http://ouchi-iku.com/character-nurie/
135,折り紙クリスマスリース簡単,1300,5,17,29,http://ouchi-iku.com/diytoy/origami-wreath/
136,ジブリ塗り絵 無料,320,3,17,13,http://ouchi-iku.com/character-nurie/
137,ワンダーボックス やめた,320,3,17,9,http://ouchi-iku.com/wonderbox-yameta/
138,プラステン　遊び方,260,2,17,11,http://ouchi-iku.com/toys/plus10/
139,ポットン落とし作り方,590,4,17,25,http://ouchi-iku.com/potton-otoshi-diy/
140,モンテッソーリ棚 無印,320,3,17,10,http://ouchi-iku.com/muji-toystorage/
141,モンテッソーリ教育 本,320,3,17,15,http://ouchi-iku.com/montessori-book/
142,シルバニアファミリー何歳から,590,4,17,21,http://ouchi-iku.com/toys/sylvanianfamilies-when/
143,こどもちゃれんじイングリッシュ,2900,8,17,36,http://ouchi-iku.com/kodomochallenge-english/
144,ペロペロキャンディ折り紙,2400,3,16,31,http://ouchi-iku.com/diytoy/origami-lollipop/
145,ダイヤ折り紙,1300,4,16,31,http://ouchi-iku.com/diytoy/origami-diamond/
146,折り紙 指輪 ハート,1600,6,16,23,http://ouchi-iku.com/diytoy/origami-heart-ring/
147,塗り絵 キャラクタ,18100,23,16,26,http://ouchi-iku.com/character-nurie/
148,折り紙 ハート 指輪,1600,6,16,14,http://ouchi-iku.com/diytoy/origami-heart-ring/
149,誕生日 3歳 プレゼント,14800,24,15,19,http://ouchi-iku.com/toys/3years-tanpure/
150,折り紙 クリスマス,33100,22,15,20,http://ouchi-iku.com/diytoy/easy-christmas-origami/
151,たまひよ 七五三,320,4,15,37,http://ouchi-iku.com/tamahiyo-photo-753/
152,シルバニアの車,1900,6,15,19,http://ouchi-iku.com/toys/sylvanianfamilies-car/
153,洗濯 バサミ 遊び 台紙,320,2,15,16,http://ouchi-iku.com/sentakubasami-omocha/
154,アイスクリーム折り紙,1000,3,15,31,http://ouchi-iku.com/diytoy/origami-icecream/
155,ハート 指輪 折り紙,1600,7,15,14,http://ouchi-iku.com/diytoy/origami-heart-ring/
156,手作りおもちゃモンテッソーリ,480,4,15,18,http://ouchi-iku.com/monte-0year-diy/
157,ケーキ 牛乳パック,320,4,15,15,http://ouchi-iku.com/diytoy/milk-carton-toy-cake/
158,折り紙かご作り方,480,4,14,27,http://ouchi-iku.com/diytoy/origami-basket/
159,こどもちゃれんじ　１歳,480,5,14,21,http://ouchi-iku.com/challenge-baby-otanjyou/
160,いろっち,480,4,14,28,http://ouchi-iku.com/kodomochallenge-irorin/
161,こどもちゃれんじ1歳,480,5,14,19,http://ouchi-iku.com/challenge-baby-otanjyou/
162,モンテッソーリ本,480,5,14,15,http://ouchi-iku.com/montessori-book/
163,プラステン,1900,5,14,19,http://ouchi-iku.com/toys/plus10/
164,こどもちゃれんじ　1歳,480,4,14,21,http://ouchi-iku.com/challenge-baby-otanjyou/
165,育児本　ロングセラー,480,4,14,20,http://ouchi-iku.com/ikujisyo-meityo/
166,ハロウィン 折り紙,27100,17,14,32,http://ouchi-iku.com/diytoy/halloween-origami/
167,ステラちゃん,480,5,14,21,http://ouchi-iku.com/toys/littlebabystella/
168,牛乳パック ケーキ,320,3,14,16,http://ouchi-iku.com/diytoy/milk-carton-toy-cake/
169,たんぐらむ くもん,320,4,13,16,http://ouchi-iku.com/toys/kumon-tangram/
170,こどもちゃれんじ 2 歳,720,3,13,42,http://ouchi-iku.com/kodomochallenge-pocket/
171,カップ ケーキ 折り紙,320,2,13,25,http://ouchi-iku.com/diytoy/origami-cupcake/
172,折り紙指輪ハート,1600,6,12,23,http://ouchi-iku.com/diytoy/origami-heart-ring/
173,ペロペロキャンディ 折り紙 1枚,480,2,12,30,http://ouchi-iku.com/diytoy/origami-lollipop/
174,ペロペロ キャンディ 折り紙 1枚,480,2,12,30,http://ouchi-iku.com/diytoy/origami-lollipop/
175,シルバニア何歳から,390,4,12,22,http://ouchi-iku.com/toys/sylvanianfamilies-when/
176,ハート指輪折り紙,1600,6,12,15,http://ouchi-iku.com/diytoy/origami-heart-ring/
177,パズルケース,590,5,12,22,http://ouchi-iku.com/puzzle-syunou/
178,risuきっず,590,5,12,31,http://ouchi-iku.com/risu-kids/
179,折り紙 星の作り方 立体,1600,8,12,33,http://ouchi-iku.com/diytoy/origami-3d-star/
180,折り紙でクリスマスリース,6600,10,12,33,http://ouchi-iku.com/diytoy/origami-wreath/
181,折り紙ハート指輪,1600,6,12,14,http://ouchi-iku.com/diytoy/origami-heart-ring/
182,プラステン 遊び方,320,3,11,11,http://ouchi-iku.com/toys/plus10/
183,おもちゃのサブスク　チャチャチャ,390,4,11,12,http://ouchi-iku.com/toys/chachacha/
184,イケア ベビージム,320,3,11,26,http://ouchi-iku.com/toys/ikea-babygym/
185,立体折り紙 星,8100,12,11,29,http://ouchi-iku.com/diytoy/origami-3d-star/
186,公文日本地図パズル,2400,9,11,31,http://ouchi-iku.com/toys/kumon-nihonchizu/
187,折り紙 リース クリスマス,6600,12,11,33,http://ouchi-iku.com/diytoy/origami-wreath/
188,知育 カレンダー,480,6,11,20,http://ouchi-iku.com/calender/
189,ハサミ 練習,3600,25,11,16,http://ouchi-iku.com/hasami-rensyuu/
190,risu きっず,480,6,11,23,http://ouchi-iku.com/risu-kids/
191,太鼓 手作り 100均,320,4,11,14,http://ouchi-iku.com/milkcan-drum/
192,立体 星 折り紙,8100,15,11,12,http://ouchi-iku.com/diytoy/origami-3d-star/
193,ハロウィン折り紙簡単,5400,10,11,34,http://ouchi-iku.com/diytoy/halloween-origami/
194,星 立体 折り紙,8100,16,10,11,http://ouchi-iku.com/diytoy/origami-3d-star/
195,ままごと キッチン tonton,590,4,10,23,http://ouchi-iku.com/toys/smile-kitchen/
196,しまじろう キャラクター名前,320,4,10,36,http://ouchi-iku.com/shimajirou-character/
197,折り紙 星 立体,8100,21,10,23,http://ouchi-iku.com/diytoy/origami-3d-star/
198,リース 折り紙 クリスマス,6600,13,10,33,http://ouchi-iku.com/diytoy/origami-wreath/
199,折り紙 でクリスマスリース,6600,12,10,33,http://ouchi-iku.com/diytoy/origami-wreath/
200,折り紙アイス,1600,5,10,31,http://ouchi-iku.com/diytoy/origami-icecream/
201,公文 3歳 おもちゃ,390,3,10,15,http://ouchi-iku.com/toys/tag/kumon/
202,立体 折り紙 星,8100,21,10,23,http://ouchi-iku.com/diytoy/origami-3d-star/
203,買ってよかったおもちゃ4歳,390,4,10,14,http://ouchi-iku.com/toys/4years-toys/
204,くもん 知育 玩具,880,5,10,16,http://ouchi-iku.com/toys/tag/kumon/
205,知育 村,1000000,28,10,23,http://ouchi-iku.com/
206,折り紙 カゴの 作り方,480,6,10,31,http://ouchi-iku.com/diytoy/origami-basket/
207,買ってよかったおもちゃ　4歳,390,4,10,16,http://ouchi-iku.com/toys/4years-toys/
208,洗濯バサミ遊び 型紙 無料,320,3,10,12,http://ouchi-iku.com/sentakubasami-omocha/
209,公文 2歳 おもちゃ,320,3,10,15,http://ouchi-iku.com/toys/tag/kumon/
210,モンテッソーリ 手作り おもちゃ,480,6,10,21,http://ouchi-iku.com/monte-0year-diy/
211,シルバニア ファミリー いつから,320,3,10,25,http://ouchi-iku.com/toys/sylvanianfamilies-when/
212,クリスマス 折り紙 リース,6600,13,10,31,http://ouchi-iku.com/diytoy/origami-wreath/
213,折り紙かご,1300,8,10,28,http://ouchi-iku.com/diytoy/origami-basket/
214,しまじろうクラブ アプリ,480,6,10,29,http://ouchi-iku.com/shimajirouclub-appli/
215,ポットン落とし手作り,1300,7,10,24,http://ouchi-iku.com/potton-otoshi-diy/
216,クリスマス 折り紙 簡単 かわいい,4400,11,9,30,http://ouchi-iku.com/diytoy/easy-christmas-origami/
217,折り紙 立体の星,8100,20,9,25,http://ouchi-iku.com/diytoy/origami-3d-star/
218,シール貼り台紙無料,1000,5,9,28,http://ouchi-iku.com/seal-daishi-download/
219,シルバニアファミリーの車,1600,7,9,27,http://ouchi-iku.com/toys/sylvanianfamilies-car/
220,星 立体折り紙,8100,18,9,13,http://ouchi-iku.com/diytoy/origami-3d-star/
221,シルバニア車,1900,8,9,37,http://ouchi-iku.com/toys/sylvanianfamilies-car/
222,こどもちゃれんじぽけっと,1600,7,9,39,http://ouchi-iku.com/kodomochallenge-pocket/
223,サンタ 折り紙 簡単 子ども,2900,10,9,30,http://ouchi-iku.com/diytoy/easy-2-piece-origami-santa-claus/
224,立体の星 折り紙,8100,18,9,16,http://ouchi-iku.com/diytoy/origami-3d-star/
225,星 折り紙 立体,8100,18,9,25,http://ouchi-iku.com/diytoy/origami-3d-star/
226,洗濯バサミ 遊び 型紙 無料,320,3,9,12,http://ouchi-iku.com/sentakubasami-omocha/
227,折り紙アイスクリーム,1000,5,9,31,http://ouchi-iku.com/diytoy/origami-icecream/
228,ハロウィーン 折り紙 簡単,5400,12,9,25,http://ouchi-iku.com/diytoy/halloween-origami/
229,ダンボール 本棚 作り方 簡単,390,5,9,29,http://ouchi-iku.com/bookshelf-diy/
230,クリスマスプレゼント 2 歳,1000,36,8,17,http://ouchi-iku.com/toys/2years-christmaspure/
231,カゴ 折り紙,390,6,8,31,http://ouchi-iku.com/diytoy/origami-basket/
232,地球儀 おすすめ,3600,24,8,22,http://ouchi-iku.com/globe-ranking/
233,しまじろう お父さん 名前,320,4,8,26,http://ouchi-iku.com/shimajirou-character/
234,ハロウィン 折り紙 お菓子,1000,7,8,31,http://ouchi-iku.com/diytoy/halloween-origami-treat-bag/
235,クリスマス折り紙簡単,8100,12,8,26,http://ouchi-iku.com/diytoy/easy-christmas-origami/
236,くるくるおばけ,590,2,8,14,http://ouchi-iku.com/kurukuru-obake/
237,英語 グッズ,6600,15,8,30,http://ouchi-iku.com/english-toys/
238,クリスマスおりがみ簡単,8100,13,8,25,http://ouchi-iku.com/diytoy/easy-christmas-origami/
239,星折り紙立体,8100,17,8,25,http://ouchi-iku.com/diytoy/origami-3d-star/
240,リース クリスマス 折り紙,6600,13,8,32,http://ouchi-iku.com/diytoy/origami-wreath/
241,折り紙 クリスマス簡単,5400,18,7,23,http://ouchi-iku.com/diytoy/easy-christmas-origami/
242,クリスマス 簡単 折り紙,5400,22,7,18,http://ouchi-iku.com/diytoy/easy-christmas-origami/
243,かぼちゃ 折り紙 簡単 3 歳児,1000,3,7,11,http://ouchi-iku.com/diytoy/halloween-origami/
244,折り紙ドーナツ,480,6,7,16,http://ouchi-iku.com/diytoy/origami-donut/
245,シール貼り 台紙難しい,590,7,7,26,http://ouchi-iku.com/seal-daishi-download/
246,コウモリ 折り紙 簡単 3歳児,390,6,7,23,http://ouchi-iku.com/diytoy/halloween-origami/
247,タングラム　くもん,320,5,7,23,http://ouchi-iku.com/toys/kumon-tangram/
248,かぼちゃ 折り紙 簡単 3歳児,1000,3,7,11,http://ouchi-iku.com/diytoy/halloween-origami/
249,段ボール本棚 作り方 簡単,390,4,7,21,http://ouchi-iku.com/bookshelf-diy/
250,クリスマス折り紙 簡単,8100,13,7,26,http://ouchi-iku.com/diytoy/easy-christmas-origami/
251,折り紙カゴ,1000,6,7,28,http://ouchi-iku.com/diytoy/origami-basket/
252,クリスマス 折り紙 簡単 1 枚 雪だるま,1600,11,7,33,http://ouchi-iku.com/diytoy/origami-snowman/
253,立体の星折り紙,8100,18,7,16,http://ouchi-iku.com/diytoy/origami-3d-star/
254,折り紙 クリスマス 簡単,5400,24,7,21,http://ouchi-iku.com/diytoy/easy-christmas-origami/
255,くもんのジグゾーパズル,1300,6,7,25,http://ouchi-iku.com/toys/kumon-puzzle/
256,シール貼り 台紙 難しい,590,6,7,26,http://ouchi-iku.com/seal-daishi-download/
257,くもんのジグソーパズル,1300,7,7,23,http://ouchi-iku.com/toys/kumon-puzzle/
258,ハロウィン 簡単折り紙,5400,14,7,38,http://ouchi-iku.com/diytoy/halloween-origami/
259,クリスマス 折り紙 簡単 1枚 雪だるま,1600,11,7,33,http://ouchi-iku.com/diytoy/origami-snowman/
260,星立体 折り紙,8100,16,7,13,http://ouchi-iku.com/diytoy/origami-3d-star/
261,クリスマス 折り紙,33100,15,7,25,http://ouchi-iku.com/diytoy/easy-christmas-origami/
262,買って よかった おもちゃ 4歳,390,6,7,18,http://ouchi-iku.com/toys/4years-toys/
263,折り紙 ハロウィン お菓子,1000,8,7,27,http://ouchi-iku.com/diytoy/halloween-origami-treat-bag/
264,簡単 折り紙クリスマス,5400,18,7,25,http://ouchi-iku.com/diytoy/easy-christmas-origami/
265,こどもちゃれんじ ぷち 年間ラインナップ,320,5,6,37,http://ouchi-iku.com/puchi-lineup/
266,こどもちゃれんじぷち 年間ラインナップ,390,6,6,29,http://ouchi-iku.com/puchi-lineup/
267,コップ 重ね,320,5,6,13,http://ouchi-iku.com/toys/cup-stack-how-to-play/
268,ハローウィン折り紙簡単,5400,13,6,25,http://ouchi-iku.com/diytoy/halloween-origami/
269,コップ重ね おもちゃ,390,5,6,13,http://ouchi-iku.com/toys/cup-stack-toy/
270,こどもちゃれんじ ぷち年間ラインナップ,390,6,6,29,http://ouchi-iku.com/puchi-lineup/
271,折り紙　ハロウィン,18100,16,6,32,http://ouchi-iku.com/diytoy/halloween-origami/
272,折り紙リースクリスマス,6600,18,6,33,http://ouchi-iku.com/diytoy/origami-wreath/
273,こどもちゃれんじベビージム,320,5,6,20,http://ouchi-iku.com/kodomochallenge-babygym/
274,タングラム くもん,320,5,6,14,http://ouchi-iku.com/toys/kumon-tangram/
275,コップ重ね,320,5,6,13,http://ouchi-iku.com/toys/cup-stack-how-to-play/
276,トイローヤル やみつきボックス,390,6,6,20,http://ouchi-iku.com/toys/yamitsuki-box/
277,くもんおもちゃ 3歳,390,6,6,14,http://ouchi-iku.com/toys/tag/kumon/
278,折り紙のクリスマスリース,6600,13,6,32,http://ouchi-iku.com/diytoy/origami-wreath/
279,小麦粉 粘土 作り方,5400,29,6,9,http://ouchi-iku.com/diytoy/komugiko-nendo/
280,クリスマス折り紙簡単可愛い,4400,13,6,30,http://ouchi-iku.com/diytoy/easy-christmas-origami/
281,シルバニアファミリー 対象年齢,390,6,6,21,http://ouchi-iku.com/toys/sylvanianfamilies-when/
282,こどもちゃれんじ いつ届く,390,6,6,26,http://ouchi-iku.com/kodomochallenge-todokanai/
283,折り紙クリスマス 簡単,5400,19,6,23,http://ouchi-iku.com/diytoy/easy-christmas-origami/
284,こどもちゃれんじ 2才,720,5,6,42,http://ouchi-iku.com/kodomochallenge-pocket/
285,こどもちゃれんじベビー 1歳以降,390,6,6,15,http://ouchi-iku.com/baby-puchi-chigai/
286,タングラムくもん,320,5,6,23,http://ouchi-iku.com/toys/kumon-tangram/
287,しまじろう 家族,390,5,6,35,http://ouchi-iku.com/shimajirou-character/
288,リース折り紙クリスマス,6600,16,6,33,http://ouchi-iku.com/diytoy/origami-wreath/
289,ラボ パーティー 怪しい,390,6,6,12,http://ouchi-iku.com/labo-party/
290,クリスマス折り紙 簡単 かわいい,4400,11,6,30,http://ouchi-iku.com/diytoy/easy-christmas-origami/
291,シルバニア ファミリー 対象 年齢,390,6,6,21,http://ouchi-iku.com/toys/sylvanianfamilies-when/
292,しまじろう キャラクター 名前,390,6,6,33,http://ouchi-iku.com/shimajirou-character/
293,アンパンマンブロック 互換性,320,5,6,9,http://ouchi-iku.com/toys/duplo-blocklabo-gokan/
294,しまじろう家族,390,5,6,37,http://ouchi-iku.com/shimajirou-character/
295,クリスマス折り紙簡単かわいい,4400,11,6,32,http://ouchi-iku.com/diytoy/easy-christmas-origami/
296,おもちゃ コップ重ね,390,5,6,15,http://ouchi-iku.com/toys/cup-stack-how-to-play/
297,折り紙星立体,8100,16,6,29,http://ouchi-iku.com/diytoy/origami-3d-star/
298,写真 たまひよ,590,9,6,22,http://ouchi-iku.com/tamahiyo-studio/
299,くもん おもちゃ 3歳,390,6,6,14,http://ouchi-iku.com/toys/tag/kumon/
300,しまじろう コンサート 英語,1300,9,6,41,http://ouchi-iku.com/benesse-concert/
301,折り紙靴下,880,8,6,31,http://ouchi-iku.com/diytoy/origami-christmas-socks/
302,雪だるま折り紙,5400,16,6,33,http://ouchi-iku.com/diytoy/origami-snowman/
303,ケーキ 工作,480,7,5,12,http://ouchi-iku.com/diytoy/milk-carton-toy-cake/
304,しまじろうイングリッシュ,590,6,5,18,http://ouchi-iku.com/kodomochallenge-english/
305,12 月 折り紙 簡単 子ども,320,7,5,15,http://ouchi-iku.com/diytoy/easy-christmas-origami/
306,公文カード,1000,5,5,29,http://ouchi-iku.com/toys/kumon-card/
307,折り紙 指輪 簡単,390,7,5,15,http://ouchi-iku.com/diytoy/origami-heart-ring/
308,アイスクリーム 折り紙 3歳児,390,5,5,13,http://ouchi-iku.com/diytoy/origami-icecream/
309,パズルのケース,590,6,5,22,http://ouchi-iku.com/puzzle-syunou/
310,こどもちゃれんじ １歳,480,5,5,21,http://ouchi-iku.com/challenge-baby-otanjyou/
311,公文　カード,1000,5,5,24,http://ouchi-iku.com/toys/kumon-card/
312,パズル収納,2900,13,5,17,http://ouchi-iku.com/puzzle-syunou/
313,靴下 折り紙,880,10,5,10,http://ouchi-iku.com/diytoy/origami-christmas-socks/
314,モンテッソーリ おもちゃ手作り,480,5,5,15,http://ouchi-iku.com/monte-0year-diy/
315,工作 ケーキ,390,7,5,13,http://ouchi-iku.com/diytoy/milk-carton-toy-cake/
316,おもちゃ サブスク,2900,11,5,27,http://ouchi-iku.com/toys/category/toy-subscription/
317,ハロウィン 折り紙 お 菓子,1000,9,5,31,http://ouchi-iku.com/diytoy/halloween-origami-treat-bag/
318,丸シール貼り 台紙 無料,720,9,5,29,http://ouchi-iku.com/seal-daishi-download/
319,ハロウィン 折り紙 可愛い簡単,3600,11,5,25,http://ouchi-iku.com/diytoy/halloween-origami/
320,キャンディ 折り紙 簡単,590,7,5,30,http://ouchi-iku.com/diytoy/origami-lollipop/
321,アイスクリーム折り紙簡単,320,7,5,33,http://ouchi-iku.com/diytoy/origami-icecream/
322,クリスマス 折り紙 簡単1枚 雪だるま,1600,11,5,33,http://ouchi-iku.com/diytoy/origami-snowman/
323,折り紙クリスマス簡単,5400,18,5,26,http://ouchi-iku.com/diytoy/easy-christmas-origami/
324,シール 貼り 台紙 無料,1000,9,5,27,http://ouchi-iku.com/seal-daishi-download/
325,2歳 こどもちゃれんじ,720,6,5,42,http://ouchi-iku.com/kodomochallenge-pocket/
326,しまじろう父,480,7,5,26,http://ouchi-iku.com/shimajirou-character/
327,クリスマスおりがみ作り方,1600,11,5,39,http://ouchi-iku.com/diytoy/easy-christmas-origami/
328,丸シール台紙無料,320,7,5,28,http://ouchi-iku.com/seal-daishi-download/
329,丸シール　台紙　無料,320,7,5,20,http://ouchi-iku.com/seal-daishi-download/
330,クリスマス 折り紙 簡単可愛い,4400,13,5,30,http://ouchi-iku.com/diytoy/easy-christmas-origami/
331,ハロウィン手作り帽子,1000,5,5,14,http://ouchi-iku.com/diytoy/halloween-paper-hat-craft/
332,かごの作り方 折り紙,480,7,5,32,http://ouchi-iku.com/diytoy/origami-basket/
333,リースクリスマス折り紙,6600,14,5,32,http://ouchi-iku.com/diytoy/origami-wreath/
334,ハロウィン お 菓子 入れ 製作,1300,11,5,25,http://ouchi-iku.com/diytoy/papercup-pumpkin-bag/
335,アイスクリーム 折り紙 3 歳児,390,5,5,13,http://ouchi-iku.com/diytoy/origami-icecream/
336,おもちゃ　cha cha cha,320,7,5,19,http://ouchi-iku.com/toys/chachacha/
337,コップ 重ねる おもちゃ,390,5,5,12,http://ouchi-iku.com/toys/cup-stack-how-to-play/
338,カタミノ答え,590,6,5,12,http://ouchi-iku.com/toys/katamino-kuchikomi/
339,こどもちゃれんじベビー,9900,18,5,20,http://ouchi-iku.com/kodomochallenge-baby-koukai/
340,トリッピー しまじろう,3600,11,5,31,http://ouchi-iku.com/shimajirou-character/
341,カタミノ 答え,590,7,5,11,http://ouchi-iku.com/toys/katamino-kuchikomi/
342,折り紙 カゴ 作り方,480,5,5,31,http://ouchi-iku.com/diytoy/origami-basket/
343,ぷちこどもちゃれんじ,2900,12,5,46,http://ouchi-iku.com/baby-puchi-chigai/
344,トリッピーしまじろう,3600,11,5,31,http://ouchi-iku.com/shimajirou-character/
345,マグビルド,18100,14,5,25,http://ouchi-iku.com/toys/magbuild/
346,こどもちゃれんじ ぷち 年間 ラインナップ,390,5,5,38,http://ouchi-iku.com/puchi-lineup/
347,太鼓 手作り 100 均,320,5,5,27,http://ouchi-iku.com/milkcan-drum/
348,クリスマス 折り紙 簡単 1枚雪だるま,1600,11,5,33,http://ouchi-iku.com/diytoy/origami-snowman/
349,こどもちゃれんじ english,590,9,4,38,http://ouchi-iku.com/kodomochallenge-english/
350,しまじろう登場人物,390,8,4,42,http://ouchi-iku.com/shimajirou-character/
351,くもん　カード,1000,7,4,15,http://ouchi-iku.com/toys/kumon-card/
352,モビール作り方,1000,8,4,16,http://ouchi-iku.com/montessori-mobile/
353,ハロウィン お 菓子 入れ 折り紙,320,9,4,32,http://ouchi-iku.com/diytoy/halloween-origami-treat-bag/
354,しまじろう とりっぴー,3600,15,4,31,http://ouchi-iku.com/shimajirou-character/
355,キャンディー 折り紙 簡単,590,8,4,41,http://ouchi-iku.com/diytoy/origami-lollipop/
356,しまじろう 本名,320,6,4,21,http://ouchi-iku.com/shimajirou-character/
357,こどもちゃれんじ ベビー ジム,320,6,4,21,http://ouchi-iku.com/kodomochallenge-babygym/
358,ベビーくもん,2900,11,4,17,http://ouchi-iku.com/babykumon-iminai/
359,マグ フォー マー 販売 中止,480,5,4,19,http://ouchi-iku.com/toys/magformers-ruijihin/
360,ハロウィーン折り紙簡単,5400,15,4,29,http://ouchi-iku.com/diytoy/halloween-origami/
361,バランス イージー デメリット,480,7,4,10,http://ouchi-iku.com/balancechair-balanceeasy/
362,折り紙 キャンディー 簡単,320,6,4,30,http://ouchi-iku.com/diytoy/origami-lollipop/
363,ジブリ 塗り絵 無料,320,3,4,14,http://ouchi-iku.com/character-nurie/
364,コウモリ折り紙 簡単 3歳児,390,7,4,23,http://ouchi-iku.com/diytoy/halloween-origami/
365,おもちゃ 英語,4400,17,4,19,http://ouchi-iku.com/english-toys/
366,折り紙 キャンディ 簡単,320,7,4,24,http://ouchi-iku.com/diytoy/origami-lollipop/
367,タングラム 公文,320,6,4,25,http://ouchi-iku.com/toys/kumon-tangram/
368,シール貼り台紙,2400,12,4,23,http://ouchi-iku.com/seal-daishi-download/
369,プラステン おもちゃ,320,8,4,13,http://ouchi-iku.com/toys/plus10/
370,バランス イージー 後悔,880,5,4,11,http://ouchi-iku.com/balancechair-balanceeasy/
371,バランスイージー デメリット,480,7,4,10,http://ouchi-iku.com/balancechair-balanceeasy/
372,ち いく,2400,26,4,41,http://ouchi-iku.com/
373,折り紙 クリスマス おしゃれ 簡単,2400,15,4,25,http://ouchi-iku.com/diytoy/easy-christmas-origami/
374,ミライコイングリッシュ,1000,7,4,29,http://ouchi-iku.com/miraico-english/
375,マグ フォー マー 販売中止,480,5,4,13,http://ouchi-iku.com/toys/magformers-ruijihin/
376,折り紙 ドーナツ,480,8,4,16,http://ouchi-iku.com/diytoy/origami-donut/
377,こどもちゃれんじベビー ジム,320,6,4,21,http://ouchi-iku.com/kodomochallenge-babygym/
378,歯磨きミラー,390,6,4,20,http://ouchi-iku.com/shimajirou-mirror/
379,ハロウィンお菓子入れ 手作り 簡単,390,7,4,25,http://ouchi-iku.com/diytoy/papercup-pumpkin-bag/
380,コウモリ 折り紙 簡単 3 歳児,390,7,4,23,http://ouchi-iku.com/diytoy/halloween-origami/
381,しまじろう トリッピー,3600,16,4,31,http://ouchi-iku.com/shimajirou-character/
382,100玉そろばん,2400,12,4,13,http://ouchi-iku.com/how-to-use-an-abacus/
383,洗濯バサミ 遊び,880,9,4,12,http://ouchi-iku.com/sentakubasami-omocha/
384,しまじろう はなちゃん ぬいぐるみ,320,6,4,23,http://ouchi-iku.com/shimajirou-hanachan/
385,ハロウィン帽子 手作り,1000,12,4,16,http://ouchi-iku.com/diytoy/halloween-paper-hat-craft/
386,ハロウィン折り紙かわいい簡単,3600,14,4,18,http://ouchi-iku.com/diytoy/halloween-origami/
387,しまじろうとりっぴー,3600,15,4,31,http://ouchi-iku.com/shimajirou-character/
388,たまひよ　スタジオ,720,3,4,17,http://ouchi-iku.com/tamahiyo-photo-753/
389,塗り絵 無料 キャラクター,14800,26,4,29,http://ouchi-iku.com/character-nurie/
390,ワールドワイドキッズ,1000,7,4,13,http://ouchi-iku.com/worldwidekids-stage1/
391,おままごとキッチン 後悔,720,7,4,11,http://ouchi-iku.com/toys/mamagotokitchen-koukai/
392,折り紙 ベル,1600,19,4,32,http://ouchi-iku.com/diytoy/origami-bell/
393,しまじろう キャラクター 歴代,320,6,4,41,http://ouchi-iku.com/shimajirou-character/
394,しま のしまじろう,880,13,4,38,http://ouchi-iku.com/shimajirou-character/
395,ハロウィン 折り紙 の折り方,1000,12,4,16,http://ouchi-iku.com/diytoy/halloween-origami/
396,こどもちゃれんじ　年中,1000,7,4,40,http://ouchi-iku.com/kodomochallenge-step/
397,折り紙の折り方 ハロウィン,1000,12,4,24,http://ouchi-iku.com/diytoy/halloween-origami/
398,くもん タングラム,590,5,4,23,http://ouchi-iku.com/toys/kumon-tangram/
399,しまじろうウサギ,1000,6,4,25,http://ouchi-iku.com/shimajirou-character/
400,こどもちゃれんじ プレゼント 紹介,1000,10,4,27,http://ouchi-iku.com/kodomochallenge-syoukai/
401,モビール　作り方,1000,7,4,20,http://ouchi-iku.com/montessori-mobile/
402,こどもちゃれんじベビー　ジム,320,6,4,21,http://ouchi-iku.com/kodomochallenge-babygym/
403,しまじろう キャラクター 一覧,480,3,4,37,http://ouchi-iku.com/shimajirou-character/
404,こどもちゃれんじ 1 歳,480,4,4,21,http://ouchi-iku.com/challenge-baby-otanjyou/
405,ブリオ　ビルダー,1000,8,4,13,http://ouchi-iku.com/toys/briobuilder-creative-set/
406,モンテッソーリ おもちゃ 手作り,480,4,4,15,http://ouchi-iku.com/monte-0year-diy/
407,折り紙キャンディー簡単,320,6,4,24,http://ouchi-iku.com/diytoy/origami-lollipop/
408,こどもちゃれんじ ベビージム,320,6,4,21,http://ouchi-iku.com/kodomochallenge-babygym/
409,シール貼り 台紙,2400,21,4,15,http://ouchi-iku.com/seal-daishi-download/
410,おもちゃのサブスク,1000,7,4,35,http://ouchi-iku.com/toys/category/toy-subscription/
411,雪だるま 折り紙 簡単 一 枚,1000,12,4,32,http://ouchi-iku.com/diytoy/origami-snowman/
412,こどもちゃれんじいつ届く,390,7,3,15,http://ouchi-iku.com/kodomochallenge-todokanai/
413,クリスマスの折り紙,1900,13,3,26,http://ouchi-iku.com/diytoy/easy-christmas-origami/
414,しまじろうねこ,1600,14,3,33,http://ouchi-iku.com/shimajirou-character/
415,おもちゃ 洗濯バサミ,1000,13,3,17,http://ouchi-iku.com/sentakubasami-omocha/
416,ハロウィン折り紙折り方,1000,14,3,19,http://ouchi-iku.com/diytoy/halloween-origami/
417,トイサブ 割引,10,6,3,18,http://ouchi-iku.com/toys/toysub-promotion/
418,無料シール台紙,1000,10,3,31,http://ouchi-iku.com/seal-daishi-download/
419,アンパンマンブロック互換性,320,7,3,9,http://ouchi-iku.com/toys/duplo-blocklabo-gokan/
420,紹介こどもちゃれんじ,1900,13,3,38,http://ouchi-iku.com/kodomochallenge-syoukai/
421,ハロウィン 折り紙キャンディ,1000,12,3,30,http://ouchi-iku.com/diytoy/origami-lollipop/
422,しまじろう英語コンサート,1300,14,3,32,http://ouchi-iku.com/benesse-concert/
423,英語こどもちゃれんじ,1300,9,3,37,http://ouchi-iku.com/kodomochallenge-english/
424,しまじろう ぬいぐるみ はなちゃん,320,7,3,23,http://ouchi-iku.com/shimajirou-hanachan/
425,しまじろう本名,320,6,3,21,http://ouchi-iku.com/shimajirou-character/
426,折り紙 ハロウィン 簡単,1900,10,3,24,http://ouchi-iku.com/diytoy/halloween-origami/
427,おすすめ絵本 0歳,1900,24,3,23,http://ouchi-iku.com/0year-ehon/
428,くもんカード,1000,12,3,24,http://ouchi-iku.com/toys/kumon-card/
429,縞 野 しま たろう,390,9,3,25,http://ouchi-iku.com/shimajirou-character/
430,こどもちゃれんじぷち年間ラインナップ,390,6,3,29,http://ouchi-iku.com/puchi-lineup/
431,アンパンマン ブロック レゴ,1000,13,3,22,http://ouchi-iku.com/toys/duplo-blocklabo-gokan/
432,ハロウィンの折り紙,1300,12,3,20,http://ouchi-iku.com/diytoy/halloween-origami/
433,木製パズル日本地図,480,8,3,20,http://ouchi-iku.com/toys/gakken-nihonchizu/
434,折り紙クリスマス作り方,1300,15,3,25,http://ouchi-iku.com/diytoy/easy-christmas-origami/
435,縞野しまたろう,390,9,3,25,http://ouchi-iku.com/shimajirou-character/
436,ラボパーティー 怪しい,390,7,3,11,http://ouchi-iku.com/labo-party/
437,0歳 知育玩具,1600,19,3,14,http://ouchi-iku.com/tag/0-years-old/
438,あおいよるのゆめ絵本,1000,14,3,24,http://ouchi-iku.com/aoiyorunoyume/
439,ハサミ プリント,1300,30,3,10,http://ouchi-iku.com/hasami-rensyuu/
440,藤井聡太　おもちゃ,590,11,3,20,http://ouchi-iku.com/fujiisouta-toy/
441,クリスマス折り紙の折り方,1600,15,3,29,http://ouchi-iku.com/diytoy/easy-christmas-origami/
442,ハートの型紙,1000,14,3,16,http://ouchi-iku.com/heart-bag/
443,アンパンマンのレゴブロック,1000,14,3,22,http://ouchi-iku.com/toys/duplo-blocklabo-gokan/
444,日本地図木製パズル,480,8,3,14,http://ouchi-iku.com/toys/gakken-nihonchizu/
445,折り紙 キャンディボックス,390,8,3,30,http://ouchi-iku.com/diytoy/origami-candybox/
446,クリスマス 絵本1歳,320,8,3,17,http://ouchi-iku.com/christmas-ehon-osusume/
447,小学生新聞 比較,590,8,3,23,http://ouchi-iku.com/kodomoshinbun-hikaku/
448,シルバニアファミリー対象年齢,390,6,3,21,http://ouchi-iku.com/toys/sylvanianfamilies-when/
449,シール台紙 丸,1900,21,3,23,http://ouchi-iku.com/seal-daishi-download/
450,はさみ練習 プリント,1900,26,3,11,http://ouchi-iku.com/hasami-rensyuu/
451,クリスマス絵本 1 歳,320,8,3,17,http://ouchi-iku.com/christmas-ehon-osusume/
452,1歳 絵本 クリスマス,320,9,3,17,http://ouchi-iku.com/christmas-ehon-osusume/
453,しまじろうの英語コンサート,1300,12,3,42,http://ouchi-iku.com/benesse-concert/
454,パズル収納 ダイソー,590,13,3,25,http://ouchi-iku.com/puzzle-syunou/
455,折り紙キャンディ簡単,320,7,3,42,http://ouchi-iku.com/diytoy/origami-lollipop/
456,しまじろう リチャード,320,7,3,26,http://ouchi-iku.com/shimajirou-character/
457,しまじろうリチャード,320,7,3,26,http://ouchi-iku.com/shimajirou-character/
458,絵本 0歳おすすめ,1900,27,3,23,http://ouchi-iku.com/0year-ehon/
459,くもん 日本地図パズル,2400,11,3,25,http://ouchi-iku.com/toys/kumon-nihonchizu/
460,ダイヤモンド の 作り方,1900,12,3,32,http://ouchi-iku.com/diytoy/origami-diamond/
461,ハロウィン帽子手作り,1000,12,3,16,http://ouchi-iku.com/diytoy/halloween-paper-hat-craft/
462,夏休み何する,1000,13,3,15,http://ouchi-iku.com/youchien-natsuyasumi/
463,イニービン,390,8,3,13,http://ouchi-iku.com/toys/innybin/
464,4 歳 パズル 何 ピース,320,15,3,21,http://ouchi-iku.com/toys/kumon-puzzle/
465,こどもちゃれんじぷち　年間ラインナップ,390,6,3,29,http://ouchi-iku.com/puchi-lineup/
466,シール貼り,5400,19,3,11,http://ouchi-iku.com/seal-asobi/
467,折り紙ハロウィン簡単,1900,10,3,24,http://ouchi-iku.com/diytoy/halloween-origami/
468,星の作り方 立体,1600,19,3,16,http://ouchi-iku.com/diytoy/origami-3d-star/
469,シール貼り無料,590,10,3,20,http://ouchi-iku.com/seal-daishi-download/
470,宝石 折り紙 簡単 平面,480,4,3,32,http://ouchi-iku.com/diytoy/origami-diamond/
471,こどもちゃれんじ いつ 届く,390,7,3,15,http://ouchi-iku.com/kodomochallenge-todokanai/
472,ハロウィンお菓子入れ 折り紙,320,8,3,32,http://ouchi-iku.com/diytoy/halloween-origami-treat-bag/
473,ハロウィン折り紙 作り方,2400,14,3,33,http://ouchi-iku.com/diytoy/halloween-origami/
474,0歳おすすめ 絵本,1900,25,3,32,http://ouchi-iku.com/0year-ehon/
475,折り紙の折り方 クリスマス,1600,19,3,29,http://ouchi-iku.com/diytoy/easy-christmas-origami/
476,ハロウィン かぼちゃの帽子,320,8,3,14,http://ouchi-iku.com/diytoy/halloween-paper-hat-craft/
477,簡単折り紙クリスマス,5400,19,3,25,http://ouchi-iku.com/diytoy/easy-christmas-origami/
478,買っ て よかった おもちゃ 4 歳,390,4,3,16,http://ouchi-iku.com/toys/4years-toys/
479,しまじろう 友達,480,13,3,35,http://ouchi-iku.com/shimajirou-character/
480,布絵本 洗い方,320,7,3,19,http://ouchi-iku.com/nunoomocha-sentaku/
481,しまじろう うさぎ名前,320,6,3,28,http://ouchi-iku.com/shimajirou-character/
482,丸シール台紙 無料,320,7,3,19,http://ouchi-iku.com/seal-daishi-download/
483,洗濯バサミ　おもちゃ,1000,10,3,18,http://ouchi-iku.com/sentakubasami-omocha/
484,12月 折り紙 簡単 子ども,320,11,3,20,http://ouchi-iku.com/diytoy/easy-christmas-origami/
485,バランスイージーチェア,390,6,3,21,http://ouchi-iku.com/balancechair-balanceeasy/
486,無印 おもちゃ収納,1900,25,3,23,http://ouchi-iku.com/muji-toystorage/
487,クリスマスの折り紙の作り方,1300,15,3,29,http://ouchi-iku.com/diytoy/easy-christmas-origami/
488,折り紙の折り方ハロウィン,1000,12,3,24,http://ouchi-iku.com/diytoy/halloween-origami/
489,レゴ アンパンマン ブロック,1000,13,3,22,http://ouchi-iku.com/toys/duplo-blocklabo-gokan/
490,雪だるま 折り紙 一枚,320,11,3,34,http://ouchi-iku.com/diytoy/origami-snowman/
491,しま の しま たろう,390,9,3,29,http://ouchi-iku.com/shimajirou-character/
492,しまじろうキャラクター 歴代,320,6,3,37,http://ouchi-iku.com/shimajirou-character/
493,ハロウィン お菓子折り紙,1000,11,3,30,http://ouchi-iku.com/diytoy/halloween-origami-treat-bag/
494,絵本棚 おすすめ,320,9,3,17,http://ouchi-iku.com/ehon-shelf/
495,ハロウィン折り紙の折り方,1000,13,3,24,http://ouchi-iku.com/diytoy/halloween-origami/
496,ハロウィン お菓子入れ 製作,1300,11,3,25,http://ouchi-iku.com/diytoy/papercup-pumpkin-bag/
497,無料 シール台紙,1000,11,3,30,http://ouchi-iku.com/seal-daishi-download/
498,夏休み　何する,1000,13,3,15,http://ouchi-iku.com/youchien-natsuyasumi/
499,レゴデュプロ 互換性,480,18,3,26,http://ouchi-iku.com/toys/lego-duplo-gokan/
500,1歳絵本 クリスマス,320,8,3,18,http://ouchi-iku.com/christmas-ehon-osusume/
501,ハロウィン お菓子入れ製作,1300,11,3,25,http://ouchi-iku.com/diytoy/papercup-pumpkin-bag/
502,買ってよかった　おもちゃ　4歳,390,6,3,15,http://ouchi-iku.com/toys/4years-toys/
503,ハロウィン帽子 手作り 画用紙,390,11,3,12,http://ouchi-iku.com/diytoy/halloween-paper-hat-craft/
504,くもん 2歳 おもちゃ,320,6,3,16,http://ouchi-iku.com/toys/tag/kumon/
505,しまじろうネコ,1600,13,3,30,http://ouchi-iku.com/shimajirou-character/
506,段ボールで作る 棚,880,13,3,20,http://ouchi-iku.com/bookshelf-diy/
507,ミルク缶太鼓,480,8,3,23,http://ouchi-iku.com/milkcan-drum/
508,買ってよかった　おもちゃ　0歳,1300,13,3,17,http://ouchi-iku.com/toys/0year-omocha/
509,ケーキ工作,390,6,3,13,http://ouchi-iku.com/diytoy/milk-carton-toy-cake/
510,クリスマス 絵本 1歳,320,8,3,17,http://ouchi-iku.com/christmas-ehon-osusume/
511,しまじろうはなちゃんぬいぐるみ,320,7,3,23,http://ouchi-iku.com/shimajirou-hanachan/
512,ハロウィン の 折り紙 の 作り方,2400,16,3,32,http://ouchi-iku.com/diytoy/halloween-origami/
513,こどもちゃれんじ英語,1300,9,3,36,http://ouchi-iku.com/kodomochallenge-english/
514,こどもちゃれんじ　英語,1300,9,3,36,http://ouchi-iku.com/kodomochallenge-english/
515,コップがさね,390,6,3,15,http://ouchi-iku.com/toys/cup-stack-how-to-play/
516,パズルケース 100均,320,7,3,18,http://ouchi-iku.com/puzzle-syunou/
517,センサリーボトル ベビーオイル,320,8,3,17,http://ouchi-iku.com/montessori-2color-bottle/
518,クリスマス折り紙作り方,1600,15,3,29,http://ouchi-iku.com/diytoy/easy-christmas-origami/
519,宝石折り紙,1600,11,3,26,http://ouchi-iku.com/diytoy/origami-diamond/
520,名前シール ベネッセ,720,18,3,20,http://ouchi-iku.com/benesse-presentcampaign/
521,ハロウィン 折り紙の作り方,2400,14,3,25,http://ouchi-iku.com/diytoy/halloween-origami/
522,クリスマス折り紙超簡単,1600,12,3,29,http://ouchi-iku.com/diytoy/easy-christmas-origami/
523,タングラムパズル,1600,12,3,33,http://ouchi-iku.com/tangram-diy/
524,こども 新聞 おすすめ,1000,13,3,15,http://ouchi-iku.com/kodomoshinbun-hikaku/
525,折り紙 折り方ハロウィン,1000,13,3,28,http://ouchi-iku.com/diytoy/halloween-origami/
526,はさみ 練習 無料 プリント,1300,14,3,8,http://ouchi-iku.com/hasami-rensyuu/
527,工作ケーキ,390,6,3,12,http://ouchi-iku.com/diytoy/milk-carton-toy-cake/
528,ちくちくとふわふわ 絵本,320,9,3,13,http://ouchi-iku.com/fuwafuwa-to-chikuchiku/
529,ハロウィンお菓子入れ製作,1300,9,3,20,http://ouchi-iku.com/diytoy/papercup-pumpkin-bag/
530,こどもちゃれんじ 紹介プレゼント,1000,11,3,29,http://ouchi-iku.com/kodomochallenge-syoukai/
531,無料　シール台紙,1000,12,3,29,http://ouchi-iku.com/seal-daishi-download/
532,こどもちゃれんじ紹介,1900,15,3,19,http://ouchi-iku.com/kodomochallenge-syoukai/
533,空 野 とり っ ぴい,320,15,3,23,http://ouchi-iku.com/shimajirou-character/
534,ネフスピール,1900,15,3,15,http://ouchi-iku.com/naef-spiele/
535,しまじろう ねこ 名前,390,9,2,26,http://ouchi-iku.com/shimajirou-character/
536,シール貼り　台紙,2400,18,2,16,http://ouchi-iku.com/seal-daishi-download/
537,ジスター おもちゃ,880,18,2,26,http://ouchi-iku.com/toys/gester/
538,夏休み 絵画コンクール 小学生,880,18,2,28,http://ouchi-iku.com/contest-kids/
539,レゴ アンパンマン,480,21,2,22,http://ouchi-iku.com/toys/duplo-blocklabo-gokan/
540,モコモコ 英語,480,12,2,14,http://ouchi-iku.com/mocomoco-english/
541,しまじろうクラブアプリ,480,8,2,20,http://ouchi-iku.com/shimajirouclub-appli/
542,ハロウィン 折り紙かわいい,390,17,2,34,http://ouchi-iku.com/diytoy/halloween-origami/
543,立体 星 作り方,1600,16,2,12,http://ouchi-iku.com/diytoy/origami-3d-star/
544,ハロウィンの飾り折り紙,1600,16,2,31,http://ouchi-iku.com/diytoy/halloween-origami/
545,日本地図パズル 木製,480,16,2,23,http://ouchi-iku.com/toys/gakken-nihonchizu/
546,まなびルーム アプリ,390,16,2,20,http://ouchi-iku.com/shimajirouclub-appli/
547,100玉そろばん 使い方,390,13,2,10,http://ouchi-iku.com/how-to-use-an-abacus/
548,くもん おもちゃ3歳,390,14,2,14,http://ouchi-iku.com/toys/tag/kumon/
549,丸シール　台紙,1900,25,2,15,http://ouchi-iku.com/seal-daishi-download/
550,はさみ練習 無料 プリント,1300,23,2,8,http://ouchi-iku.com/hasami-rensyuu/
551,こども読売新聞,1900,19,2,44,http://ouchi-iku.com/yomiuri-kodomo-shinbun/
552,しまじろう 猫,1600,16,2,27,http://ouchi-iku.com/shimajirou-character/
553,がんばる舎 口コミ,720,17,2,9,http://ouchi-iku.com/ganbaru-popy/
554,センサ リー ボトル ベビーオイル,320,9,2,22,http://ouchi-iku.com/montessori-2color-bottle/
555,折り紙ベル,1600,19,2,32,http://ouchi-iku.com/diytoy/origami-bell/
556,小学生 コンクール 絵画,1300,27,2,28,http://ouchi-iku.com/contest-kids/
557,しまじろう ネコ 名前,390,8,2,26,http://ouchi-iku.com/shimajirou-character/
558,洗濯バサミ　遊び,880,18,2,19,http://ouchi-iku.com/sentakubasami-omocha/
559,折り紙星の作り方立体,1600,19,2,25,http://ouchi-iku.com/diytoy/origami-3d-star/
560,読売新聞 こども,1900,20,2,46,http://ouchi-iku.com/yomiuri-kodomo-shinbun/
561,知育 おもちゃ 4歳,720,17,2,15,http://ouchi-iku.com/toys/4years-toys/
562,ピタゴラス マグネット,480,18,2,27,http://ouchi-iku.com/toys/magbuild-pythagoras/
563,丸シール 台紙,1900,23,2,13,http://ouchi-iku.com/seal-daishi-download/
564,読売新聞 こども新聞,880,16,2,44,http://ouchi-iku.com/yomiuri-kodomo-shinbun/
565,クリスマス 製作 3歳児,1300,20,2,13,http://ouchi-iku.com/diytoy/easy-christmas-origami/
566,クリスマスリース折り紙簡単,1300,11,2,33,http://ouchi-iku.com/diytoy/origami-wreath/
567,折り紙 作り方クリスマス,1300,16,2,25,http://ouchi-iku.com/diytoy/easy-christmas-origami/
568,しまのしまじろう,880,12,2,36,http://ouchi-iku.com/shimajirou-character/
569,はさみ 何歳から,720,19,2,14,http://ouchi-iku.com/hasami-rensyuu/
570,べびーチャレンジ,390,10,2,16,http://ouchi-iku.com/kodomochallenge-baby-koukai/
571,0歳からの知育玩具,1600,17,2,14,http://ouchi-iku.com/tag/0-years-old/
572,シール貼り台紙 無料 キャラクター,1000,19,2,16,http://ouchi-iku.com/seal-daishi-download/
573,クリスマス リース 折り紙 簡単,1300,11,2,34,http://ouchi-iku.com/diytoy/origami-wreath/
574,英語 絵本 おすすめ,880,25,2,13,http://ouchi-iku.com/easy-english-book/
575,ハロウィン 製作3歳児,1600,20,2,13,http://ouchi-iku.com/diytoy/halloween-origami/
576,星立体,1000,19,2,23,http://ouchi-iku.com/diytoy/origami-3d-star/
577,スタジオたまひよ,720,20,2,17,http://ouchi-iku.com/tamahiyo-studio/
578,こどもちゃれんじ おもちゃ,390,21,2,25,http://ouchi-iku.com/kodomochallenge-store/
579,ハロウィン お菓子入れ 折り紙,320,8,2,32,http://ouchi-iku.com/diytoy/halloween-origami-treat-bag/
580,はさみ練習 一回切り 無料,320,10,2,18,http://ouchi-iku.com/hasami-rensyuu/
581,こども新聞,14800,29,2,45,http://ouchi-iku.com/kodomoshinbun-hikaku/
582,育児本,1300,18,2,16,http://ouchi-iku.com/ikujisyo-meityo/
583,絵 のコンクール 小学生,880,19,2,18,http://ouchi-iku.com/contest-kids/
584,レゴブロックアンパンマン,1000,18,2,22,http://ouchi-iku.com/toys/duplo-blocklabo-gokan/
585,クリスマス 折り紙 超 簡単,1600,16,2,27,http://ouchi-iku.com/diytoy/easy-christmas-origami/
586,2歳 クリスマス絵本,880,32,2,14,http://ouchi-iku.com/christmas-ehon-osusume/
587,飴 折り紙,720,13,2,24,http://ouchi-iku.com/diytoy/origami-heart-candy-wrapping/
588,アイスクリーム製作 立体,480,9,2,11,http://ouchi-iku.com/diytoy/origami-icecream/
589,ラボパーティ怪しい,390,8,2,11,http://ouchi-iku.com/labo-party/
590,本 子育て,1600,15,2,15,http://ouchi-iku.com/ikujisyo-meityo/
591,折り紙 星の 作り方 立体,1600,19,2,22,http://ouchi-iku.com/diytoy/origami-3d-star/
592,バディエディ,1000,11,2,31,http://ouchi-iku.com/buddyeddy-wonderful-club/
593,ハロウィン 折り紙 立体,1000,18,2,32,http://ouchi-iku.com/diytoy/halloween-origami/
594,アンパンマン レゴ,1300,17,2,23,http://ouchi-iku.com/toys/duplo-blocklabo-gokan/
595,雪だるま 折り紙 簡単 一枚,1000,11,2,29,http://ouchi-iku.com/diytoy/origami-snowman/
596,キャンディボックス 折り紙,390,10,2,32,http://ouchi-iku.com/diytoy/origami-candybox/
597,丸シール 台紙無料,320,11,2,22,http://ouchi-iku.com/seal-daishi-download/
598,トーマス 木製 レール,480,9,2,19,http://ouchi-iku.com/toys/wooden-thomas/
599,ラボパーティ 怪しい,390,8,2,11,http://ouchi-iku.com/labo-party/
600,ブリオ トーマス,390,13,2,22,http://ouchi-iku.com/toys/wooden-thomas/
601,チャレンジ タッチ 年 長,390,11,2,16,http://ouchi-iku.com/kodomochallenge-jumptouch/
602,しまじろう きぐるみ,390,13,2,26,http://ouchi-iku.com/shimajirou-puppet/
603,折り紙 折り方 クリスマス,1600,19,2,24,http://ouchi-iku.com/diytoy/easy-christmas-origami/
604,子育て 本,1600,18,2,15,http://ouchi-iku.com/ikujisyo-meityo/
605,0歳絵本おすすめ,1900,21,2,23,http://ouchi-iku.com/0year-ehon/
606,4歳のクリスマスプレゼント,1300,25,2,19,http://ouchi-iku.com/toys/4years-christmaspure/
607,靴下折り紙,880,13,2,11,http://ouchi-iku.com/diytoy/origami-christmas-socks/
608,クリスマスリース 折り紙簡単,1300,11,2,33,http://ouchi-iku.com/diytoy/origami-wreath/
609,布絵本洗い方,320,8,2,19,http://ouchi-iku.com/nunoomocha-sentaku/
610,もみじ 切り方,320,8,2,18,http://ouchi-iku.com/diytoy/origami-momiji/
611,しまじろう はなちゃん 何 歳,320,9,2,39,http://ouchi-iku.com/shimajirou-character/
612,12 月 折り紙,1900,19,2,21,http://ouchi-iku.com/diytoy/easy-christmas-origami/
613,こどもちゃれんじ すてっぷ,1300,12,2,40,http://ouchi-iku.com/kodomochallenge-step/
614,こども新聞 おすすめ,1000,18,2,12,http://ouchi-iku.com/kodomoshinbun-hikaku/
615,恩物 と は,480,16,2,15,http://ouchi-iku.com/froebel-gabe/
616,もみじ 切り絵,590,16,2,28,http://ouchi-iku.com/diytoy/origami-momiji/
617,しまじろう 父,480,13,2,26,http://ouchi-iku.com/shimajirou-character/
618,クリスマス の 折り紙,1900,19,2,25,http://ouchi-iku.com/diytoy/easy-christmas-origami/
619,名前シール 無料,880,35,2,28,http://ouchi-iku.com/benesse-presentcampaign/
620,0歳児 おすすめ 絵本,590,26,2,23,http://ouchi-iku.com/0year-ehon/
621,しまじろう 猫 名前,480,8,2,28,http://ouchi-iku.com/shimajirou-character/
622,折り紙 ブーツ,390,15,2,28,http://ouchi-iku.com/diytoy/origami-christmas-boots/
623,12月折り紙,1900,19,2,21,http://ouchi-iku.com/diytoy/easy-christmas-origami/
624,ボードゲーム 3歳,1000,32,2,23,http://ouchi-iku.com/3years-boardgames/
625,クリスマス 折り紙 作り方,1600,16,2,29,http://ouchi-iku.com/diytoy/easy-christmas-origami/
626,折り紙 星 立体 1枚 簡単,1300,14,2,11,http://ouchi-iku.com/diytoy/origami-3d-star/
627,クリスマスプレゼント 4才,1300,19,2,23,http://ouchi-iku.com/toys/4years-christmaspure/
628,折り紙 ハロウィン お 菓子,1000,11,2,27,http://ouchi-iku.com/diytoy/halloween-origami-treat-bag/
629,折り紙ハロウィンお菓子,1000,9,2,27,http://ouchi-iku.com/diytoy/halloween-origami-treat-bag/
630,アイス クリーム 折り紙 3 歳児,390,11,2,28,http://ouchi-iku.com/diytoy/origami-icecream/
631,ムナリモビール,480,9,2,12,http://ouchi-iku.com/munari-mobile/
632,折り紙ハロウィン 簡単,1900,16,2,32,http://ouchi-iku.com/diytoy/halloween-origami/
633,スマイルゼミ キャンペーンコード,1600,17,2,20,http://ouchi-iku.com/smilezemi-syoukai/
634,ハロウィン 帽子 手作り 画用紙,390,11,2,12,http://ouchi-iku.com/diytoy/halloween-paper-hat-craft/
635,しまじろう はなちゃんぬいぐるみ,320,9,2,23,http://ouchi-iku.com/shimajirou-hanachan/
636,子育ての本,1600,18,2,16,http://ouchi-iku.com/ikujisyo-meityo/
637,折り紙立体星の作り方,1600,18,2,22,http://ouchi-iku.com/diytoy/origami-3d-star/
638,シール貼り台紙無料 キャラクター,1000,19,2,11,http://ouchi-iku.com/seal-daishi-download/
639,レゴ デュプロ何歳まで,480,16,2,23,http://ouchi-iku.com/toys/lego-duplo/
640,ハロウィン 折り紙作り方,2400,17,2,34,http://ouchi-iku.com/diytoy/halloween-origami/
641,ハローウィンお菓子入れ,880,15,2,21,http://ouchi-iku.com/diytoy/papercup-pumpkin-bag/
642,夏休み 絵画 コンクール,720,17,2,34,http://ouchi-iku.com/contest-kids/
643,もこもこ 英語,480,14,2,18,http://ouchi-iku.com/mocomoco-english/
644,絵本0歳児,2400,16,2,25,http://ouchi-iku.com/0year-ehon/
645,0歳 絵本 オススメ,1900,25,2,24,http://ouchi-iku.com/0year-ehon/
646,サンタ絵本,1600,18,2,25,http://ouchi-iku.com/christmas-ehon-osusume/
647,ハロウィン 帽子 手作り,1000,10,2,15,http://ouchi-iku.com/diytoy/halloween-paper-hat-craft/
648,おままごとキッチン ずっと使える,1000,32,2,12,http://ouchi-iku.com/toys/mamagotokitchen-koukai/
649,ハロウィン の折り紙,1300,12,2,18,http://ouchi-iku.com/diytoy/halloween-origami/
650,アンパンマンレゴ,1300,19,2,22,http://ouchi-iku.com/toys/duplo-blocklabo-gokan/
651,くみくみスロープ 後悔,390,14,2,6,http://ouchi-iku.com/toys/kumon-kumikumi-slope/
652,おもちゃ ピアノ カワイ,1000,23,2,19,http://ouchi-iku.com/toys/kawai-minipiano/
653,クリスマス の折り紙,1900,23,2,27,http://ouchi-iku.com/diytoy/easy-christmas-origami/
654,クリスマスの 折り紙,1900,22,2,25,http://ouchi-iku.com/diytoy/easy-christmas-origami/
655,ハロウィン 折り紙可愛い,390,16,2,33,http://ouchi-iku.com/diytoy/halloween-origami/
656,クリスマス絵本 1歳,320,8,2,17,http://ouchi-iku.com/christmas-ehon-osusume/
657,折り紙 折り方クリスマス,1600,20,2,24,http://ouchi-iku.com/diytoy/easy-christmas-origami/
658,しまじろう 年齢,320,6,2,33,http://ouchi-iku.com/shimajirou-character/
659,10 ヶ月 おもちゃ 買っ て よかった,320,18,2,22,http://ouchi-iku.com/toys/0year-omocha/
660,1 歳児 シール 貼り 台紙,320,18,2,23,http://ouchi-iku.com/seal-daishi-download/
661,レゴ はじめて,390,12,2,24,http://ouchi-iku.com/toys/lego-duplo/
662,折り紙 クリスマス リース かわいい,390,11,2,32,http://ouchi-iku.com/diytoy/origami-wreath/
663,もみじ切り方,320,8,2,18,http://ouchi-iku.com/diytoy/origami-momiji/
664,クリスマス折り紙 作り方,1600,15,2,29,http://ouchi-iku.com/diytoy/easy-christmas-origami/
665,クリスマス折り紙折り方,1600,17,2,29,http://ouchi-iku.com/diytoy/easy-christmas-origami/
666,折り紙星立体作り方,1600,16,2,15,http://ouchi-iku.com/diytoy/origami-3d-star/
667,ハロウィン 立体 折り紙,1000,19,2,32,http://ouchi-iku.com/diytoy/halloween-origami/
668,ルーピングおもちゃ,1300,11,2,11,http://ouchi-iku.com/looping-diy/
669,3歳児 クリスマスプレゼント,1000,18,2,16,http://ouchi-iku.com/toys/3years-christmaspure/
670,雪だるま折り紙簡単,880,14,2,30,http://ouchi-iku.com/diytoy/origami-snowman/
671,雪だるま折り紙一枚,320,11,2,34,http://ouchi-iku.com/diytoy/origami-snowman/
672,折り紙ハロウィン,18100,21,2,28,http://ouchi-iku.com/diytoy/halloween-origami/
673,こどもちゃれんじ 紹介,1900,18,2,30,http://ouchi-iku.com/kodomochallenge-syoukai/
674,毎日のことばずかん1500,590,9,2,25,http://ouchi-iku.com/mainichino-kotobazukan1500/
675,紅葉 切り方,320,8,2,18,http://ouchi-iku.com/diytoy/origami-momiji/
676,クリスマス 折り紙の折り方,1600,18,2,29,http://ouchi-iku.com/diytoy/easy-christmas-origami/
677,モビールの作り方,1000,11,2,16,http://ouchi-iku.com/montessori-mobile/
678,ジスターおもちゃ,1000,11,2,24,http://ouchi-iku.com/toys/gester/
679,はさみ プリント,1300,28,2,12,http://ouchi-iku.com/hasami-rensyuu/
680,立体星作り方,1600,19,2,25,http://ouchi-iku.com/diytoy/origami-3d-star/
681,ハロウィン 製作 3 歳児,1600,20,2,13,http://ouchi-iku.com/diytoy/halloween-origami/
682,バランスチェア後悔,880,6,2,11,http://ouchi-iku.com/balancechair-balanceeasy/
683,夏休み 絵画コンクール,720,16,2,20,http://ouchi-iku.com/contest-kids/
684,モビール 折り紙,390,17,2,23,http://ouchi-iku.com/octahedral-mobile/
685,ハロウィン帽子 製作,390,17,2,14,http://ouchi-iku.com/diytoy/halloween-paper-hat-craft/
686,トイサブ,5400,20,2,36,http://ouchi-iku.com/toys/toysub/
687,3 歳児 クリスマスプレゼント,1000,18,2,16,http://ouchi-iku.com/toys/3years-christmaspure/
688,シール台紙無料,1000,26,2,32,http://ouchi-iku.com/seal-daishi-download/
689,折り紙宝石,1600,10,2,22,http://ouchi-iku.com/diytoy/origami-diamond/
690,しまじろう ねこ,1600,16,2,29,http://ouchi-iku.com/shimajirou-character/
691,折り紙 ハロウィン作り方,480,14,2,18,http://ouchi-iku.com/diytoy/halloween-origami/
692,丸シール 台紙 無料,320,10,2,20,http://ouchi-iku.com/seal-daishi-download/
693,買ってよかった絵本 0歳,1900,17,2,18,http://ouchi-iku.com/0year-ehon/
694,折り紙 立体星 作り方,1600,22,2,19,http://ouchi-iku.com/diytoy/origami-3d-star/
695,ハロウィンバッグ 製作,1300,31,2,14,http://ouchi-iku.com/diytoy/halloween-origami-treat-bag/
696,日本地図 パズル 木製,480,9,2,17,http://ouchi-iku.com/toys/gakken-nihonchizu/
697,雪だるま 折り紙 簡単 1枚,320,10,2,30,http://ouchi-iku.com/diytoy/origami-snowman/
698,クリスマスリース 折り紙 簡単,1300,11,2,33,http://ouchi-iku.com/diytoy/origami-wreath/
699,ドーナツ 折り紙,480,10,2,29,http://ouchi-iku.com/diytoy/origami-donut/
700,しまじろう きっこ,480,8,2,29,http://ouchi-iku.com/shimajirou-character/
701,セリア パズル 収納 崩れ ない,390,12,2,14,http://ouchi-iku.com/puzzle-syunou/
702,ラボ パーティ 怪しい,390,8,2,11,http://ouchi-iku.com/labo-party/
703,折り紙 クリスマス 可愛い,2400,13,2,34,http://ouchi-iku.com/diytoy/easy-christmas-origami/
704,こども 新聞 比較,1000,11,2,16,http://ouchi-iku.com/kodomoshinbun-hikaku/
705,4歳 クリスマス プレゼント,1300,19,2,19,http://ouchi-iku.com/toys/4years-christmaspure/
706,洗濯バサミのおもちゃ,1000,11,2,17,http://ouchi-iku.com/sentakubasami-asobi/
707,モンテッソーリ　本,480,8,2,14,http://ouchi-iku.com/montessori-book/
708,紙コップ お菓子入れ,390,13,2,25,http://ouchi-iku.com/diytoy/papercup-pumpkin-bag/
709,画用紙 ハロウィン バッグ 手作り,390,28,2,12,http://ouchi-iku.com/diytoy/halloween-origami-treat-bag/
710,ハロウィン紙コップ お菓子入れ,390,14,2,21,http://ouchi-iku.com/diytoy/papercup-pumpkin-bag/
711,立体折り紙星,8100,22,2,23,http://ouchi-iku.com/diytoy/origami-3d-star/
712,ジスター,2900,18,2,26,http://ouchi-iku.com/toys/gester/
713,折り紙 クリスマス可愛い,2400,13,2,34,http://ouchi-iku.com/diytoy/easy-christmas-origami/
714,折り紙 星 立体1枚 簡単,1300,15,2,11,http://ouchi-iku.com/diytoy/origami-3d-star/
715,しまじろうのパパ,1000,11,2,26,http://ouchi-iku.com/shimajirou-character/
716,折り紙ハロウィン 作り方,480,14,2,21,http://ouchi-iku.com/diytoy/halloween-origami/
717,こどもちゃれんじ キャラ,480,15,2,36,http://ouchi-iku.com/shimajirou-character/
718,しまじろう はなちゃん何歳,320,9,2,39,http://ouchi-iku.com/shimajirou-character/
719,非認知能力とは,18100,36,2,34,http://ouchi-iku.com/hininchi-nouryoku/
720,クリスマスの 折り紙 折り方,1600,20,2,33,http://ouchi-iku.com/diytoy/easy-christmas-origami/
721,絵画コンクール 小学生 2025,1300,13,2,33,http://ouchi-iku.com/contest-kids/
722,4才クリスマスプレゼント,1300,23,2,23,http://ouchi-iku.com/toys/4years-christmaspure/
723,折り紙雪だるま,1900,19,2,22,http://ouchi-iku.com/diytoy/origami-snowman/
724,題名 の わからない 本を探す,480,26,2,17,http://ouchi-iku.com/ehon-title-wakaranai/
725,ブリオ　トーマス,390,9,2,14,http://ouchi-iku.com/toys/wooden-thomas/
726,ベビーチャレンジ,390,9,2,18,http://ouchi-iku.com/kodomochallenge-baby-koukai/
727,ハロウィン製作 帽子,390,16,2,14,http://ouchi-iku.com/diytoy/halloween-paper-hat-craft/
728,おりがみ ブーツ,390,13,2,18,http://ouchi-iku.com/diytoy/origami-christmas-boots/
729,ハロウィン折り紙立体,1000,20,2,29,http://ouchi-iku.com/diytoy/halloween-origami/
730,4歳 クリスマスプレゼント,1300,19,2,19,http://ouchi-iku.com/toys/4years-christmaspure/
731,こどもちゃれんじ 口コミ,390,18,2,16,http://ouchi-iku.com/kodomochallenge-english/
732,トーマス 木製レール,480,14,2,21,http://ouchi-iku.com/toys/wooden-thomas/
733,カワイ トイピアノ,1300,22,2,18,http://ouchi-iku.com/toys/kawai-minipiano/
734,benesse名前シール,720,10,2,23,http://ouchi-iku.com/benesse-presentcampaign/
735,クリスマス 飾り折り紙簡単,720,16,2,28,http://ouchi-iku.com/diytoy/easy-christmas-origami/
736,本 モンテッソーリ,480,8,2,14,http://ouchi-iku.com/montessori-book/
737,子育て本,1600,16,2,15,http://ouchi-iku.com/ikujisyo-meityo/
738,カレンダーおもちゃ,1300,21,2,26,http://ouchi-iku.com/calender/
739,くもん日本地図パズル,2400,10,2,23,http://ouchi-iku.com/toys/kumon-nihonchizu/
740,ハロウィン お菓子 折り紙,1000,11,2,27,http://ouchi-iku.com/diytoy/halloween-origami-treat-bag/
741,立体星 作り方,1600,14,2,25,http://ouchi-iku.com/diytoy/origami-3d-star/
742,夏休み絵画コンクール,720,19,2,34,http://ouchi-iku.com/contest-kids/
743,しまじろう いつから,480,15,2,52,http://ouchi-iku.com/shimajirou-character/
744,こどもちゃれんじ　紹介,1900,19,2,36,http://ouchi-iku.com/kodomochallenge-syoukai/
745,折り紙星作り方立体,1600,19,2,19,http://ouchi-iku.com/diytoy/origami-3d-star/
746,子育て　本,1600,17,2,15,http://ouchi-iku.com/ikujisyo-meityo/
747,0歳 絵本おすすめ,1900,23,2,23,http://ouchi-iku.com/0year-ehon/
748,クリスマス の 折り紙 の 折り 方,1600,17,2,33,http://ouchi-iku.com/diytoy/easy-christmas-origami/
749,しましまとらのしまじろう 登場人物,390,17,2,28,http://ouchi-iku.com/shimajirou-character/
750,塗り絵キャラクター無料,14800,32,2,30,http://ouchi-iku.com/character-nurie/
751,英語絵本おすすめ,880,26,2,11,http://ouchi-iku.com/easy-english-book/
752,立体 星の作り方,1600,15,2,25,http://ouchi-iku.com/diytoy/origami-3d-star/
753,段ボール棚の作り方,720,10,2,21,http://ouchi-iku.com/bookshelf-diy/
754,空野 とりっぴい,320,15,2,23,http://ouchi-iku.com/shimajirou-character/
755,しまじろうはなちゃん 何歳,320,9,2,39,http://ouchi-iku.com/shimajirou-character/
756,ちくちくとふわふわ絵本,320,9,2,16,http://ouchi-iku.com/fuwafuwa-to-chikuchiku/
757,日本地図 くもん パズル,2400,13,2,37,http://ouchi-iku.com/toys/kumon-nihonchizu/
758,星立体作り方,1600,18,2,15,http://ouchi-iku.com/diytoy/origami-3d-star/
759,ハロウィン折り紙 立体,1000,19,2,32,http://ouchi-iku.com/diytoy/halloween-origami/
760,買って よかった おもちゃ 0歳,1300,15,2,16,http://ouchi-iku.com/toys/0year-omocha/
761,おままごとキッチンずっと 使える,1000,33,2,11,http://ouchi-iku.com/toys/mamagotokitchen-koukai/
762,しまじろうコンサート 英語,1300,13,2,40,http://ouchi-iku.com/benesse-concert/
763,4歳クリスマスプレゼント,1300,20,2,23,http://ouchi-iku.com/toys/4years-christmaspure/
764,しまじろう人形,390,10,2,25,http://ouchi-iku.com/shimajirou-puppet/
765,こどもちゃれんじ ベビー 1 歳 以降,320,9,2,21,http://ouchi-iku.com/baby-puchi-chigai/
766,こどもちゃれんじ ぽ けっ と 年間 ラインナップ,320,14,2,37,http://ouchi-iku.com/puchi-lineup/
767,クリスマスの 折り紙 の折り方,1600,18,2,33,http://ouchi-iku.com/diytoy/easy-christmas-origami/
768,ブリオビルダー,1000,11,2,18,http://ouchi-iku.com/toys/briobuilder-creative-set/
769,み みりん パパ,320,14,1,26,http://ouchi-iku.com/shimajirou-character/
770,100玉そろばん おすすめ,320,11,1,16,http://ouchi-iku.com/100dama-abacus/
771,ピタゴラスおもちゃ 磁石,320,15,1,26,http://ouchi-iku.com/toys/magbuild-pythagoras/
772,はじめて ず かん 1500,1300,20,1,31,http://ouchi-iku.com/mainichino-kotobazukan1500/
773,しまじろう 何 歳,590,11,1,36,http://ouchi-iku.com/shimajirou-character/
774,スマイルゼミ 紹介コード 10000円,590,18,1,14,http://ouchi-iku.com/smilezemi-syoukai/
775,トーマス木製レール,480,10,1,19,http://ouchi-iku.com/toys/wooden-thomas/
776,シール貼り イラスト,480,22,1,18,http://ouchi-iku.com/seal-daishi-download/
777,キャンディラッピング,390,19,1,14,http://ouchi-iku.com/diytoy/origami-heart-candy-wrapping/
778,ｚ会　年少,320,16,1,26,http://ouchi-iku.com/zkai/
779,ハロウィンバッグ製作,1300,31,1,18,http://ouchi-iku.com/diytoy/halloween-origami-treat-bag/
780,育児書,480,13,1,16,http://ouchi-iku.com/ikujisyo-meityo/
781,100玉 そろばん おすすめ,320,13,1,11,http://ouchi-iku.com/100dama-abacus/
782,1歳児 シール貼り 台紙,320,19,1,24,http://ouchi-iku.com/seal-daishi-download/
783,星 立体 作り方,1600,18,1,24,http://ouchi-iku.com/diytoy/origami-3d-star/
784,はさみ練習 無料プリント,1300,23,1,8,http://ouchi-iku.com/hasami-rensyuu/
785,折り紙 星 の 作り方 立体,1600,18,1,33,http://ouchi-iku.com/diytoy/origami-3d-star/
786,育児 おすすめ 本,590,20,1,18,http://ouchi-iku.com/ikujisyo-meityo/
787,シール貼り台紙 難しい,590,10,1,29,http://ouchi-iku.com/seal-daishi-download/
788,クリスマスリース 簡単,390,28,1,21,http://ouchi-iku.com/diytoy/origami-wreath/
789,ハロウィン袋 手作り,320,15,1,17,http://ouchi-iku.com/diytoy/halloween-origami-treat-bag/
790,はさみ一回切り,320,27,1,11,http://ouchi-iku.com/hasami-rensyuu/
791,しまじろうトミー,320,15,1,26,http://ouchi-iku.com/shimajirou-character/
792,しまじろう トミー,320,13,1,26,http://ouchi-iku.com/shimajirou-character/
793,ルーピング,2400,20,1,12,http://ouchi-iku.com/looping-diy/
794,星 作り方 立体,1600,18,1,16,http://ouchi-iku.com/diytoy/origami-3d-star/
795,ハロウィン 折り紙折り方,1000,15,1,21,http://ouchi-iku.com/diytoy/halloween-origami/
796,クリスマス の 折り紙 の 作り方,1300,18,1,27,http://ouchi-iku.com/diytoy/easy-christmas-origami/
797,クリスマス製作3 歳児,1300,25,1,13,http://ouchi-iku.com/diytoy/easy-christmas-origami/
798,製作落ち葉,1000,16,1,11,http://ouchi-iku.com/diytoy/preserve-fall-leaves/
799,洗濯バサミ おもちゃ,1000,11,1,23,http://ouchi-iku.com/sentakubasami-omocha/
800,トイサブ キャンペーン,20,4,1,22,http://ouchi-iku.com/toys/toysub-promotion/
801,しましま とら のしまじろう 登場人物,390,17,1,28,http://ouchi-iku.com/shimajirou-character/
802,ワゴン おもちゃ収納,320,25,1,23,http://ouchi-iku.com/kousaku-wagon/
803,z会　年少,320,17,1,18,http://ouchi-iku.com/zkai/
804,折り紙星立体 1 枚簡単,1300,14,1,21,http://ouchi-iku.com/diytoy/origami-3d-star/
805,絵本 英語 おすすめ,880,26,1,14,http://ouchi-iku.com/easy-english-book/
806,2歳 クリスマス 絵本,880,32,1,14,http://ouchi-iku.com/christmas-ehon-osusume/
807,クリスマスリース 折り紙 おしゃれ 簡単,480,10,1,31,http://ouchi-iku.com/diytoy/origami-wreath/
808,段ボール 本棚 作り方,390,3,1,20,http://ouchi-iku.com/bookshelf-diy/
809,チクチク言葉絵本,390,13,1,15,http://ouchi-iku.com/fuwafuwa-to-chikuchiku/
810,チャレンジタッチ　年長,390,11,1,16,http://ouchi-iku.com/kodomochallenge-jumptouch/
811,ちくちく と ふわふわ 絵本,320,11,1,22,http://ouchi-iku.com/fuwafuwa-to-chikuchiku/
812,しまじろう ママ,320,17,1,29,http://ouchi-iku.com/shimajirou-character/
813,0歳おすすめ絵本,1900,22,1,32,http://ouchi-iku.com/0year-ehon/
814,絵画コンクール小学生,1300,31,1,27,http://ouchi-iku.com/contest-kids/
815,折り紙 折り方 ハロウィン,1000,16,1,19,http://ouchi-iku.com/diytoy/halloween-origami/
816,木製日本地図パズル,480,10,1,17,http://ouchi-iku.com/toys/gakken-nihonchizu/
817,こどもちゃれんじ ベビー 1歳以降,320,10,1,19,http://ouchi-iku.com/baby-puchi-chigai/
818,ミニピアノ カワイ,320,20,1,19,http://ouchi-iku.com/toys/kawai-minipiano/
819,夏休み 何 する,1000,15,1,13,http://ouchi-iku.com/youchien-natsuyasumi/
820,折り紙 クリスマス 作り方,1300,15,1,25,http://ouchi-iku.com/diytoy/easy-christmas-origami/
821,チャレンジ 紹介プレゼント 一覧,480,12,1,19,http://ouchi-iku.com/kodomochallenge-syoukai/
822,4歳 折り紙,480,21,1,14,http://ouchi-iku.com/diytoy/tag/4%E6%AD%B3/
823,100玉 そろばん 使い方,390,12,1,10,http://ouchi-iku.com/how-to-use-an-abacus/
824,全国小学生絵画コンクール,320,29,1,31,http://ouchi-iku.com/contest-kids/
825,キャラクターぬりえ,18100,26,1,26,http://ouchi-iku.com/character-nurie/
826,ベルビーアンファン,320,13,1,36,http://ouchi-iku.com/toys/bellevie-tsumiki/
827,ダイソー パズル 収納,320,14,1,25,http://ouchi-iku.com/puzzle-syunou/
828,クリスマス 飾り 折り紙 簡単,720,16,1,30,http://ouchi-iku.com/diytoy/easy-christmas-origami/
829,題名の わからない 本を探す,480,22,1,16,http://ouchi-iku.com/ehon-title-wakaranai/
830,もこもこ英語,480,15,1,18,http://ouchi-iku.com/mocomoco-english/
831,クリスマス靴下 折り紙,590,14,1,20,http://ouchi-iku.com/diytoy/origami-christmas-socks/
832,ハロウィン 紙コップ お菓子入れ,390,14,1,21,http://ouchi-iku.com/diytoy/papercup-pumpkin-bag/
833,百玉そろばんの使い方,320,12,1,10,http://ouchi-iku.com/how-to-use-an-abacus/
834,はさみ練習 一回切り無料,320,12,1,17,http://ouchi-iku.com/hasami-rensyuu/
835,はてな ん だ くん,320,15,1,27,http://ouchi-iku.com/hatenakun/
836,0歳 知育 玩具,1600,19,1,14,http://ouchi-iku.com/tag/0-years-old/
837,あおいよるのゆめ 絵本,1000,14,1,24,http://ouchi-iku.com/aoiyorunoyume/
838,4歳クリスマス プレゼント,1300,21,1,19,http://ouchi-iku.com/toys/4years-christmaspure/
839,題名 の わからない 本を 探す,480,21,1,19,http://ouchi-iku.com/ehon-title-wakaranai/
840,立体 星 オーナメント 作り方,320,19,1,24,http://ouchi-iku.com/diytoy/origami-3d-star/
841,おもちゃ収納 無印良品,390,25,1,20,http://ouchi-iku.com/muji-toystorage/
842,ダイソー パズル収納,320,14,1,25,http://ouchi-iku.com/puzzle-syunou/
843,雪だるまの折り方,260,18,1,16,http://ouchi-iku.com/diytoy/origami-snowman/
844,みみりんパパ,320,16,1,27,http://ouchi-iku.com/shimajirou-character/
845,夏休みの絵,1600,28,1,15,http://ouchi-iku.com/contest-kids/
846,しま の しまじろう,880,11,1,58,http://ouchi-iku.com/shimajirou-character/
847,公文の日本地図パズル,590,12,1,24,http://ouchi-iku.com/toys/kumon-nihonchizu/
848,カレンダー保育園,480,19,1,20,http://ouchi-iku.com/calender/
849,こどもちゃれんじ　キャラクター,480,8,1,29,http://ouchi-iku.com/shimajirou-character/
850,しまじろういつから,480,15,1,44,http://ouchi-iku.com/shimajirou-character/
851,はじめてのレゴ,390,14,1,24,http://ouchi-iku.com/toys/lego-duplo/
852,工作　収納,320,14,1,12,http://ouchi-iku.com/kousaku-wagon/
853,パズル収納 セリア,320,15,1,16,http://ouchi-iku.com/puzzle-syunou/
854,ぬいさし,320,10,1,9,http://ouchi-iku.com/nuisashi/
855,ハロウィン 折り紙おばけ簡単,480,15,1,36,http://ouchi-iku.com/diytoy/halloween-origami/
856,4歳児折り紙,320,20,1,15,http://ouchi-iku.com/diytoy/tag/4%E6%AD%B3/
857,モビール 吊るし方 100均,390,12,1,6,http://ouchi-iku.com/dancer-mobile/
858,みみりんのパパ,320,16,1,28,http://ouchi-iku.com/shimajirou-character/
859,星 立体,1000,16,1,13,http://ouchi-iku.com/diytoy/origami-3d-star/
860,星作り方 立体,1600,12,1,23,http://ouchi-iku.com/diytoy/origami-3d-star/
861,こども英語 教材,390,15,1,38,http://ouchi-iku.com/category/english-kyouzai/
862,葉っぱ 製作,320,17,1,12,http://ouchi-iku.com/diytoy/preserve-fall-leaves/
863,くみくみスロープ　後悔,320,13,1,4,http://ouchi-iku.com/toys/kumon-kumikumi-slope/
864,アンパンマンブロック レゴ,1000,14,1,22,http://ouchi-iku.com/toys/duplo-blocklabo-gokan/
865,ハロウィンの 折り紙 の折り方,1000,15,1,30,http://ouchi-iku.com/diytoy/halloween-origami/
866,クリスマス 靴下手作り,390,28,1,14,http://ouchi-iku.com/diytoy/origami-christmas-socks/
867,折り紙もみじ切り方,390,15,1,31,http://ouchi-iku.com/diytoy/origami-momiji/
868,ハロウィン キャンディ 折り紙,320,16,1,26,http://ouchi-iku.com/diytoy/origami-lollipop/
869,レゴ アンパンマンブロック,1000,14,1,22,http://ouchi-iku.com/toys/duplo-blocklabo-gokan/
870,ハロウィン お菓子入れ,880,11,1,25,http://ouchi-iku.com/diytoy/papercup-pumpkin-bag/
871,洗濯バサミ遊び,880,17,1,13,http://ouchi-iku.com/sentakubasami-omocha/
872,ベビー公文,1000,10,1,37,http://ouchi-iku.com/babykumon-iminai/
873,こどもちゃれんじ 年長,880,15,1,29,http://ouchi-iku.com/kodomochallenge-jumptouch/
874,折り紙ブーツ,390,16,1,28,http://ouchi-iku.com/diytoy/origami-christmas-boots/
875,ブーツ 折り紙,390,17,1,21,http://ouchi-iku.com/diytoy/origami-christmas-boots/
876,賞金が もらえる コンテスト,260,12,1,32,http://ouchi-iku.com/contest-kids/
877,雪だるま 折り紙 簡単,880,14,1,30,http://ouchi-iku.com/diytoy/origami-snowman/
878,ハロウィン製作 3歳児,1600,17,1,13,http://ouchi-iku.com/diytoy/halloween-origami/
879,無料塗り絵印刷,1000,29,1,39,http://ouchi-iku.com/character-nurie/
880,しまじろう猫名前,390,13,1,26,http://ouchi-iku.com/shimajirou-character/
881,ハロウィン 折り紙 おばけ 簡単,480,10,1,12,http://ouchi-iku.com/diytoy/halloween-origami/
882,ハロウィン キャンディー 折り紙,320,19,1,30,http://ouchi-iku.com/diytoy/origami-lollipop/
883,z会年少,320,17,1,12,http://ouchi-iku.com/zkai/
884,10ヶ月 おもちゃ 買ってよかった,320,19,1,22,http://ouchi-iku.com/toys/0year-omocha/
885,恩物,880,12,1,18,http://ouchi-iku.com/froebel-gabe/
886,パズル 収納 100均,590,16,1,17,http://ouchi-iku.com/puzzle-syunou/
887,コンビコップがさね,480,12,1,20,http://ouchi-iku.com/toys/cup-stack-how-to-play/
888,こどもちゃれんじキャラクター,480,10,1,31,http://ouchi-iku.com/shimajirou-character/
889,縫いさし,320,13,1,8,http://ouchi-iku.com/nuisashi/
890,葉っぱ製作,320,17,1,12,http://ouchi-iku.com/diytoy/preserve-fall-leaves/
891,12月 折り紙,1900,18,1,25,http://ouchi-iku.com/diytoy/easy-christmas-origami/
892,折り紙 立体星の 作り方,1600,18,1,22,http://ouchi-iku.com/diytoy/origami-3d-star/
893,読売新聞こども新聞,880,16,1,48,http://ouchi-iku.com/yomiuri-kodomo-shinbun/
894,おもちゃ 収納 無印良品,390,23,1,20,http://ouchi-iku.com/muji-toystorage/
895,ミルク缶　おもちゃ　モンテッソーリ,320,11,1,25,http://ouchi-iku.com/tama-otoshi/
896,無印良品 収納 おもちゃ,390,16,1,19,http://ouchi-iku.com/muji-toystorage/
897,おばけ折り紙簡単,1000,18,1,33,http://ouchi-iku.com/diytoy/halloween-ghost-origami-for-kids/
898,こども 絵画 コンクール,720,28,1,28,http://ouchi-iku.com/contest-kids/
899,フレーベル恩物,590,14,1,14,http://ouchi-iku.com/froebel-gabe/
900,じゃんぷタッチ,590,13,1,37,http://ouchi-iku.com/kodomochallenge-jumptouch/
901,工作 収納,320,12,1,12,http://ouchi-iku.com/kousaku-wagon/
902,みみりん パパ,320,18,1,29,http://ouchi-iku.com/shimajirou-character/
903,折り紙 クリスマス 折り方,1600,17,1,29,http://ouchi-iku.com/diytoy/easy-christmas-origami/
904,たまひよ 写真,590,11,1,24,http://ouchi-iku.com/tamahiyo-photo-753/
905,デュプロ レゴ 互換性,480,12,1,26,http://ouchi-iku.com/toys/lego-duplo-gokan/
906,レゴデュプロ何歳まで,480,20,1,16,http://ouchi-iku.com/toys/lego-duplo/
907,100だまそろばん おすすめ,320,19,1,12,http://ouchi-iku.com/100dama-abacus/
908,クリスマス靴下 手作り,390,18,1,13,http://ouchi-iku.com/diytoy/origami-christmas-socks/
909,こどもちゃれんじ　おもちゃ,390,20,1,23,http://ouchi-iku.com/kodomochallenge-store/
910,0歳 絵本 おすすめ,1900,25,1,23,http://ouchi-iku.com/0year-ehon/
911,絵のコンクール 小学生,880,16,1,27,http://ouchi-iku.com/contest-kids/
912,落ち葉製作,1000,10,1,11,http://ouchi-iku.com/diytoy/preserve-fall-leaves/
913,しまのしまたろう,390,11,1,29,http://ouchi-iku.com/shimajirou-character/
914,z会 年少,320,17,1,18,http://ouchi-iku.com/zkai/
915,パズル収納 100 均,590,13,1,18,http://ouchi-iku.com/puzzle-syunou/
916,クリスマスブーツ折り紙,590,16,1,28,http://ouchi-iku.com/diytoy/origami-christmas-boots/
917,題名のわからない本を探す,480,23,1,16,http://ouchi-iku.com/ehon-title-wakaranai/
918,塗り絵 アニメ 無料,480,28,1,26,http://ouchi-iku.com/character-nurie/
919,3歳 クリスマス 絵本,590,29,1,19,http://ouchi-iku.com/christmas-ehon-osusume/
920,しまじろう友達,480,12,1,33,http://ouchi-iku.com/shimajirou-character/
921,生後6ヶ月 おもちゃ モンテッソーリ,390,16,1,24,http://ouchi-iku.com/monte-0year-diy/
922,もみじ 折り紙 切り 方,390,19,1,27,http://ouchi-iku.com/diytoy/origami-momiji/
923,しまじろう さくらこ,320,12,1,25,http://ouchi-iku.com/shimajirou-character/
924,折り紙12月,1900,23,1,18,http://ouchi-iku.com/diytoy/easy-christmas-origami/
925,アンパンマン レゴブロック,1000,14,1,22,http://ouchi-iku.com/toys/duplo-blocklabo-gokan/
926,本 育児,1300,17,1,16,http://ouchi-iku.com/ikujisyo-meityo/
927,立体星,480,18,1,22,http://ouchi-iku.com/diytoy/origami-3d-star/
928,こどもカレンダー 2026,390,20,1,13,http://ouchi-iku.com/calender/
929,レゴデュプロ 何歳まで,480,10,1,8,http://ouchi-iku.com/toys/lego-duplo/
930,ハサミの練習,3600,23,1,13,http://ouchi-iku.com/hasami-rensyuu/
931,クリスマスの折り紙 作り方,1300,18,1,33,http://ouchi-iku.com/diytoy/easy-christmas-origami/
932,パズル収納100均,590,16,1,17,http://ouchi-iku.com/puzzle-syunou/
933,チャレンジ 紹介プレゼント一覧,480,12,1,19,http://ouchi-iku.com/kodomochallenge-syoukai/
934,チャレンジ 紹介 プレゼント 一覧,480,12,1,19,http://ouchi-iku.com/kodomochallenge-syoukai/
935,ドーナッツ折り紙,480,16,1,31,http://ouchi-iku.com/diytoy/origami-donut/
936,紅葉 折り紙 切り方,390,19,1,31,http://ouchi-iku.com/diytoy/origami-momiji/
937,折り紙 ベル 折り方,320,20,1,29,http://ouchi-iku.com/diytoy/origami-bell/
938,工作収納,320,23,1,12,http://ouchi-iku.com/kousaku-wagon/
939,マグビルド 何歳から,320,17,1,7,http://ouchi-iku.com/toys/magbuild/
940,こどもちゃれんじほっぷ 年間ラインナップ,320,15,1,37,http://ouchi-iku.com/puchi-lineup/
941,クリスマスの折り紙の折り方,1600,20,1,33,http://ouchi-iku.com/diytoy/easy-christmas-origami/
942,ブリオ ビルダー,1000,11,1,18,http://ouchi-iku.com/toys/briobuilder-creative-set/
943,シール台紙 無料,1000,25,1,34,http://ouchi-iku.com/seal-daishi-download/
944,マグ フォー マー 事故,480,16,1,31,http://ouchi-iku.com/toys/magformers-ruijihin/
945,こどもちゃれんじ　資料請求,320,23,1,10,http://ouchi-iku.com/kodomochallenge-familiar/
946,くもん日本地図,320,11,1,31,http://ouchi-iku.com/toys/kumon-nihonchizu/
947,カワイ ピアノ おもちゃ,1000,25,1,18,http://ouchi-iku.com/toys/kawai-minipiano/
948,英語 絵本おすすめ,880,24,1,11,http://ouchi-iku.com/easy-english-book/
949,育児おすすめ本,590,19,1,17,http://ouchi-iku.com/ikujisyo-meityo/
950,こども絵画コンクール,720,27,1,28,http://ouchi-iku.com/contest-kids/
951,4歳児 クリスマスプレゼント,480,21,1,23,http://ouchi-iku.com/toys/4years-christmaspure/
952,百玉そろばん 使い方,320,14,1,11,http://ouchi-iku.com/how-to-use-an-abacus/
953,簡単塗り絵 キャラクター,320,26,1,15,http://ouchi-iku.com/character-nurie/
954,ハサミ の練習プリント,320,28,1,8,http://ouchi-iku.com/hasami-rensyuu/
955,1歳児シール貼り台紙,320,11,1,23,http://ouchi-iku.com/seal-daishi-download/
956,折り紙 星 立体 作り方,1600,18,1,20,http://ouchi-iku.com/diytoy/origami-3d-star/
957,くもんの日本地図パズル,590,13,1,35,http://ouchi-iku.com/toys/kumon-nihonchizu/
958,アニメ塗り絵無料,480,26,1,29,http://ouchi-iku.com/character-nurie/
959,色塗りキャラクター,390,22,1,28,http://ouchi-iku.com/character-nurie/
960,こどもちゃれんじ資料請求,320,22,1,10,http://ouchi-iku.com/kodomochallenge-familiar/
961,100 だま そろばんおすすめ,320,16,1,12,http://ouchi-iku.com/100dama-abacus/
962,くもん 日本地図,320,12,1,31,http://ouchi-iku.com/toys/kumon-nihonchizu/
963,ベルビー アン ファン,320,18,1,37,http://ouchi-iku.com/toys/bellevie-tsumiki/
964,10ヶ月 おもちゃ 買って よかった,320,18,1,22,http://ouchi-iku.com/toys/0year-omocha/
965,折り紙立体星,590,18,1,25,http://ouchi-iku.com/diytoy/origami-3d-star/
966,バランス イージー 口コミ,390,3,1,10,http://ouchi-iku.com/balancechair-balanceeasy/
967,チャレンジタッチ年長,390,11,1,16,http://ouchi-iku.com/kodomochallenge-jumptouch/
968,しまじろうはなちゃん何歳,320,10,1,35,http://ouchi-iku.com/shimajirou-character/
969,ハロウィン 製作 3歳児,1600,18,1,13,http://ouchi-iku.com/diytoy/halloween-origami/
970,コンクール 小学生 絵 うますぎ,1300,24,1,21,http://ouchi-iku.com/contest-kids/
971,4歳パズル何ピース,320,13,1,15,http://ouchi-iku.com/toys/kumon-puzzle/
972,ピタゴラスマグネット,480,19,1,27,http://ouchi-iku.com/toys/magbuild-pythagoras/
973,初めてレゴ,390,11,1,24,http://ouchi-iku.com/toys/lego-duplo/
974,初めて の レゴ,390,15,1,24,http://ouchi-iku.com/toys/lego-duplo/
975,クリスマス靴下手作り,390,19,1,17,http://ouchi-iku.com/diytoy/origami-christmas-socks/
976,100だまそろばん 使い方,390,12,1,10,http://ouchi-iku.com/how-to-use-an-abacus/
977,パズル収納セリア,320,15,1,14,http://ouchi-iku.com/puzzle-syunou/
978,子ども地球儀,320,25,1,20,http://ouchi-iku.com/globe-ranking/
979,百玉そろばん,2900,27,1,12,http://ouchi-iku.com/how-to-use-an-abacus/
980,折り紙の作り方クリスマス,1300,10,1,29,http://ouchi-iku.com/diytoy/easy-christmas-origami/
981,ハロウィン 折り紙の折り方,1000,13,1,21,http://ouchi-iku.com/diytoy/halloween-origami/
982,ハロウィン 手作り 帽子,1000,9,1,14,http://ouchi-iku.com/diytoy/halloween-paper-hat-craft/
983,洗濯バサミおもちゃ,1000,10,1,18,http://ouchi-iku.com/sentakubasami-omocha/
984,しまじろう年齢,320,10,1,44,http://ouchi-iku.com/shimajirou-character/
985,こどもちゃれんじ 資料請求,320,22,1,10,http://ouchi-iku.com/kodomochallenge-familiar/
986,100玉そろばんおすすめ,320,10,1,21,http://ouchi-iku.com/100dama-abacus/
987,英語絵本 おすすめ,880,28,1,12,http://ouchi-iku.com/easy-english-book/
988,クリスマス 折り紙 折り方,1600,20,1,17,http://ouchi-iku.com/diytoy/easy-christmas-origami/
989,あおいよるのゆめ,720,20,1,18,http://ouchi-iku.com/aoiyorunoyume/
990,ベネッセ 本 プレゼント,480,13,1,14,http://ouchi-iku.com/benesse-presentcampaign/
991,モコモコ英語,480,12,1,14,http://ouchi-iku.com/mocomoco-english/
992,タングラム問題,390,28,1,24,http://ouchi-iku.com/tangram-diy/
993,100玉そろばん使い方,390,12,1,10,http://ouchi-iku.com/how-to-use-an-abacus/
994,小学生コンクール,320,21,1,29,http://ouchi-iku.com/contest-kids/
995,はさみ 練習 一回切り 無料,320,13,1,17,http://ouchi-iku.com/hasami-rensyuu/
996,しまじろうさくらこ,320,13,1,25,http://ouchi-iku.com/shimajirou-character/
997,たまひよの写真,590,15,1,26,http://ouchi-iku.com/tamahiyo-studio/
998,レゴ デュプロ 買い足し,480,30,1,7,http://ouchi-iku.com/toys/lego-duplo/
999,無印良品おもちゃ収納,390,17,1,20,http://ouchi-iku.com/muji-toystorage/
1000,子育て本ベストセラー,320,14,1,18,http://ouchi-iku.com/ikujisyo-meityo/
1001,レゴ 2 歳,880,9,1,24,http://ouchi-iku.com/toys/lego-duplo/
1002,昔遊び おもちゃ,590,14,1,26,http://ouchi-iku.com/densyou-asobi/
1003,クリスマス 折り紙ベル,590,23,1,30,http://ouchi-iku.com/diytoy/origami-bell/
1004,雪だるま 折り紙 簡単 かわいい,480,12,1,22,http://ouchi-iku.com/diytoy/origami-snowman/
1005,折り紙星 立体 1枚切らない,480,14,1,13,http://ouchi-iku.com/diytoy/origami-3d-star/
1006,チャレンジ紹介プレゼント一覧,480,12,1,19,http://ouchi-iku.com/kodomochallenge-syoukai/
1007,アニメ塗り絵 無料,480,28,1,27,http://ouchi-iku.com/character-nurie/
1008,しまじろうたまさぶろう,480,13,1,29,http://ouchi-iku.com/shimajirou-character/
1009,縞野さくら,390,13,1,25,http://ouchi-iku.com/shimajirou-character/
1010,ハロウィン製作帽子,390,16,1,15,http://ouchi-iku.com/diytoy/halloween-paper-hat-craft/
1011,しま の さくら,320,17,1,29,http://ouchi-iku.com/shimajirou-character/
1012,クリスマスリース製作 4歳児,320,30,1,13,http://ouchi-iku.com/diytoy/origami-wreath/
1013,買ってよかったおもちゃ 0歳,1300,15,1,17,http://ouchi-iku.com/toys/0year-omocha/
1014,ブロック アンパンマン レゴ,1000,14,1,22,http://ouchi-iku.com/toys/duplo-blocklabo-gokan/
1015,段ボールで作る棚,880,14,1,14,http://ouchi-iku.com/bookshelf-diy/
1016,折り紙 もみじ切り方,390,16,1,31,http://ouchi-iku.com/diytoy/origami-momiji/
1017,ハロウィンキャンディ折り紙,320,19,1,30,http://ouchi-iku.com/diytoy/origami-lollipop/
1018,名前シールベネッセ,720,18,1,20,http://ouchi-iku.com/benesse-presentcampaign/
1019,育児の本 おすすめ,590,20,1,15,http://ouchi-iku.com/ikujisyo-meityo/
1020,立体星の作り方 折り紙,1600,17,1,32,http://ouchi-iku.com/diytoy/origami-3d-star/
1021,シール貼り 台紙 無料 キャラクター,1000,19,1,11,http://ouchi-iku.com/seal-daishi-download/
1022,クリスマスの 折り紙 の 作り方,1300,17,1,25,http://ouchi-iku.com/diytoy/easy-christmas-origami/
1023,クリスマスの 折り紙 作り方,1300,17,1,25,http://ouchi-iku.com/diytoy/easy-christmas-origami/
1024,しましま とら のしまじろう 登場 人物,390,14,1,28,http://ouchi-iku.com/shimajirou-character/
1025,雪だるま折り方,260,18,1,26,http://ouchi-iku.com/diytoy/origami-snowman/
1026,藤井 聡太 おもちゃ,590,11,1,20,http://ouchi-iku.com/fujiisouta-toy/
1027,ハロウィン製作おばけ,590,15,1,13,http://ouchi-iku.com/kurukuru-obake/
1028,12月折り紙簡単,590,14,1,31,http://ouchi-iku.com/diytoy/easy-christmas-origami/
1029,12 月 折り紙 簡単,590,14,1,29,http://ouchi-iku.com/diytoy/easy-christmas-origami/
1030,モビール折り紙,390,18,1,23,http://ouchi-iku.com/octahedral-mobile/
1031,ブーツ折り紙,390,17,1,21,http://ouchi-iku.com/diytoy/origami-christmas-boots/
1032,actusランドセル,390,16,1,15,http://ouchi-iku.com/actus-schoolbag/
1033,マグビルド 何 歳から,320,14,1,7,http://ouchi-iku.com/toys/magbuild/
1034,ベル 折り紙 折り方,320,20,1,28,http://ouchi-iku.com/diytoy/origami-bell/
1035,サンリオ　イングリッシュ,320,18,1,27,http://ouchi-iku.com/sanrio-englishmaster-stage1/
1036,くみくみスロープ後悔,320,13,1,5,http://ouchi-iku.com/toys/kumon-kumikumi-slope/
1037,しまじろうママ,320,11,1,26,http://ouchi-iku.com/shimajirou-character/
1038,くもん　日本地図,320,12,1,23,http://ouchi-iku.com/toys/kumon-nihonchizu/
1039,ちいく,2400,26,1,32,http://ouchi-iku.com/
1040,折り紙クリスマス折り方,1600,20,1,25,http://ouchi-iku.com/diytoy/easy-christmas-origami/
1041,グーミーズ,480,21,1,21,http://ouchi-iku.com/goomies-dvd/
1042,クリスマス 靴下折り紙,590,14,1,17,http://ouchi-iku.com/diytoy/origami-christmas-socks/
1043,ハロウィンバッグ 製作 牛乳パック,390,25,1,16,http://ouchi-iku.com/diytoy/halloween-origami-treat-bag/
1044,チャレンジタッチ 年長,390,11,1,16,http://ouchi-iku.com/kodomochallenge-jumptouch/
1045,子育て本 ベストセラー,320,15,1,17,http://ouchi-iku.com/ikujisyo-meityo/
1046,パズル 収納 セリア,320,15,1,14,http://ouchi-iku.com/puzzle-syunou/
1047,くもん 意味ない,320,20,1,25,http://ouchi-iku.com/babykumon-iminai/
1048,折り紙 クリスマス折り方,1600,17,1,29,http://ouchi-iku.com/diytoy/easy-christmas-origami/
1049,あおい よるのゆめ 絵本,1000,14,1,24,http://ouchi-iku.com/aoiyorunoyume/
1050,しまじろう 英語コンサート,1300,14,1,32,http://ouchi-iku.com/benesse-concert/
1051,立体折り紙 ハロウィン,1000,22,1,32,http://ouchi-iku.com/diytoy/halloween-origami/
1052,100玉そろばん　使い方,390,13,1,10,http://ouchi-iku.com/how-to-use-an-abacus/
1053,磁石おもちゃ ピタゴラス,320,15,1,26,http://ouchi-iku.com/toys/magbuild-pythagoras/
1054,雪だるま 折り紙 簡単かわいい,480,14,1,29,http://ouchi-iku.com/diytoy/origami-snowman/
1055,こども英語　教材,390,15,1,37,http://ouchi-iku.com/category/english-kyouzai/
1056,白いわんぱくジム,390,16,1,26,http://ouchi-iku.com/toys/people-gym/
1057,丸シール貼り,320,29,1,16,http://ouchi-iku.com/seal-daishi-download/
1058,初めてのレゴ,390,18,1,26,http://ouchi-iku.com/toys/lego-duplo/
1059,まなびルームしまじろう,1000,10,1,20,http://ouchi-iku.com/shimajirouclub-appli/
1060,塗り絵簡単キャラクター,720,25,1,20,http://ouchi-iku.com/character-nurie/
1061,クリスマス折り紙ベル,590,20,1,30,http://ouchi-iku.com/diytoy/origami-bell/
1062,コップが さ ね コンビ,480,12,1,16,http://ouchi-iku.com/toys/cup-stack-how-to-play/
1063,画用紙 ハロウィンバッグ 手作り,390,28,1,14,http://ouchi-iku.com/diytoy/halloween-origami-treat-bag/
1064,チクチク言葉 絵本,390,21,1,15,http://ouchi-iku.com/fuwafuwa-to-chikuchiku/
1065,ダンボール 本棚 作り方,390,3,1,22,http://ouchi-iku.com/bookshelf-diy/
1066,クリスマス3歳,390,16,1,17,http://ouchi-iku.com/toys/3years-christmaspure/
1067,中学生新聞　おすすめ,320,20,1,19,http://ouchi-iku.com/kodomoshinbun-hikaku/
1068,100 だま そろばん 使い方,390,12,1,10,http://ouchi-iku.com/how-to-use-an-abacus/
1069,折り紙 雪だるま,1900,17,1,22,http://ouchi-iku.com/diytoy/origami-snowman/
1070,小麦ねんど 作り方,1300,22,1,14,http://ouchi-iku.com/diytoy/komugiko-nendo/
1071,折り紙 クリスマス作り方,1300,18,1,25,http://ouchi-iku.com/diytoy/easy-christmas-origami/
1072,絵本 クリスマス 2 歳,880,28,1,17,http://ouchi-iku.com/christmas-ehon-osusume/
1073,しまじろう 英語 コンサート,1300,14,1,32,http://ouchi-iku.com/benesse-concert/
1074,チャレンジベビー,880,14,1,19,http://ouchi-iku.com/baby-puchi-chigai/
1075,こどもちゃれんじ　年長,880,14,1,24,http://ouchi-iku.com/kodomochallenge-jumptouch/
1076,こどもちゃれんじ年長,880,15,1,23,http://ouchi-iku.com/kodomochallenge-jumptouch/
1077,3歳 クリスマス絵本,590,29,1,19,http://ouchi-iku.com/christmas-ehon-osusume/
1078,コンビ コップ が さ ね,480,12,1,20,http://ouchi-iku.com/toys/cup-stack-how-to-play/
1079,子ども英語教材,390,18,1,32,http://ouchi-iku.com/category/english-kyouzai/
1080,紙コップお菓子入れ,390,13,1,25,http://ouchi-iku.com/diytoy/papercup-pumpkin-bag/
1081,もみじ 折り紙 切り方,390,21,1,30,http://ouchi-iku.com/diytoy/origami-momiji/
1082,工作 はさみ練習プリント,320,27,1,12,http://ouchi-iku.com/hasami-rensyuu/
1083,ミルク缶おもちゃ モンテッソーリ,320,10,1,22,http://ouchi-iku.com/tama-otoshi/
1084,はてなんだくん,320,19,1,25,http://ouchi-iku.com/hatenakun/
1085,こども新聞おすすめ,1000,17,1,12,http://ouchi-iku.com/kodomoshinbun-hikaku/
1086,こどもちゃれんじベビー1歳以降,320,10,1,19,http://ouchi-iku.com/baby-puchi-chigai/
1087,夏休み 何する,1000,15,1,14,http://ouchi-iku.com/youchien-natsuyasumi/
1088,ハロウィーンお菓子入れ,880,16,1,27,http://ouchi-iku.com/diytoy/halloween-origami-treat-bag/
1089,モビール 手作り 100均,720,14,1,17,http://ouchi-iku.com/dancer-mobile/
1090,育児 本 おすすめ,590,19,1,15,http://ouchi-iku.com/ikujisyo-meityo/
1091,ハロウィンバッグ製作 牛乳パック,390,24,1,16,http://ouchi-iku.com/diytoy/halloween-origami-treat-bag/
1092,子育て 本 ベストセラー,320,15,1,17,http://ouchi-iku.com/ikujisyo-meityo/
1093,妊婦無料プレゼント 全員,320,27,1,31,http://ouchi-iku.com/premama-present/
1094,ハロウィンキャンディー折り紙,320,12,1,32,http://ouchi-iku.com/diytoy/origami-lollipop/
1095,クリスマスリース 製作 4 歳児,320,24,1,12,http://ouchi-iku.com/diytoy/origami-wreath/
1096,サンタクロース 折り紙 簡単 1枚,1000,15,1,42,http://ouchi-iku.com/diytoy/origami-santa-claus/
1097,無料 塗り絵 印刷,1000,29,1,39,http://ouchi-iku.com/character-nurie/
1098,くもんパズル 日本地図,590,25,0,29,http://ouchi-iku.com/toys/kumon-nihonchizu/
1099,ちくちく言葉 絵本,390,23,0,18,http://ouchi-iku.com/fuwafuwa-to-chikuchiku/
1100,こども絵画コンクール 入賞作品,480,58,0,13,http://ouchi-iku.com/contest-kids/
1101,クリスマスプレゼント 4 歳児,480,44,0,19,http://ouchi-iku.com/toys/4years-christmaspure/
1102,スマイルゼミ　紹介コード,320,30,0,20,http://ouchi-iku.com/smilezemi-syoukai/
1103,2歳絵本 クリスマス,880,32,0,17,http://ouchi-iku.com/christmas-ehon-osusume/
1104,買って よかった おもちゃ 1歳,590,36,0,23,http://ouchi-iku.com/toys/1year-omocha/
1105,0歳 やっておけば よかった,390,31,0,16,http://ouchi-iku.com/toys/0year-omocha/
1106,クリスマスプレゼント 絵本,320,51,0,17,http://ouchi-iku.com/christmas-ehon-osusume/
1107,はじめてずかん1000と1500の違い,320,29,0,16,http://ouchi-iku.com/mainichino-kotobazukan1500/
1108,ハロウィンの絵本,1900,37,0,16,http://ouchi-iku.com/halloween-ehon-osusume/
1109,お家学習キッズ,1300,35,0,26,http://ouchi-iku.com/
1110,こども絵画コンクール 2025,390,37,0,31,http://ouchi-iku.com/contest-kids/
1111,絵画コンクール 中学生 募集,390,37,0,23,http://ouchi-iku.com/contest-kids/
1112,簡単 あめ 折り紙 キャンディ,390,16,0,33,http://ouchi-iku.com/diytoy/origami-lollipop/
1113,こども コンクール,320,58,0,34,http://ouchi-iku.com/contest-kids/
1114,保育園 シール貼り,390,38,0,14,http://ouchi-iku.com/seal-daishi-download/
1115,夏休み の 絵,1600,31,0,15,http://ouchi-iku.com/contest-kids/
1116,三才 ゲーム,720,52,0,25,http://ouchi-iku.com/3years-boardgames/
1117,クリスマス 絵本3歳,590,23,0,19,http://ouchi-iku.com/christmas-ehon-osusume/
1118,クリスマス　しかけ絵本,590,50,0,15,http://ouchi-iku.com/christmas-ehon-osusume/
1119,1歳 買ってよかった おもちゃ,590,34,0,15,http://ouchi-iku.com/toys/1year-omocha/
1120,アイス制作,320,37,0,16,http://ouchi-iku.com/diytoy/origami-icecream/
1121,日本 遊び,2900,51,0,19,http://ouchi-iku.com/densyou-asobi/
1122,ハロウィーン絵本,1900,39,0,16,http://ouchi-iku.com/halloween-ehon-osusume/
1123,英語の絵本おすすめ,880,25,0,25,http://ouchi-iku.com/easy-english-book/
1124,絵本 クリスマス 2歳,880,29,0,17,http://ouchi-iku.com/christmas-ehon-osusume/
1125,塗り絵 印刷 無料,1000,34,0,40,http://ouchi-iku.com/character-nurie/
1126,actus ランドセル,390,22,0,15,http://ouchi-iku.com/actus-schoolbag/
1127,3歳誕生日プレゼント おもちゃ 以外,390,34,0,17,http://ouchi-iku.com/toys/3years-tanpure/
1128,小麦粉粘土　作り方,5400,36,0,11,http://ouchi-iku.com/diytoy/komugiko-nendo/
1129,アイスクリーム 製作,1000,24,0,14,http://ouchi-iku.com/diytoy/origami-icecream/
1130,おすすめ英語 絵本,880,24,0,10,http://ouchi-iku.com/easy-english-book/
1131,キャラクター塗り絵無料,590,32,0,24,http://ouchi-iku.com/character-nurie/
1132,クリスマス絵本 3歳,590,33,0,19,http://ouchi-iku.com/christmas-ehon-osusume/
1133,折り紙 ハロウィン 作り方,480,11,0,22,http://ouchi-iku.com/diytoy/halloween-origami/
1134,時計読み方 教え方,480,23,0,26,http://ouchi-iku.com/read-the-clock/
1135,こどもちゃれんじ キャラクター,480,10,0,31,http://ouchi-iku.com/shimajirou-character/
1136,はさみ 一回切り 製作,390,40,0,12,http://ouchi-iku.com/hasami-rensyuu/
1137,新生児 おすすめ 絵本,320,27,0,24,http://ouchi-iku.com/0year-ehon/
1138,ケーキ型 牛乳パック,320,28,0,18,http://ouchi-iku.com/diytoy/milk-carton-toy-cake/
1139,コンクール絵画,2400,50,0,33,http://ouchi-iku.com/contest-kids/
1140,中学生 絵画コンクール,1000,48,0,26,http://ouchi-iku.com/contest-kids/
1141,スマイルゼミ チャレンジタッチ 比較,390,64,0,13,http://ouchi-iku.com/smilezemi-kodomochallenge/
1142,塗り絵 無料 アニメ,480,30,0,27,http://ouchi-iku.com/character-nurie/
1143,はさみ 初めて,390,33,0,16,http://ouchi-iku.com/hasami-rensyuu/
1144,お名前シール 無料 イオン,390,33,0,23,http://ouchi-iku.com/benesse-presentcampaign/
1145,こども絵画コンクール2025,390,37,0,35,http://ouchi-iku.com/contest-kids/
1146,カワイ ミニピアノ どれがいい,480,48,0,17,http://ouchi-iku.com/toys/kawai-minipiano/
1147,塗り絵 公式,320,50,0,47,http://ouchi-iku.com/character-nurie/
1148,1歳　やっておけばよかった,480,53,0,22,http://ouchi-iku.com/toys/1year-omocha/
1149,2歳のクリスマスプレゼント,5400,42,0,16,http://ouchi-iku.com/toys/2years-christmaspure/
1150,モビール と は,2400,33,0,30,http://ouchi-iku.com/montessori-mobile/
1151,買っ て よかった おもちゃ 1 歳,590,41,0,23,http://ouchi-iku.com/toys/1year-omocha/
1152,アニメ 無料 ぬりえ,480,33,0,32,http://ouchi-iku.com/character-nurie/
1153,アジサイスタンプ,390,47,0,15,http://ouchi-iku.com/wp-content/uploads/2022/06/%E3%82%A2%E3%82%B8%E3%82%B5%E3%82%A4_%E3%82%B9%E3%82%BF%E3%83%B3%E3%83%97.pdf
1154,よんでよかった育児本,320,28,0,16,http://ouchi-iku.com/ikujisyo-meityo/
1155,しましまとらのしまじろう キャスト,320,33,0,25,http://ouchi-iku.com/shimajirou-character/
1156,モンテッソーリ 棚,1000,33,0,18,http://ouchi-iku.com/montessori-shelf/
1157,買ってよかったおもちゃ 2歳,1000,22,0,18,http://ouchi-iku.com/toys/2years-toys/
1158,3歳 絵,1300,34,0,19,http://ouchi-iku.com/oekaki-hattatsu/
1159,くもん　うた200,480,29,0,32,http://ouchi-iku.com/kumon-no-utaehon/
1160,9ヶ月 おもちゃ 買って よかった,320,24,0,12,http://ouchi-iku.com/toys/0year-omocha/
1161,非認知能力とは簡単に,260,33,0,34,http://ouchi-iku.com/hininchi-nouryoku/
1162,こむぎ ねんど 作り方,1300,29,0,14,http://ouchi-iku.com/diytoy/komugiko-nendo/
1163,日本 遊び 伝統,720,33,0,18,http://ouchi-iku.com/densyou-asobi/
1164,コンテスト絵画,590,42,0,33,http://ouchi-iku.com/contest-kids/
1165,はさみ使い方,590,52,0,13,http://ouchi-iku.com/hasami-rensyuu/
1166,折り紙 クリスマス 可愛い 立体,320,13,0,29,http://ouchi-iku.com/diytoy/easy-christmas-origami/
1167,コンクール小学生,320,24,0,22,http://ouchi-iku.com/contest-kids/
1168,がんばる舎,5400,35,0,15,http://ouchi-iku.com/ganbarusya-step/
1169,絵画 コンクール,2400,34,0,34,http://ouchi-iku.com/contest-kids/
1170,ハロウィン 絵本,1900,39,0,15,http://ouchi-iku.com/halloween-ehon-osusume/
1171,ペーパークラフト作り方,1000,41,0,29,http://ouchi-iku.com/diytoy/category/origami/
1172,0 歳児 おすすめ絵本,590,31,0,23,http://ouchi-iku.com/0year-ehon/
1173,3歳誕生日プレゼント おもちゃ以外,390,35,0,17,http://ouchi-iku.com/toys/3years-tanpure/
1174,カレンダー 手作り 子ども,480,29,0,13,http://ouchi-iku.com/calender/
1175,本棚 表紙が見える,320,32,0,15,http://ouchi-iku.com/ehon-shelf/
1176,桑の木剪定 図解,320,71,0,24,http://ouchi-iku.com/wp-content/uploads/2021/11/chigirie_tree.pdf
1177,クリスマス の絵本,5400,48,0,15,http://ouchi-iku.com/christmas-ehon-osusume/
1178,ベビー パーク 口コミ,1000,27,0,16,http://ouchi-iku.com/babypark-lesson/
1179,クリスマス プレゼント2歳,1000,37,0,17,http://ouchi-iku.com/toys/2years-christmaspure/
1180,鉛筆おすすめ,590,27,0,19,http://ouchi-iku.com/enpitsu/
1181,こどもちゃれんじ年少,720,24,0,39,http://ouchi-iku.com/kodomochallenge-hop/
1182,スマイルゼミ何歳から,590,24,0,34,http://ouchi-iku.com/smile-zemi-nensyo/
1183,マグネットブロック　おすすめ,390,33,0,20,http://ouchi-iku.com/toys/chiiku-block/
1184,お風呂遊びアイデア,390,34,0,14,http://ouchi-iku.com/ohuro-chiiku/
1185,こどもちゃれんじおもちゃ,390,21,0,23,http://ouchi-iku.com/kodomochallenge-store/
1186,拘 縮 予防 に ぎにぎ 手作り,320,47,0,14,http://ouchi-iku.com/candy-niginigi/
1187,中学生新聞 おすすめ,320,22,0,19,http://ouchi-iku.com/kodomoshinbun-hikaku/
1188,くるくるキャンディー,320,24,0,22,http://ouchi-iku.com/diytoy/origami-lollipop/
1189,2歳 のクリスマスプレゼント,5400,43,0,17,http://ouchi-iku.com/toys/2years-christmaspure/
1190,コダーイ,1300,30,0,16,http://ouchi-iku.com/kodaly-method/
1191,ちくちく 言葉 絵本,390,23,0,15,http://ouchi-iku.com/fuwafuwa-to-chikuchiku/
1192,塗り絵公式,320,51,0,51,http://ouchi-iku.com/character-nurie/
1193,2歳児の絵,320,33,0,15,http://ouchi-iku.com/oekaki-hattatsu/
1194,2歳 クリスマス プレゼント,5400,35,0,17,http://ouchi-iku.com/toys/2years-christmaspure/
1195,小麦粉 粘土作り方,5400,34,0,11,http://ouchi-iku.com/diytoy/komugiko-nendo/
1196,2歳 絵本 クリスマス,880,36,0,17,http://ouchi-iku.com/christmas-ehon-osusume/
1197,おもちゃ　1歳　おすすめ,880,38,0,17,http://ouchi-iku.com/toys/1year-omocha/
1198,はさみ持ち方,1300,54,0,12,http://ouchi-iku.com/hasami-rensyuu/
1199,買ってよかったおもちゃ 1歳,590,43,0,23,http://ouchi-iku.com/toys/1year-omocha/
1200,おもちゃ ブロックの種類,720,45,0,13,http://ouchi-iku.com/toys/chiiku-block/
1201,カレンダー保育,480,37,0,21,http://ouchi-iku.com/calender/
1202,拘縮予防 に ぎにぎ 手作り,320,46,0,24,http://ouchi-iku.com/candy-niginigi/
1203,小学生 絵画,320,42,0,20,http://ouchi-iku.com/contest-kids/
1204,スマイルゼミ 年少,320,33,0,35,http://ouchi-iku.com/smile-zemi-nensyo/
1205,たまひよの写真スタジオ豊洲店,320,29,0,20,http://ouchi-iku.com/tamahiyo-photo-753/
1206,絵画コンクール,2400,34,0,34,http://ouchi-iku.com/contest-kids/
1207,夏休み保育,1600,53,0,13,http://ouchi-iku.com/youchien-natsuyasumi/
1208,おもちゃのピアノ カワイ,1000,27,0,22,http://ouchi-iku.com/toys/kawai-minipiano/
1209,絵本 2歳 クリスマス,880,31,0,17,http://ouchi-iku.com/christmas-ehon-osusume/
1210,絵画小学生,320,50,0,22,http://ouchi-iku.com/contest-kids/
1211,ぬりえ アニメ 無料,480,38,0,33,http://ouchi-iku.com/character-nurie/
1212,ピアノ おもちゃ 1歳,320,29,0,23,http://ouchi-iku.com/toys/kawai-minipiano/
1213,ハロウィン飾り 手作り 子ども簡単,320,34,0,15,http://ouchi-iku.com/diytoy/halloween-origami/
1214,ハサミ 練習プリント,1900,30,0,10,http://ouchi-iku.com/hasami-rensyuu/
1215,買って よかった おもちゃ1歳,590,42,0,23,http://ouchi-iku.com/toys/1year-omocha/
1216,時計の読み方教え方,480,27,0,24,http://ouchi-iku.com/read-the-clock/
1217,スマイルゼミ 何歳から,590,23,0,34,http://ouchi-iku.com/smile-zemi-nensyo/
1218,構成遊び,480,23,0,10,http://ouchi-iku.com/kousei-asobi/
1219,無印 絵本 収納,390,52,0,23,http://ouchi-iku.com/muji-toystorage/
1220,タングラム 問題,390,25,0,24,http://ouchi-iku.com/tangram-diy/
1221,立体星オーナメント 作り方,260,17,0,23,http://ouchi-iku.com/diytoy/origami-3d-star/
1222,知育玩具 0歳 モンテッソーリ,320,21,0,15,http://ouchi-iku.com/monte-0year-diy/
1223,ハロウィン 工作紙コップ,320,35,0,13,http://ouchi-iku.com/diytoy/papercup-pumpkin-bag/
1224,ペロペロキャンディ製作 保育,320,46,0,12,http://ouchi-iku.com/diytoy/origami-lollipop/
1225,くみ くみ スロープ 後悔,320,12,0,5,http://ouchi-iku.com/toys/kumon-kumikumi-slope/
1226,買って よかった おもちゃ 2歳,1000,22,0,18,http://ouchi-iku.com/toys/2years-toys/
1227,シール遊びアイデア,320,38,0,15,http://ouchi-iku.com/seal-asobi/
1228,スマイルゼミ 紹介コード,320,30,0,20,http://ouchi-iku.com/smilezemi-syoukai/
1229,アクタスランドセル,1900,34,0,15,http://ouchi-iku.com/actus-schoolbag/
1230,無料塗り絵 印刷,1000,40,0,33,http://ouchi-iku.com/character-nurie/
1231,ふわふわ言葉ちくちく言葉,1900,45,0,12,http://ouchi-iku.com/fuwafuwa-to-chikuchiku/
1232,こども　絵,880,29,0,29,http://ouchi-iku.com/oekaki-hattatsu/
1233,おすすめ 英語絵本,880,24,0,10,http://ouchi-iku.com/easy-english-book/
1234,1歳おもちゃおすすめ,880,40,0,20,http://ouchi-iku.com/toys/1year-omocha/
1235,伝承遊び一覧,720,25,0,18,http://ouchi-iku.com/densyou-asobi/
1236,クリスマス 絵本 3歳,590,34,0,19,http://ouchi-iku.com/christmas-ehon-osusume/
1237,アジサイ スタンプ,390,41,0,13,http://ouchi-iku.com/wp-content/uploads/2022/06/%E3%82%A2%E3%82%B8%E3%82%B5%E3%82%A4_%E3%82%B9%E3%82%BF%E3%83%B3%E3%83%97.pdf
1238,0歳児絵本おすすめ,590,30,0,22,http://ouchi-iku.com/0year-ehon/
1239,モンテッソーリ 本,480,10,0,14,http://ouchi-iku.com/montessori-book/
1240,カレンダー 保育園,480,22,0,13,http://ouchi-iku.com/calender/
1241,カレンダー 保育,480,52,0,14,http://ouchi-iku.com/calender/
1242,絵の発達段階,390,27,0,13,http://ouchi-iku.com/oekaki-hattatsu/
1243,しまじろう 黒猫三兄弟,880,22,0,26,http://ouchi-iku.com/shimajirou-character/
1244,無料 ぬりえ 印刷,1000,46,0,34,http://ouchi-iku.com/character-nurie/
1245,chachacha,720,9,0,22,http://ouchi-iku.com/toys/chachacha/
1246,スマイルゼミ　何歳から,590,27,0,33,http://ouchi-iku.com/smile-zemi-nensyo/
1247,絵本 クリスマス,390,47,0,20,http://ouchi-iku.com/christmas-ehon-osusume/
1248,中学生絵画コンクール募集,390,27,0,18,http://ouchi-iku.com/contest-kids/
1249,表紙の見える本棚,320,32,0,14,http://ouchi-iku.com/ehon-shelf/
1250,拘縮予防に ぎにぎ 手作り,320,49,0,24,http://ouchi-iku.com/candy-niginigi/
1251,シール貼り 1歳児,320,34,0,13,http://ouchi-iku.com/seal-daishi-download/
1252,ふわふわ言葉 ちくちく言葉,1900,37,0,9,http://ouchi-iku.com/fuwafuwa-to-chikuchiku/
1253,ハロウィン 製作 4 歳児,1000,23,0,13,http://ouchi-iku.com/diytoy/halloween-origami/
1254,シルバニア 何 歳 から,390,3,0,18,http://ouchi-iku.com/toys/sylvanianfamilies-when/
1255,ハサミ一回切り,320,38,0,11,http://ouchi-iku.com/hasami-rensyuu/
1256,ふわふわとちくちく 絵本,320,24,0,13,http://ouchi-iku.com/fuwafuwa-to-chikuchiku/
1257,英語の絵本 おすすめ,880,28,0,13,http://ouchi-iku.com/easy-english-book/
1258,小学生絵,1600,38,0,13,http://ouchi-iku.com/contest-kids/
1259,1歳 おもちゃおすすめ,880,39,0,20,http://ouchi-iku.com/toys/1year-omocha/
1260,買ってよかったおもちゃ　1歳,590,41,0,25,http://ouchi-iku.com/toys/1year-omocha/
1261,おうち ごっこ,720,34,0,33,http://ouchi-iku.com/
1262,クリスマス 仕掛け 絵本,590,42,0,17,http://ouchi-iku.com/christmas-ehon-osusume/
1263,絵 コンクール 中学生,390,42,0,23,http://ouchi-iku.com/contest-kids/
1264,クリスマス靴下製作,390,32,0,14,http://ouchi-iku.com/diytoy/origami-christmas-socks/
1265,ミニピアノカワイ,320,22,0,18,http://ouchi-iku.com/toys/kawai-minipiano/
1266,ビーズアートシール 台紙 無料,320,40,0,24,http://ouchi-iku.com/seal-daishi-download/
1267,チクチクとふわふわ 絵本,320,26,0,15,http://ouchi-iku.com/fuwafuwa-to-chikuchiku/
1268,はさみ 一回切り,320,36,0,11,http://ouchi-iku.com/hasami-rensyuu/
1269,クリスマス 絵本 プレゼント,320,45,0,14,http://ouchi-iku.com/christmas-ehon-osusume/
1270,クリスマス 絵本 おすすめ,1000,50,0,17,http://ouchi-iku.com/christmas-ehon-osusume/
1271,ちくちく言葉 ふわふわ 言葉,1000,36,0,10,http://ouchi-iku.com/fuwafuwa-to-chikuchiku/
1272,モンテ棚,1300,36,0,16,http://ouchi-iku.com/montessori-shelf/
1273,コップがさね コンビ,480,11,0,17,http://ouchi-iku.com/toys/cup-stack-how-to-play/
1274,地球儀 おすすめ 小学生,320,24,0,20,http://ouchi-iku.com/globe-ranking/
1275,保育 シール貼り,390,32,0,14,http://ouchi-iku.com/seal-daishi-download/
1276,英語 の絵本 おすすめ,880,27,0,13,http://ouchi-iku.com/easy-english-book/
1277,おすすめ 英語 絵本,880,24,0,10,http://ouchi-iku.com/easy-english-book/
1278,新聞小学生,1300,31,0,43,http://ouchi-iku.com/kodomoshinbun-hikaku/
1279,kindle 育児,0,8,0,17,http://ouchi-iku.com/kindleunlimited-parenting/
1280,1歳　買ってよかったおもちゃ,590,36,0,17,http://ouchi-iku.com/toys/1year-omocha/
1281,3歳絵本 クリスマス,590,28,0,19,http://ouchi-iku.com/christmas-ehon-osusume/
1282,段ボール 本棚 作り方 簡単,390,4,0,20,http://ouchi-iku.com/bookshelf-diy/
1283,マグネット ブロック おすすめ,390,35,0,20,http://ouchi-iku.com/toys/chiiku-block/
1284,ペロペロキャンディー 製作 保育園,320,38,0,11,http://ouchi-iku.com/diytoy/origami-lollipop/
1285,トモイク,320,55,0,29,http://ouchi-iku.com/
1286,クリスマス 絵本おすすめ,1000,47,0,17,http://ouchi-iku.com/christmas-ehon-osusume/
1287,4歳 のクリスマスプレゼント,1300,26,0,19,http://ouchi-iku.com/toys/4years-christmaspure/
1288,印刷塗り絵,480,38,0,32,http://ouchi-iku.com/character-nurie/
1289,絵画コンクール 小学生 2026,390,38,0,22,http://ouchi-iku.com/contest-kids/
1290,小学生 コンクール 絵,880,44,0,19,http://ouchi-iku.com/contest-kids/
1291,お家 ごっこ,720,39,0,27,http://ouchi-iku.com/
1292,モンテッソーリ おもちゃ 0歳,480,21,0,13,http://ouchi-iku.com/monte-0year-diy/
1293,毎日 知育クイズ,320,36,0,24,http://ouchi-iku.com/
1294,ペロペロキャンディ 製作 保育,320,46,0,12,http://ouchi-iku.com/diytoy/origami-lollipop/
1295,2歳 クリスマスプレゼント,5400,38,0,17,http://ouchi-iku.com/toys/2years-christmaspure/
1296,絵手紙 小学生 コンクール,320,26,0,16,http://ouchi-iku.com/contest-kids/
1297,4歳児クリスマスプレゼント,480,42,0,23,http://ouchi-iku.com/toys/4years-christmaspure/
1298,中学生 絵画コンクール 募集,390,37,0,25,http://ouchi-iku.com/contest-kids/
1299,バランスイージーニトリ,320,26,0,18,http://ouchi-iku.com/balancechair-balanceeasy/
1300,2歳 プレゼント クリスマス,5400,36,0,17,http://ouchi-iku.com/toys/2years-christmaspure/
1301,絵画コンクール中学生,1000,40,0,17,http://ouchi-iku.com/contest-kids/
1302,絵のコンクール,1000,39,0,35,http://ouchi-iku.com/contest-kids/
1303,朝 小,1300,40,0,28,http://ouchi-iku.com/asahi-syougakusei-shinbun/
1304,小学生 絵画 コンクール,1300,41,0,12,http://ouchi-iku.com/contest-kids/
1305,クリスマス 2歳,590,56,0,17,http://ouchi-iku.com/toys/2years-christmaspure/
1306,知育ボックス おすすめ,390,29,0,18,http://ouchi-iku.com/toys/yamitsuki-box/
1307,ハロウィン 紙袋,390,45,0,17,http://ouchi-iku.com/diytoy/halloween-origami-treat-bag/
1308,はさみ一回切り 製作,390,42,0,12,http://ouchi-iku.com/hasami-rensyuu/
1309,長く 使える おもちゃ 1 歳,260,34,0,16,http://ouchi-iku.com/toys/1year-omocha/
1310,夏休み 絵,1600,38,0,16,http://ouchi-iku.com/contest-kids/
1311,ぬりえ 無料 印刷,1000,51,0,33,http://ouchi-iku.com/character-nurie/
1312,桑の木 剪定 図解,320,73,0,15,http://ouchi-iku.com/wp-content/uploads/2021/11/chigirie_tree.pdf
1313,ハサミ 一回切り,320,31,0,11,http://ouchi-iku.com/hasami-rensyuu/
1314,2歳 やっておけば よかった,1000,52,0,19,http://ouchi-iku.com/toys/2years-toys/
1315,絵 の コンクール 小学生,880,45,0,20,http://ouchi-iku.com/contest-kids/
1316,育育児の合間 学者 本,0,22,0,12,http://ouchi-iku.com/ikujisyo-meityo/
1317,クリスマスプレゼント 4 歳,590,35,0,23,http://ouchi-iku.com/toys/4years-christmaspure/
1318,アニメぬりえ 無料,480,33,0,30,http://ouchi-iku.com/character-nurie/
1319,日本の遊び 一覧,320,37,0,18,http://ouchi-iku.com/densyou-asobi/
1320,クリスマス絵本 おすすめ,1000,46,0,17,http://ouchi-iku.com/christmas-ehon-osusume/
1321,お 名前 シール 無料,1300,29,0,22,http://ouchi-iku.com/benesse-presentcampaign/
1322,絵 手紙 小学生 コンクール,320,29,0,14,http://ouchi-iku.com/contest-kids/
1323,クリスマスプレゼント 4歳児,480,40,0,19,http://ouchi-iku.com/toys/4years-christmaspure/
1324,折り紙 もみじ 切り方,390,15,0,31,http://ouchi-iku.com/diytoy/origami-momiji/
1325,2 歳 クリスマス プレゼント,5400,35,0,17,http://ouchi-iku.com/toys/2years-christmaspure/
1326,塗り絵 無料印刷,1000,44,0,40,http://ouchi-iku.com/character-nurie/
1327,日本 伝統 遊び,720,38,0,18,http://ouchi-iku.com/densyou-asobi/
1328,カレンダー手作り子ども,480,27,0,17,http://ouchi-iku.com/calender/
1329,クリスマス 簡単リース,390,24,0,26,http://ouchi-iku.com/diytoy/origami-wreath/
1330,クリスマスプレゼント絵本,320,51,0,17,http://ouchi-iku.com/christmas-ehon-osusume/
1331,サンリオ イングリッシュ,320,24,0,25,http://ouchi-iku.com/category/english-kyouzai/sanrio-englishmaster/
1332,クリスマス リース 製作 4 歳児,320,32,0,13,http://ouchi-iku.com/diytoy/origami-wreath/
1333,クリスマスプレゼント 2歳,1000,43,0,17,http://ouchi-iku.com/toys/2years-christmaspure/
1334,クリスマス プレゼント 2 歳,1000,43,0,17,http://ouchi-iku.com/toys/2years-christmaspure/
1335,3歳 絵 うまい,320,33,0,15,http://ouchi-iku.com/oekaki-hattatsu/
1336,絵画 コンクール 中学生,1000,47,0,24,http://ouchi-iku.com/contest-kids/
1337,ベネッセ お名前シール,880,28,0,23,http://ouchi-iku.com/benesse-presentcampaign/
1338,3歳クリスマス絵本,590,29,0,19,http://ouchi-iku.com/christmas-ehon-osusume/
1339,パズル 収納 ダイソー,590,10,0,18,http://ouchi-iku.com/puzzle-syunou/
1340,お名前シール無料ニトリ,480,34,0,12,http://ouchi-iku.com/benesse-presentcampaign/
1341,クリスマスリース　簡単,390,30,0,24,http://ouchi-iku.com/diytoy/origami-wreath/
1342,飴の包み紙,320,52,0,19,http://ouchi-iku.com/diytoy/origami-heart-candy-wrapping/
1343,スマイルゼミ　年少,320,33,0,35,http://ouchi-iku.com/smile-zemi-nensyo/
1344,クリスマス絵本おすすめ,1000,45,0,17,http://ouchi-iku.com/christmas-ehon-osusume/
1345,そろばん　使い方,1000,29,0,9,http://ouchi-iku.com/how-to-use-an-abacus/
1346,しまじろうのこどもちゃれんじ,1000,25,0,29,http://ouchi-iku.com/shimajirou-character/
1347,印刷 塗り絵,480,38,0,32,http://ouchi-iku.com/character-nurie/
1348,絵本 収納 無印,390,47,0,21,http://ouchi-iku.com/muji-toystorage/
1349,4歳児のクリスマスプレゼント,480,40,0,23,http://ouchi-iku.com/toys/4years-christmaspure/
1350,2歳クリスマス プレゼント,5400,36,0,17,http://ouchi-iku.com/toys/2years-christmaspure/
1351,クリスマス リース 手作り 子ども,1300,31,0,17,http://ouchi-iku.com/diytoy/origami-wreath/
1352,4 歳 クリスマス プレゼント,1300,25,0,18,http://ouchi-iku.com/toys/4years-christmaspure/
1353,ふわふわとチクチク,880,31,0,18,http://ouchi-iku.com/fuwafuwa-to-chikuchiku/
1354,おすすめ おもちゃ 1歳,880,33,0,17,http://ouchi-iku.com/toys/1year-omocha/
1355,鉄棒 みのむし,590,38,0,16,http://ouchi-iku.com/wp-content/uploads/2022/10/%E3%83%9F%E3%83%8E%E3%83%A0%E3%82%B7%E5%B7%A5%E4%BD%9C%E7%B4%99.pdf
1356,クリスマス 絵本 3 歳,590,33,0,19,http://ouchi-iku.com/christmas-ehon-osusume/
1357,コンビ コップがさね,480,11,0,20,http://ouchi-iku.com/toys/cup-stack-how-to-play/
1358,クリスマス 靴下 製作,390,34,0,14,http://ouchi-iku.com/diytoy/origami-christmas-socks/
1359,拘縮予防にぎにぎ手作り,320,47,0,14,http://ouchi-iku.com/candy-niginigi/
1360,妊婦 無料プレゼント 全員,320,32,0,31,http://ouchi-iku.com/premama-present/
1361,goomies,320,20,0,29,http://ouchi-iku.com/goomies-dvd/
1362,はじめて ず かん 1000 と1500の違い,320,25,0,24,http://ouchi-iku.com/mainichino-kotobazukan1500/
1363,ぬりえ 無料印刷,1000,51,0,33,http://ouchi-iku.com/character-nurie/
1364,栗の木 剪定 図解,320,61,0,17,http://ouchi-iku.com/wp-content/uploads/2021/11/chigirie_tree.pdf
1365,色塗り キャラクター,390,21,0,28,http://ouchi-iku.com/character-nurie/
1366,ぬりえ公式,320,54,0,39,http://ouchi-iku.com/character-nurie/
1367,ハロウィン 紙袋手作り,320,25,0,22,http://ouchi-iku.com/diytoy/halloween-origami-treat-bag/
1368,スマイルゼミ チャレンジ比較,320,55,0,10,http://ouchi-iku.com/smilezemi-kodomochallenge/
1369,1歳おすすめ おもちゃ,880,40,0,20,http://ouchi-iku.com/toys/1year-omocha/
1370,2歳クリスマス絵本,880,38,0,16,http://ouchi-iku.com/christmas-ehon-osusume/
1371,クリスマス 仕掛け絵本,590,43,0,17,http://ouchi-iku.com/christmas-ehon-osusume/
1372,3歳 絵本 クリスマス,590,32,0,19,http://ouchi-iku.com/christmas-ehon-osusume/
1373,塗り絵 印刷,480,29,0,29,http://ouchi-iku.com/character-nurie/
1374,くもん 地図パズル,480,11,0,33,http://ouchi-iku.com/toys/kumon-nihonchizu/
1375,子どもの絵画,390,35,0,29,http://ouchi-iku.com/contest-kids/
1376,スマイルゼミ こどもちゃれんじ,320,24,0,20,http://ouchi-iku.com/smilezemi-kodomochallenge/
1377,モビールとは,2400,30,0,14,http://ouchi-iku.com/montessori-mobile/
1378,幼児に英語,0,29,0,30,http://ouchi-iku.com/category/english-kyouzai/
1379,2 歳児 クリスマスプレゼント,1900,40,0,18,http://ouchi-iku.com/toys/2years-christmaspure/
1380,夏休み絵,1600,33,0,15,http://ouchi-iku.com/contest-kids/
1381,はさみ 一回切り プリント,390,15,0,13,http://ouchi-iku.com/hasami-rensyuu/
1382,ちくちく言葉絵本,390,23,0,18,http://ouchi-iku.com/fuwafuwa-to-chikuchiku/
1383,クリスマスプレゼント 4歳,590,46,0,22,http://ouchi-iku.com/toys/4years-christmaspure/
1384,ぬりえ 公式,320,52,0,38,http://ouchi-iku.com/character-nurie/
1385,初めてハサミ,390,32,0,15,http://ouchi-iku.com/hasami-rensyuu/
1386,クリスマス絵本,5400,45,0,15,http://ouchi-iku.com/christmas-ehon-osusume/
1387,日本の遊び 伝統,720,34,0,15,http://ouchi-iku.com/densyou-asobi/
1388,買ってよかった おもちゃ 1歳,590,43,0,19,http://ouchi-iku.com/toys/1year-omocha/
1389,夏休み小学生絵,590,27,0,14,http://ouchi-iku.com/contest-kids/
1390,ハサミの 使い方,590,55,0,11,http://ouchi-iku.com/hasami-rensyuu/
1391,お約束 絵本,590,43,0,25,http://ouchi-iku.com/oyakusokuehon/
1392,クリスマス制作 3 歳児,390,23,0,13,http://ouchi-iku.com/diytoy/easy-christmas-origami/
1393,クリスマス絵本 プレゼント,320,46,0,14,http://ouchi-iku.com/christmas-ehon-osusume/
1394,クリスマス プレゼント 絵本,320,51,0,17,http://ouchi-iku.com/christmas-ehon-osusume/
1395,クリスマス の 絵本 おすすめ,1000,45,0,17,http://ouchi-iku.com/christmas-ehon-osusume/
1396,塗り絵無料プリント,320,54,0,38,http://ouchi-iku.com/character-nurie/
1397,みい つけ た ぬりえ,320,35,0,16,http://ouchi-iku.com/ehon-nurie/
1398,こどもちゃれんじ タブレット 年少,320,28,0,29,http://ouchi-iku.com/smilezemi-kodomochallenge/
1399,全国小学生 絵画コンクール,320,41,0,33,http://ouchi-iku.com/contest-kids/
1400,日本 の 遊び 一覧,320,37,0,28,http://ouchi-iku.com/densyou-asobi/
1401,ヨコミネ式とは,1300,34,0,10,http://ouchi-iku.com/about-yokomineshiki/
1402,おうち学習キッズ,1300,36,0,24,http://ouchi-iku.com/
1403,絵本 クリスマスプレゼント,320,45,0,18,http://ouchi-iku.com/christmas-ehon-osusume/
1404,スマイルゼミ 兄弟,480,45,0,23,http://ouchi-iku.com/smilezemi-syoukai/
1405,3歳 誕生日プレゼント おもちゃ以外,390,35,0,17,http://ouchi-iku.com/toys/3years-tanpure/
1406,チクチク 言葉 絵本,390,30,0,15,http://ouchi-iku.com/fuwafuwa-to-chikuchiku/
1407,中学生 絵画 コンクール 募集,390,37,0,25,http://ouchi-iku.com/contest-kids/
1408,絵本 クリスマス おすすめ,1000,47,0,15,http://ouchi-iku.com/christmas-ehon-osusume/
1409,ファーストトイとは,1000,42,0,11,http://ouchi-iku.com/toys/first-toy/
1410,中学校 絵画コンクール,1000,50,0,12,http://ouchi-iku.com/contest-kids/
1411,時計 教え方,720,28,0,24,http://ouchi-iku.com/read-the-clock/
1412,オススメ 鉛筆,590,29,0,22,http://ouchi-iku.com/enpitsu/
1413,アイスクリーム 製作 立体,480,11,0,11,http://ouchi-iku.com/diytoy/origami-icecream/
1414,ぬりえ 印刷,480,45,0,35,http://ouchi-iku.com/character-nurie/
1415,日本の遊び一覧,320,30,0,28,http://ouchi-iku.com/densyou-asobi/
1416,アイロンビーズとは,320,41,0,24,http://ouchi-iku.com/water-beads-ironbeads/
1417,しましま とら のしまじろう キャスト,320,25,0,22,http://ouchi-iku.com/shimajirou-character/
1418,スマイル ゼミ 年少,320,33,0,35,http://ouchi-iku.com/smile-zemi-nensyo/
1419,幼児 英語,0,32,0,17,http://ouchi-iku.com/category/english-kyouzai/
1420,カワイミニピアノ　どれがいい,480,52,0,16,http://ouchi-iku.com/toys/kawai-minipiano/
1421,チャレンジパッド 第6世代 口コミ,480,37,0,18,http://ouchi-iku.com/kodomochallenge-touch/
1422,おもちゃ棚 モンテッソーリ,480,42,0,15,http://ouchi-iku.com/montessori-shelf/
1423,バランス イージー ニトリ,320,26,0,18,http://ouchi-iku.com/balancechair-balanceeasy/
1424,ハロウィン紙袋 手作り,320,30,0,19,http://ouchi-iku.com/diytoy/halloween-origami-treat-bag/
1425,ハロウィンの袋,590,41,0,16,http://ouchi-iku.com/diytoy/halloween-origami-treat-bag/
1426,クリスマスブーツ 製作,720,30,0,13,http://ouchi-iku.com/diytoy/origami-christmas-boots/
1427,ワンダーボックス口コミ,590,25,0,10,http://ouchi-iku.com/category/youji-kyouzai/wonder-box/
1428,毎日知育クイズ,320,35,0,24,http://ouchi-iku.com/
1429,アクタス ランドセル 2027,320,46,0,15,http://ouchi-iku.com/actus-schoolbag/
1430,サンタさん 製作 2歳児,320,51,0,15,http://ouchi-iku.com/diytoy/easy-2-piece-origami-santa-claus/
1431,長く使える おもちゃ 1歳,260,38,0,16,http://ouchi-iku.com/toys/1year-omocha/
1432,絵画コンクール 小学生,1300,27,0,31,http://ouchi-iku.com/contest-kids/
1433,知育ブロック,880,35,0,16,http://ouchi-iku.com/toys/chiiku-block/
1434,ハロウィン紙袋手作り,320,30,0,19,http://ouchi-iku.com/diytoy/halloween-origami-treat-bag/
1435,買ってよかったおもちゃ1歳,590,21,0,18,http://ouchi-iku.com/toys/1year-omocha/
1436,保育カレンダー,480,44,0,15,http://ouchi-iku.com/calender/
1437,プラレール収納 無印,390,52,0,22,http://ouchi-iku.com/muji-toystorage/
1438,ダンボール 棚 自作,390,11,0,32,http://ouchi-iku.com/bookshelf-diy/
1439,キャンディ ラッピング,390,23,0,14,http://ouchi-iku.com/diytoy/origami-heart-candy-wrapping/
1440,2歳児 クリスマスプレゼント,1900,40,0,18,http://ouchi-iku.com/toys/2years-christmaspure/
1441,夏休み 過ごし 方,1000,27,0,16,http://ouchi-iku.com/youchien-natsuyasumi/
