No,Keywords,Volume,Position,Est. Visits,Seo Difficulty,Ranking Url
1,ガンプラ,368000,1,152561,63,http://bandai-hobby.net/gunpla/
2,mg,110000,1,19365,60,http://bandai-hobby.net/brand/mg/
3,バンダイ,165000,2,17624,73,http://bandai-hobby.net/
4,ガンプラ 再販,165000,3,11682,27,http://bandai-hobby.net/notice/01_6676/
5,ガンプラ再販,165000,3,11644,29,http://bandai-hobby.net/notice/01_6676/
6,プラモデル,135000,2,10940,42,http://bandai-hobby.net/characterplastic/
7,ガンプラ発売日,22200,1,7806,37,http://bandai-hobby.net/schedule/
8,30mm,27100,1,7775,33,http://bandai-hobby.net/brand/30mm/
9,ぎゃん,27100,1,7775,39,http://bandai-hobby.net/item/01_5952/
10,ホビー,27100,1,7553,70,http://bandai-hobby.net/
11,クシャトリヤ,22200,1,7390,20,http://bandai-hobby.net/item/01_7135/
12,ハイニューガンダム,18100,1,7039,36,http://bandai-hobby.net/item/01_3524/
13,ガンプラ新作,18100,1,7039,51,http://bandai-hobby.net/schedule/
14,ガンプラ 新作,18100,1,6941,51,http://bandai-hobby.net/schedule/
15,かとき,22200,1,6153,37,http://bandai-hobby.net/brand/mgka/
16,ニューガンダム,22200,1,6153,43,http://bandai-hobby.net/site/pgu-rx93/
17,ガンプラ 再販 1月,12100,1,5513,17,http://bandai-hobby.net/schedule/
18,ガンプラ 再販1月,12100,1,5440,17,http://bandai-hobby.net/schedule/
19,ガンプラ 再販 3 月,14800,1,5409,23,http://bandai-hobby.net/schedule/
20,ガンプラ 再販 2 月,12100,1,5366,29,http://bandai-hobby.net/schedule/
21,ガンダムザガン,9900,1,5284,38,http://bandai-hobby.net/item/01_6773/
22,シャア専用ザク,12100,1,5218,34,http://bandai-hobby.net/item/01_2805/
23,ネオジオング,12100,1,5218,23,http://bandai-hobby.net/item/01_132/
24,ガンプラ1月再販,12100,1,5218,19,http://bandai-hobby.net/schedule/
25,ガンプラ再販 1 月,12100,1,5172,19,http://bandai-hobby.net/schedule/
26,ガンプラ 2 月 再販,12100,1,5172,30,http://bandai-hobby.net/schedule/
27,ガンプラ 再販 1 月,12100,1,5172,17,http://bandai-hobby.net/schedule/
28,ガンプラ 2月 再販,12100,1,5172,24,http://bandai-hobby.net/schedule/
29,ヒュウガ,14800,1,5131,40,http://bandai-hobby.net/item/01_5971/
30,mgsd,14800,1,5131,22,http://bandai-hobby.net/brand/mgsd/
31,ガンダム ザガン,9900,1,5105,38,http://bandai-hobby.net/item/01_6773/
32,ガンプラ1月 再販,12100,1,5100,19,http://bandai-hobby.net/schedule/
33,ガンプラ2月 再販,12100,1,5100,24,http://bandai-hobby.net/schedule/
34,30mf,14800,1,5064,20,http://bandai-hobby.net/brand/30mf/
35,ガンプラ mg,12100,1,4966,34,http://bandai-hobby.net/brand/mg/
36,mg ガンプラ,12100,1,4966,33,http://bandai-hobby.net/brand/mg/
37,hgガンプラ,9900,1,4957,36,http://bandai-hobby.net/brand/hg/
38,ポケプラ,9900,1,4950,26,http://bandai-hobby.net/site/pokemon/pokepla/
39,hobby,9900,1,4950,82,http://bandai-hobby.net/
40,r gガンプラ,9900,1,4839,25,http://bandai-hobby.net/brand/rg/
41,ガンプラ hg,9900,1,4764,42,http://bandai-hobby.net/brand/hg/
42,エヴァ プラモ,9900,1,4764,24,http://bandai-hobby.net/series/evangelion/
43,ガンプラ rg,9900,1,4764,31,http://bandai-hobby.net/brand/rg/
44,rg ガンプラ,9900,1,4764,30,http://bandai-hobby.net/brand/rg/
45,アリュゼウス hg,8100,1,4734,33,http://bandai-hobby.net/item/01_7092/
46,バンダイ プラモデル,8100,1,4659,64,http://bandai-hobby.net/schedule/
47,マスターグレード,8100,1,4521,36,http://bandai-hobby.net/brand/mg/
48,ガルスj,8100,1,4521,34,http://bandai-hobby.net/item/01_5963/
49,ディープストライカー,8100,1,4521,23,http://bandai-hobby.net/item/01_1291/
50,パーフェクトジオング,8100,1,4521,24,http://bandai-hobby.net/item/01_3615/
51,ゼウスシルエット,8100,1,4521,37,http://bandai-hobby.net/item/01_5374/
52,rgサザビー,8100,1,4521,38,http://bandai-hobby.net/item/01_1408/
53,ガンダムアッセンブル,8100,1,4521,26,http://bandai-hobby.net/site/gundam-assemble/
54,ジークアクス,110000,3,4498,44,http://bandai-hobby.net/site/gquuuuuux/
55,あっせん ぶる,8100,1,4361,21,http://bandai-hobby.net/site/gundam-assemble/
56,rg サザビー,8100,1,4361,37,http://bandai-hobby.net/item/01_1408/
57,ポケモン プラモデル,8100,1,4361,18,http://bandai-hobby.net/site/pokemon/pokepla/
58,エグザベ専用ギャン,9900,1,4032,19,http://bandai-hobby.net/item/01_5952/
59,デスサイズガンダム,9900,1,4032,17,http://bandai-hobby.net/item/01_3420/
60,ウィングガンダムゼロカスタム,9900,1,4032,42,http://bandai-hobby.net/item/01_2981/
61,ガンダムセンチネル,8100,1,3726,44,http://bandai-hobby.net/series/sentinel/
62,センチネルガンダム,8100,1,3726,25,http://bandai-hobby.net/series/sentinel/
63,ガンダムウイングゼロカスタム,8100,1,3726,43,http://bandai-hobby.net/item/01_2981/
64,ガンダム デスサイズ,8100,1,3518,28,http://bandai-hobby.net/item/01_3420/
65,センチネル ガンダム,8100,1,3518,27,http://bandai-hobby.net/series/sentinel/
66,ガンダム センチネル,8100,1,3518,44,http://bandai-hobby.net/series/sentinel/
67,デスサイズ ガンダム,8100,1,3518,26,http://bandai-hobby.net/item/01_3420/
68,プラモ発売日,6600,1,3135,37,http://bandai-hobby.net/schedule/
69,ホビーサイト,6600,1,3135,65,http://bandai-hobby.net/
70,プラモデル発売日,6600,1,3135,38,http://bandai-hobby.net/schedule/
71,フルアーマーzzガンダム ver ka,6600,1,3110,20,http://bandai-hobby.net/item/01_6875/
72,プラモデル 発売日,6600,1,3037,34,http://bandai-hobby.net/schedule/
73,プラモ 発売日,6600,1,3037,27,http://bandai-hobby.net/schedule/
74,バンダイホビー,6600,1,2674,43,http://bandai-hobby.net/
75,デルタガンダム,6600,1,2664,20,http://bandai-hobby.net/item/01_5742/
76,スティールヘイズ,6600,1,2664,32,http://bandai-hobby.net/item/01_5267/
77,ホビー バンダイ,6600,1,2602,48,http://bandai-hobby.net/
78,バイアラン,6600,1,2594,29,http://bandai-hobby.net/item/01_1395/
79,ハイゴッグ,6600,1,2594,29,http://bandai-hobby.net/item/01_2640/
80,プラコロ,6600,1,2594,23,http://bandai-hobby.net/site/pokemon/plakoro/
81,ターンx mg,6600,1,2491,36,http://bandai-hobby.net/item/01_120/
82,rx 78 2,6600,1,2489,39,http://bandai-hobby.net/site/rg/rx-78-2_ver2/
83,マルコシアス,6600,1,2419,27,http://bandai-hobby.net/item/01_2681/
84,デルタ ガンダム,6600,1,2416,21,http://bandai-hobby.net/item/01_5742/
85,ガンダム デルタ,6600,1,2416,20,http://bandai-hobby.net/item/01_5742/
86,コアファイター,6600,1,2414,29,http://bandai-hobby.net/item/01_5691/
87,ブラックナイト ス コードカルラ,6600,1,2191,15,http://bandai-hobby.net/item/01_5363/
88,仮面ライダー プラモデル,5400,1,2158,22,http://bandai-hobby.net/series/rider/
89,ウイングガンダムゼロ ew,6600,1,2118,37,http://bandai-hobby.net/item/01_2981/
90,rg ジオング,5400,1,2084,21,http://bandai-hobby.net/item/01_3306/
91,bb戦士,5400,1,2048,25,http://bandai-hobby.net/brand/bb/
92,プラモアーマードコア,5400,1,2048,22,http://bandai-hobby.net/site/30minutes_missions/armoredcore/
93,ガンダム7号機,5400,1,2048,22,http://bandai-hobby.net/item/01_6987/
94,バンダイ プレミアム ガンプラ,27100,2,2008,22,http://bandai-hobby.net/gunpla/
95,エピオン,5400,1,1982,39,http://bandai-hobby.net/item/01_4923/
96,イングラム,5400,1,1982,20,http://bandai-hobby.net/item/01_7109/
97,ガブスレイ,5400,1,1978,21,http://bandai-hobby.net/item/01_5245/
98,ジュアッグ,5400,1,1978,36,http://bandai-hobby.net/item/01_5750/
99,ゾゴック,5400,1,1978,20,http://bandai-hobby.net/item/01_5854/
100,千年パズル,5400,1,1977,26,http://bandai-hobby.net/site/ultimagear/millenniumpuzzle/
101,バンダイ発売日,4400,1,1935,40,http://bandai-hobby.net/schedule/
102,インフィニットジャスティス弐式,4400,1,1935,35,http://bandai-hobby.net/item/01_5208/
103,プラモデルスターウォーズ,4400,1,1935,32,http://bandai-hobby.net/series/starwars/
104,ガンダムサンドロック,4400,1,1922,40,http://bandai-hobby.net/item/01_7017/
105,グレイズアイン,4400,1,1911,17,http://bandai-hobby.net/item/01_523/
106,rgジオング,4400,1,1911,27,http://bandai-hobby.net/item/01_3306/
107,スーパーガンダム,4400,1,1911,29,http://bandai-hobby.net/item/01_2126/
108,フィギュアライズスタンダード,4400,1,1911,23,http://bandai-hobby.net/brand/figurerise-standard/
109,ガンダムヴァサーゴ,4400,1,1911,22,http://bandai-hobby.net/item/01_7249/
110,ガンプラ部品注文,4400,1,1911,16,http://bandai-hobby.net/customer_support/
111,プロトタイプガンダム,4400,1,1911,27,http://bandai-hobby.net/item/01_3913/
112,pgニューガンダム,4400,1,1911,41,http://bandai-hobby.net/site/pgu-rx93/
113,バンダイ発売カレンダー,4400,1,1911,38,http://bandai-hobby.net/schedule/
114,アルケーガンダム,4400,1,1911,34,http://bandai-hobby.net/item/01_926/
115,ローゼンズール,4400,1,1911,16,http://bandai-hobby.net/item/01_5773/
116,ジムスナイパー 2,5400,1,1897,39,http://bandai-hobby.net/item/01_5768/
117,フルアーマー ガンダム サンダーボルト,4400,1,1892,22,http://bandai-hobby.net/item/01_525/
118,ガンダム 7号機,5400,1,1872,25,http://bandai-hobby.net/item/01_6987/
119,ウイングガンダムゼロ rg,5400,1,1872,25,http://bandai-hobby.net/item/01_5968/
120,宇宙戦艦ヤマト プラモデル,5400,1,1872,30,http://bandai-hobby.net/series/yamato/
121,ガンダム 7 号機,5400,1,1854,22,http://bandai-hobby.net/item/01_6987/
122,ギラズール,4400,1,1845,21,http://bandai-hobby.net/item/01_5664/
123,ドライセン,4400,1,1841,21,http://bandai-hobby.net/item/01_56/
124,バンダイ プラモ発売日,4400,1,1835,30,http://bandai-hobby.net/schedule/
125,フルアーマーガンダム サンダーボルト,4400,1,1835,22,http://bandai-hobby.net/item/01_525/
126,スターウォーズ プラモデル,4400,1,1835,23,http://bandai-hobby.net/series/starwars/
127,サンダーボルト フルアーマーガンダム,4400,1,1835,25,http://bandai-hobby.net/item/01_525/
128,部品注文 ガンプラ,4400,1,1835,16,http://bandai-hobby.net/customer_support/
129,ガンプラ 部品注文,4400,1,1835,13,http://bandai-hobby.net/customer_support/
130,インフィニット ジャスティス 弐式,4400,1,1817,35,http://bandai-hobby.net/item/01_5208/
131,サンダー ボルト フル アーマー ガンダム,4400,1,1817,22,http://bandai-hobby.net/item/01_525/
132,部品 注文 ガンプラ,4400,1,1817,13,http://bandai-hobby.net/customer_support/
133,ペーネロペー hg,5400,1,1797,38,http://bandai-hobby.net/item/01_2443/
134,ガンプラ ジークアクス,5400,1,1797,25,http://bandai-hobby.net/site/gquuuuuux/
135,ローゼン ズール,5400,1,1797,17,http://bandai-hobby.net/item/01_5773/
136,mg ジオ,5400,1,1797,40,http://bandai-hobby.net/item/01_1463/
137,バンダイ プラモデル 発売日,4400,1,1792,38,http://bandai-hobby.net/schedule/
138,シュツルム ガルス,4400,1,1760,29,http://bandai-hobby.net/item/01_146/
139,30mm アーマードコア,4400,1,1735,25,http://bandai-hobby.net/site/30minutes_missions/armoredcore/
140,アーマードコア プラモ,4400,1,1735,24,http://bandai-hobby.net/site/30minutes_missions/armoredcore/
141,ガンプラ パーツ注文,4400,1,1735,19,http://bandai-hobby.net/customer_support/
142,ハイニューガンダム rg,4400,1,1735,38,http://bandai-hobby.net/item/01_3524/
143,バンダイ 発売日,4400,1,1735,28,http://bandai-hobby.net/schedule/
144,ガンプラ パーツ 注文,4400,1,1717,15,http://bandai-hobby.net/customer_support/
145,カイゼル グレイモン,4400,1,1695,18,http://bandai-hobby.net/item/01_5983/
146,mgsd バルバトス,5400,1,1674,20,http://bandai-hobby.net/item/01_4994/
147,ジム コマンドー,5400,1,1674,41,http://bandai-hobby.net/item/01_3335/
148,ガンダム ヴァサーゴ,4400,1,1660,22,http://bandai-hobby.net/item/01_7249/
149,プラコロ ポケモン,4400,1,1660,23,http://bandai-hobby.net/site/pokemon/plakoro/
150,バンダイ ガンプラ,4400,1,1660,54,http://bandai-hobby.net/gunpla/
151,ヴァーチェ ガンダム,4400,1,1660,35,http://bandai-hobby.net/item/01_3656/
152,バーチェ ガンダム,4400,1,1660,36,http://bandai-hobby.net/item/01_3656/
153,リンクルプラネット,5400,1,1590,43,http://bandai-hobby.net/site/plamogirlsproject/linklplanet/
154,ヴァサーゴ ガンダム,4400,1,1537,27,http://bandai-hobby.net/item/01_7249/
155,30 minutes missions,3600,1,1504,25,http://bandai-hobby.net/site/30minutes_missions/
156,ピカちんキット,4400,1,1493,35,http://bandai-hobby.net/series/pikachin-kit/
157,ピカちん キット,4400,1,1481,40,http://bandai-hobby.net/series/pikachin-kit/
158,バンダイ新商品,3600,1,1453,42,http://bandai-hobby.net/schedule/
159,ガンダムレオパルド,3600,1,1439,22,http://bandai-hobby.net/item/01_7125/
160,フェネクスガンダム,3600,1,1403,21,http://bandai-hobby.net/item/01_1392/
161,mgシナンジュ,3600,1,1403,30,http://bandai-hobby.net/item/01_5788/
162,クロスボーンガンダムx1,3600,1,1403,28,http://bandai-hobby.net/item/01_2251/
163,サザビーrg,3600,1,1403,37,http://bandai-hobby.net/item/01_1408/
164,ドラゴンボールプラモデル,3600,1,1403,23,http://bandai-hobby.net/site/dragonball.html
165,フルアーマーユニコーン,3600,1,1403,23,http://bandai-hobby.net/item/01_5726/
166,エントリーグレード,3600,1,1403,25,http://bandai-hobby.net/site/entry_grade/
167,トライエイジガンダム,3600,1,1403,29,http://bandai-hobby.net/item/01_3072/
168,リアルグレード,3600,1,1403,34,http://bandai-hobby.net/brand/rg/
169,バンダイ 新商品,3600,1,1352,43,http://bandai-hobby.net/schedule/
170,rgガンダム ver2,3600,1,1352,36,http://bandai-hobby.net/item/01_5261/
171,ガンプラ 1月 再販,12100,2,1340,12,http://bandai-hobby.net/news/01_6901/
172,ガンプラ 再販 2月,12100,2,1338,19,http://bandai-hobby.net/schedule/
173,ゼクアイン,3600,1,1337,32,http://bandai-hobby.net/item/01_1310/
174,gunpla,3600,1,1337,48,http://bandai-hobby.net/gunpla/
175,ガンプラ6月 再販,18100,3,1336,11,http://bandai-hobby.net/news/01_7291/
176,バンダイ 新 商品,3600,1,1334,54,http://bandai-hobby.net/schedule/
177,rg ガンダム ver2,3600,1,1334,38,http://bandai-hobby.net/item/01_5261/
178,キュベレイ,22200,2,1334,38,http://bandai-hobby.net/item/01_457/
179,sdcs,3600,1,1333,24,http://bandai-hobby.net/brand/sdcs/
180,ザク2,3600,1,1332,36,http://bandai-hobby.net/item/01_3669/
181,ズゴックe,3600,1,1332,30,http://bandai-hobby.net/item/01_2705/
182,マシュ,18100,3,1320,30,http://bandai-hobby.net/item/01_7132/
183,ガンプラ 3月 再販,14800,2,1299,23,http://bandai-hobby.net/schedule/
184,ガンプラ 再販 8 月,14800,2,1297,16,http://bandai-hobby.net/schedule/
185,mg バルバトス,3600,1,1278,32,http://bandai-hobby.net/item/01_2492/
186,ドラゴンボール プラモデル,3600,1,1278,20,http://bandai-hobby.net/site/dragonball.html
187,ガンプラ 再販2月,12100,2,1266,19,http://bandai-hobby.net/schedule/
188,グスタフカール,18100,3,1231,35,http://bandai-hobby.net/item/01_6873/
189,pg ユニコーンガンダム,3600,1,1227,32,http://bandai-hobby.net/brand/pg/
190,クロスボーン ガンダムx1,3600,1,1227,28,http://bandai-hobby.net/item/01_2251/
191,バンダイ 部品注文,3600,1,1227,13,http://bandai-hobby.net/customer_support/
192,ガンプラ11月 再販,14800,2,1226,17,http://bandai-hobby.net/schedule/
193,ガンプラ3月 再販,14800,2,1226,23,http://bandai-hobby.net/schedule/
194,ガンプラ 3月再販,14800,2,1226,24,http://bandai-hobby.net/schedule/
195,パーフェクト ジオング,9900,2,1214,30,http://bandai-hobby.net/item/01_3615/
196,クロス ボーン ガンダム x1,3600,1,1209,35,http://bandai-hobby.net/item/01_2251/
197,サイコ ザク,12100,2,1189,32,http://bandai-hobby.net/item/01_549/
198,ホビーオンラインショップ,14800,2,1176,58,http://bandai-hobby.net/
199,ガンプラ3月再販,14800,2,1176,23,http://bandai-hobby.net/schedule/
200,アレクサンダ,9900,2,1175,34,http://bandai-hobby.net/item/01_4866/
201,rg ウイングガンダムゼロ ew,2900,1,1165,35,http://bandai-hobby.net/item/01_251/
202,サザビー rg,3600,1,1152,38,http://bandai-hobby.net/item/01_1408/
203,fazz mg,3600,1,1152,37,http://bandai-hobby.net/item/01_2584/
204,ガンプラ pg,3600,1,1152,20,http://bandai-hobby.net/brand/pg/
205,mg シナンジュ,3600,1,1152,35,http://bandai-hobby.net/item/01_5788/
206,フェネクス ガンダム,3600,1,1152,29,http://bandai-hobby.net/item/01_1392/
207,hg ナイチンゲール,3600,1,1152,38,http://bandai-hobby.net/item/01_3506/
208,デジモン プラモデル,3600,1,1152,19,http://bandai-hobby.net/series/digimon/
209,メッサーラ,12100,2,1150,35,http://bandai-hobby.net/item/01_5816/
210,eg ウイングガンダム,2900,1,1140,36,http://bandai-hobby.net/item/01_6753/
211,rgガンダム,2900,1,1130,39,http://bandai-hobby.net/brand/rg/
212,エンディミオンユニット,9900,2,1127,26,http://bandai-hobby.net/item/01_6865/
213,軽キャノン,9900,2,1127,28,http://bandai-hobby.net/item/01_5951/
214,ガンプラ8月再販,14800,2,1120,16,http://bandai-hobby.net/schedule/
215,カバカーリー,2900,1,1085,34,http://bandai-hobby.net/item/01_363/
216,ギャン シュトローム,2900,1,1078,36,http://bandai-hobby.net/item/01_5206/
217,シャイニングガンダム rg,2900,1,1078,38,http://bandai-hobby.net/item/01_5544/
218,mgex,2900,1,1075,23,http://bandai-hobby.net/brand/mgex/
219,シュツルムディアス,2900,1,1062,36,http://bandai-hobby.net/item/01_3713/
220,エールストライクガンダム,2900,1,1062,18,http://bandai-hobby.net/item/01_48/
221,ガンダムデルタカイ,2900,1,1062,27,http://bandai-hobby.net/item/01_5772/
222,デルタガンダムカイ,2900,1,1062,31,http://bandai-hobby.net/item/01_5772/
223,ザク3,2900,1,1062,36,http://bandai-hobby.net/item/01_689/
224,ジム改,2900,1,1062,37,http://bandai-hobby.net/item/01_1763/
225,gundam f91 mg,2900,1,1058,29,http://bandai-hobby.net/item/01_1349/
226,ガンダム ユニコーン プラモデル,2900,1,1058,24,http://bandai-hobby.net/series/unicorn/
227,mgドム,2400,1,1054,37,http://bandai-hobby.net/item/01_3754/
228,ガンキャノン量産型,2400,1,1054,25,http://bandai-hobby.net/item/01_3081/
229,新作プラモデル,2400,1,1054,38,http://bandai-hobby.net/schedule/
230,アチェルビー,2400,1,1054,21,http://bandai-hobby.net/item/01_4996/
231,ストライクフリーダム hg,2400,1,1052,20,http://bandai-hobby.net/item/01_725/
232,ガンプラ 最新情報,2400,1,1052,44,http://bandai-hobby.net/schedule/
233,ダブルオー スカイ,2400,1,1052,36,http://bandai-hobby.net/item/01_1409/
234,30mm オプションパーツセット,2400,1,1052,27,http://bandai-hobby.net/site/30minutes_missions/lineup.html
235,オシリスの天空竜 プラモデル,2400,1,1052,22,http://bandai-hobby.net/blog/01_7163/
236,ガンプラ再販 2 月,12100,2,1044,25,http://bandai-hobby.net/schedule/
237,パーフェクトグレード,2900,1,1037,21,http://bandai-hobby.net/brand/pg/
238,ガンダムユニコーンプラモデル,2900,1,1037,23,http://bandai-hobby.net/series/unicorn/
239,ユニコーンガンダムプラモデル,2900,1,1037,29,http://bandai-hobby.net/series/unicorn/
240,rジャジャ,2900,1,1037,23,http://bandai-hobby.net/item/01_2079/
241,ガンダムグシオン,2900,1,1037,21,http://bandai-hobby.net/item/01_450/
242,ロックスミス,2900,1,1037,29,http://bandai-hobby.net/item/01_6945/
243,ウイングガンダムew,2900,1,1037,34,http://bandai-hobby.net/item/01_466/
244,ガンダムラファエル,2900,1,1037,36,http://bandai-hobby.net/item/01_955/
245,ガンダムエールストライク,2900,1,1037,18,http://bandai-hobby.net/item/01_48/
246,アストレイレッドフレーム,2900,1,1037,17,http://bandai-hobby.net/item/01_7269/
247,ガンダムレギルス,2900,1,1037,25,http://bandai-hobby.net/item/01_3605/
248,シャア専用ゲルググ,2900,1,1037,25,http://bandai-hobby.net/item/01_1659/
249,rg ガンダム,2900,1,1033,32,http://bandai-hobby.net/brand/rg/
250,ジークアクス ドム,2900,1,1033,30,http://bandai-hobby.net/item/01_5986/
251,mg ジオング,2900,1,1033,22,http://bandai-hobby.net/item/01_1877/
252,ザク 2,3600,1,1029,26,http://bandai-hobby.net/item/01_3669/
253,水星の魔女 ガンプラ,3600,1,1029,21,http://bandai-hobby.net/series/g-witch/
254,レオパルド ガンダム,3600,1,1029,22,http://bandai-hobby.net/item/01_7125/
255,バイアラン カスタム,8100,2,1011,37,http://bandai-hobby.net/item/01_5769/
256,ガンプラ再販 6 月,12100,3,990,18,http://bandai-hobby.net/schedule/
257,ジムクゥエル,2900,1,987,39,http://bandai-hobby.net/item/01_1641/
258,ハイゴック,2900,1,987,21,http://bandai-hobby.net/item/01_2640/
259,シンマツナガ,2900,1,987,25,http://bandai-hobby.net/site/acepilot/profile/profile_shinmatsunaga.html
260,30ml,2900,1,987,39,http://bandai-hobby.net/30ML/
261,プラモデル ガンダムユニコーン,2900,1,971,23,http://bandai-hobby.net/series/unicorn/
262,ウィングガンダム ew,2900,1,971,27,http://bandai-hobby.net/item/01_466/
263,ウイングガンダム ew,2900,1,971,34,http://bandai-hobby.net/item/01_466/
264,ユニコーンガンダム プラモデル,2900,1,971,23,http://bandai-hobby.net/series/unicorn/
265,rg ニューガンダム,2900,1,971,25,http://bandai-hobby.net/item/01_2343/
266,ユニコーンガンダム プラモ,2900,1,971,23,http://bandai-hobby.net/series/unicorn/
267,白いガンダム hg,2900,1,971,30,http://bandai-hobby.net/item/01_6781/
268,rg ストライクフリーダム,2900,1,971,32,http://bandai-hobby.net/item/01_5895/
269,ジークフリード,2400,1,962,37,http://bandai-hobby.net/item/01_7035/
270,hgストライクフリーダム,2400,1,962,31,http://bandai-hobby.net/item/01_725/
271,コマンドガンダム,2400,1,962,24,http://bandai-hobby.net/item/01_1795/
272,ガンダムアスモデウス,2400,1,962,18,http://bandai-hobby.net/item/01_4081/
273,mgサザビー,2400,1,962,37,http://bandai-hobby.net/item/01_15/
274,ジムストライカー,2400,1,962,24,http://bandai-hobby.net/item/01_5639/
275,hgデスティニーガンダム,2400,1,962,27,http://bandai-hobby.net/item/01_2167/
276,モンキーロディ,2400,1,962,24,http://bandai-hobby.net/item/01_6763/
277,アクションベース,2400,1,962,24,http://bandai-hobby.net/brand/actionbase/
278,ガンダムデカール,2400,1,962,26,http://bandai-hobby.net/brand/gundam_decal/
279,bトレインショーティー,2400,1,962,42,http://bandai-hobby.net/site/train/
280,ガンダム試作4号機,2400,1,962,34,http://bandai-hobby.net/item/01_316/
281,ゼータガンダム,22200,3,952,33,http://bandai-hobby.net/series/z-gundam/
282,ハイグレードユニバーサルセンチュリー,2400,1,951,25,http://bandai-hobby.net/brand/hguc/
283,oガンダム,2400,1,951,40,http://bandai-hobby.net/item/01_928/
284,ジークアクス hg,2400,1,945,41,http://bandai-hobby.net/item/01_5582/
285,mgex ユニコーン,2400,1,945,22,http://bandai-hobby.net/item/01_3010/
286,プラモデル 新作,2400,1,945,34,http://bandai-hobby.net/schedule/
287,pgu ガンダム,2400,1,945,40,http://bandai-hobby.net/item/01_3328/
288,サイコザク mg,2400,1,945,20,http://bandai-hobby.net/item/01_767/
289,大阪ガンダム,2400,1,935,41,http://bandai-hobby.net/site/gbase_worldtour/osaka/
290,ガンダム大阪,2400,1,935,39,http://bandai-hobby.net/site/gbase_worldtour/osaka/
291,グ シオン リベイク フル シティ,2900,1,933,30,http://bandai-hobby.net/item/01_716/
292,プラモデル ガンダム ユニコーン,2900,1,933,31,http://bandai-hobby.net/series/unicorn/
293,ガンダム グ シオン,2900,1,933,21,http://bandai-hobby.net/item/01_450/
294,ガンダム レ ギルス,2900,1,933,25,http://bandai-hobby.net/item/01_3605/
295,ガンプラくん,2400,1,931,31,http://bandai-hobby.net/site/gunpla-kun/
296,ガンプラ再販 1月,12100,3,917,11,http://bandai-hobby.net/schedule/
297,ヴァルヴァロ,2400,1,912,19,http://bandai-hobby.net/item/01_1780/
298,rg エクシア,2900,1,908,27,http://bandai-hobby.net/item/01_96/
299,ボトムズ プラモデル,2900,1,908,21,http://bandai-hobby.net/series/votoms/
300,ハンブラビ ガンダム,2900,1,908,24,http://bandai-hobby.net/item/01_7016/
301,mg f91,2900,1,908,23,http://bandai-hobby.net/item/01_1349/
302,プラモデル ガンダム,2900,1,908,43,http://bandai-hobby.net/gunpla/
303,rg シナンジュ,2900,1,908,24,http://bandai-hobby.net/item/01_660/
304,mg ガンダム,2900,1,908,26,http://bandai-hobby.net/brand/mg/
305,hg ガンダム,2900,1,908,40,http://bandai-hobby.net/brand/hg/
306,レギルス ガンダム,2900,1,908,36,http://bandai-hobby.net/item/01_3605/
307,mg キュベレイ,2900,1,908,28,http://bandai-hobby.net/item/01_1201/
308,ガンプラ グレード,2900,1,908,29,http://bandai-hobby.net/gunpla/
309,mg サザビー,2900,1,908,23,http://bandai-hobby.net/item/01_15/
310,シン マツナガ,2900,1,908,26,http://bandai-hobby.net/site/acepilot/profile/profile_shinmatsunaga.html
311,マクロス プラモデル,2900,1,908,38,http://bandai-hobby.net/series/macross/
312,デルタ ガンダム カイ,2900,1,898,30,http://bandai-hobby.net/item/01_5772/
313,ユニコーン ガンダム hg,2400,1,891,26,http://bandai-hobby.net/item/01_5661/
314,mg ガンダム 3.0,2400,1,891,28,http://bandai-hobby.net/item/01_5849/
315,最新 ガンプラ 情報,2400,1,891,40,http://bandai-hobby.net/schedule/
316,hg 赤い ガンダム,2400,1,891,32,http://bandai-hobby.net/item/01_5933/
317,グフ カスタム mg,2400,1,891,29,http://bandai-hobby.net/item/01_982/
318,mg サザビー ver ka,2400,1,891,17,http://bandai-hobby.net/item/01_15/
319,ガンプラ 8月 再販,14800,3,887,20,http://bandai-hobby.net/schedule/
320,ガンプラ 11月 再販,14800,3,887,14,http://bandai-hobby.net/schedule/
321,ガンプラ再販 9 月,14800,3,887,15,http://bandai-hobby.net/schedule/
322,オンライン ホビー ショップ,14800,3,887,70,http://bandai-hobby.net/
323,ガンプラ再販 3 月,14800,3,887,21,http://bandai-hobby.net/news/01_6901/
324,ガンプラ 再販 3月,14800,3,887,24,http://bandai-hobby.net/news/01_6901/
325,hg ディスティニーガンダム,2400,1,885,33,http://bandai-hobby.net/item/01_2167/
326,ゼウスシルエット hg,2400,1,885,23,http://bandai-hobby.net/item/01_5374/
327,rg ユニコーンガンダム,2400,1,885,25,http://bandai-hobby.net/item/01_1085/
328,ネオジオング hg,2400,1,885,39,http://bandai-hobby.net/item/01_132/
329,mg ガンダム3.0,2400,1,885,34,http://bandai-hobby.net/item/01_5849/
330,sdガンダム プラモデル,2400,1,885,20,http://bandai-hobby.net/brand/sdgundamseries/
331,hg デスティニーガンダム,2400,1,885,38,http://bandai-hobby.net/item/01_2167/
332,hg 龍王丸,2400,1,885,21,http://bandai-hobby.net/item/01_6824/
333,ハイニューガンダム hg,2400,1,885,37,http://bandai-hobby.net/item/01_1704/
334,ジo mg,2400,1,885,39,http://bandai-hobby.net/item/01_1463/
335,アルトアイゼンリーゼ,1900,1,882,21,http://bandai-hobby.net/item/01_7279/
336,ケンプファーアメイジング,1900,1,882,27,http://bandai-hobby.net/item/01_29/
337,ストライクフリーダムmg,1900,1,882,30,http://bandai-hobby.net/item/01_5643/
338,デュエルブリッツ,1900,1,882,36,http://bandai-hobby.net/item/01_5232/
339,mgウイングガンダム,1900,1,882,37,http://bandai-hobby.net/series/endlesswaltz/
340,大阪 ガンダム,2900,1,876,40,http://bandai-hobby.net/site/gbase_worldtour/osaka/
341,シュツルム ディアス,2900,1,869,26,http://bandai-hobby.net/item/01_3713/
342,ビギニング ガンダム,2900,1,869,19,http://bandai-hobby.net/item/01_4728/
343,ガンプラ再販6月,12100,3,867,15,http://bandai-hobby.net/schedule/
344,ex s ガンダム,8100,3,861,34,http://bandai-hobby.net/item/01_2176/
345,リゼル隊長機 mg,1900,1,856,20,http://bandai-hobby.net/item/01_5687/
346,mg リゼル隊長機,1900,1,856,21,http://bandai-hobby.net/item/01_5687/
347,ガンダムダブルエックス mg,1900,1,856,22,http://bandai-hobby.net/item/01_298/
348,mg vガンダム,1900,1,856,18,http://bandai-hobby.net/item/01_1731/
349,フルアーマーzz mg,1900,1,856,34,http://bandai-hobby.net/item/01_6875/
350,ダブルエックス mg,1900,1,856,22,http://bandai-hobby.net/item/01_298/
351,mgsd ガンダムバルバトス,1900,1,856,24,http://bandai-hobby.net/item/01_4994/
352,mg ガンダムダブルエックス,1900,1,856,38,http://bandai-hobby.net/item/01_298/
353,mg フルアーマーzz,1900,1,856,17,http://bandai-hobby.net/item/01_6875/
354,デュエル ブリッツ,1900,1,838,36,http://bandai-hobby.net/item/01_5232/
355,リガズィカスタム,9900,3,833,19,http://bandai-hobby.net/item/01_2282/
356,hg 白いガンダム,1900,1,823,24,http://bandai-hobby.net/item/01_6781/
357,hg ジークアクス,2400,1,821,29,http://bandai-hobby.net/item/01_5582/
358,pg ガンプラ,2400,1,821,36,http://bandai-hobby.net/brand/pg/
359,サザビー mg,2400,1,821,40,http://bandai-hobby.net/item/01_15/
360,yf 19,2400,1,821,37,http://bandai-hobby.net/item/01_4303/
361,ガンプラ 最新,2400,1,821,61,http://bandai-hobby.net/schedule/
362,ジフレド ガンプラ,2400,1,821,18,http://bandai-hobby.net/item/01_5961/
363,デンドロビウム hg,2400,1,821,23,http://bandai-hobby.net/item/01_1618/
364,r ジャジャ,2400,1,821,24,http://bandai-hobby.net/item/01_2079/
365,ジム ストライカー,2400,1,821,32,http://bandai-hobby.net/item/01_5639/
366,ガンダム 大阪,2400,1,821,41,http://bandai-hobby.net/site/gbase_worldtour/osaka/
367,ガンプラ再販 3月,14800,3,815,19,http://bandai-hobby.net/news/01_6901/
368,ガンプラ8月 再販,14800,3,814,11,http://bandai-hobby.net/schedule/
369,ガンプラ 8月再販,14800,3,814,16,http://bandai-hobby.net/schedule/
370,ウイングガンダムmg,1900,1,811,34,http://bandai-hobby.net/series/endlesswaltz/
371,rgザク,1900,1,811,36,http://bandai-hobby.net/item/01_2224/
372,ブルーデスティニー3号機,1900,1,811,27,http://bandai-hobby.net/item/01_1274/
373,ガンプラサザビー,1900,1,811,37,http://bandai-hobby.net/item/01_1408/
374,gルシファー,1900,1,811,27,http://bandai-hobby.net/item/01_293/
375,アメイジングケンプファー,1900,1,811,29,http://bandai-hobby.net/item/01_29/
376,mgリゼル隊長機,1900,1,811,20,http://bandai-hobby.net/item/01_5687/
377,ガンダム4号機,1900,1,811,25,http://bandai-hobby.net/item/01_1636/
378,フィギュアライズスタンダード仮面ライダー,1900,1,811,21,http://bandai-hobby.net/series/rider/
379,アクションベース7,1900,1,811,19,http://bandai-hobby.net/item/01_5058/
380,mgvダッシュガンダム,1900,1,811,24,http://bandai-hobby.net/item/01_1762/
381,hgネオジオング,1900,1,811,23,http://bandai-hobby.net/item/01_132/
382,mgvガンダム,1900,1,811,18,http://bandai-hobby.net/item/01_1731/
383,vガンダムmg,1900,1,811,17,http://bandai-hobby.net/item/01_1731/
384,ザク2改,1900,1,811,38,http://bandai-hobby.net/item/01_2260/
385,大阪ガンダムベース,1900,1,811,41,http://bandai-hobby.net/site/gbase_worldtour/osaka/
386,クシャトリヤリペアード,1900,1,811,30,http://bandai-hobby.net/item/01_108/
387,ブルーディスティニー3号機,1900,1,811,25,http://bandai-hobby.net/item/01_1274/
388,バルバトスルプス mg,8100,3,809,35,http://bandai-hobby.net/item/01_6764/
389,ex sガンダム,8100,3,809,34,http://bandai-hobby.net/item/01_2176/
390,mg vダッシュ ガンダム,1900,1,802,22,http://bandai-hobby.net/item/01_1762/
391,linkl planet,2900,1,802,34,http://bandai-hobby.net/site/plamogirlsproject/linklplanet/
392,インフィニット ジャスティス ガンダム弐式,1900,1,802,38,http://bandai-hobby.net/item/01_5208/
393,インフィニット ジャスティスガンダム 弐式,1900,1,802,38,http://bandai-hobby.net/item/01_5208/
394,ハンブラビ,14800,3,796,33,http://bandai-hobby.net/item/01_7016/
395,ガルスj hg,2400,1,794,23,http://bandai-hobby.net/item/01_5963/
396,ダブルオー ライザー,8100,3,786,20,http://bandai-hobby.net/item/01_317/
397,シナンジュ スタイン,8100,3,786,29,http://bandai-hobby.net/site/mgka/sinanjustein/
398,mg ジ o,2400,1,767,41,http://bandai-hobby.net/item/01_1463/
399,hg デスティニー ガンダム,2400,1,767,27,http://bandai-hobby.net/item/01_2167/
400,ジ o mg,2400,1,767,39,http://bandai-hobby.net/item/01_1463/
401,ガンダム ベース 静岡,2400,1,767,20,http://bandai-hobby.net/site/popup_shizuoka2025/
402,バルバトスルプス,8100,3,764,39,http://bandai-hobby.net/item/01_6764/
403,ザガン,1900,1,761,38,http://bandai-hobby.net/item/01_6773/
404,エコプラ,1900,1,761,22,http://bandai-hobby.net/site/ecoplaproject/item/
405,ガンダム agefx,1900,1,749,38,http://bandai-hobby.net/item/01_5765/
406,mg ゴッグ,1900,1,749,29,http://bandai-hobby.net/item/01_2667/
407,hg ザク,1900,1,749,39,http://bandai-hobby.net/item/01_3669/
408,hg メッサー,1900,1,749,21,http://bandai-hobby.net/item/01_7095/
409,mgv ガンダム,1900,1,749,16,http://bandai-hobby.net/item/01_1731/
410,ガンダム ティファ,2400,1,749,29,http://bandai-hobby.net/item/01_6886/
411,ジオング rg,1900,1,749,20,http://bandai-hobby.net/item/01_3306/
412,マグナ ガルルモン,1900,1,749,23,http://bandai-hobby.net/item/01_7134/
413,フェネクス,8100,3,746,21,http://bandai-hobby.net/item/01_1392/
414,リゼル,8100,3,746,22,http://bandai-hobby.net/item/01_5665/
415,ヴェルデ ノヴァ,1600,1,735,17,http://bandai-hobby.net/blog/01_7226/
416,龍王丸,2400,1,735,33,http://bandai-hobby.net/item/01_6824/
417,ウィングガンダム hg,1600,1,719,34,http://bandai-hobby.net/item/01_5861/
418,ガンダムデスサイズヘル ew,1600,1,719,25,http://bandai-hobby.net/item/01_1775/
419,リック ドム2,1600,1,719,23,http://bandai-hobby.net/item/01_3007/
420,コードギアス プラモデル,1600,1,719,19,http://bandai-hobby.net/series/geass/
421,v2アサルトバスター mg,1600,1,719,36,http://bandai-hobby.net/item/01_2102/
422,hg ウイングガンダム,1600,1,719,29,http://bandai-hobby.net/item/01_5861/
423,ガンキャノン ディテクター,1600,1,719,37,http://bandai-hobby.net/item/01_1251/
424,ウイングガンダム hg,1600,1,719,38,http://bandai-hobby.net/item/01_5861/
425,インフィニットジャスティス mg,1600,1,719,21,http://bandai-hobby.net/item/01_1688/
426,軍警ザク hg,1600,1,719,25,http://bandai-hobby.net/item/01_5931/
427,ガンダム インフィニットジャスティス,1900,1,706,21,http://bandai-hobby.net/item/01_5208/
428,mg vダッシュガンダム,1900,1,706,24,http://bandai-hobby.net/item/01_1762/
429,クシャトリヤ mgsd,1900,1,706,23,http://bandai-hobby.net/item/01_7135/
430,ガンダムベース 新潟,1900,1,706,35,http://bandai-hobby.net/site/popup_niigata2026/
431,シャア専用リック ドム,1900,1,706,24,http://bandai-hobby.net/item/01_6872/
432,大阪 ガンダムベース,1900,1,706,32,http://bandai-hobby.net/site/gbase_worldtour/osaka/
433,インフィニット ジャスティスガンダム,1900,1,706,20,http://bandai-hobby.net/item/01_2786/
434,ガンダム 4号機,1900,1,706,25,http://bandai-hobby.net/item/01_1636/
435,mg ゲルググキャノン,1900,1,706,22,http://bandai-hobby.net/item/01_1564/
436,ケロロ軍曹 プラモデル,1900,1,706,20,http://bandai-hobby.net/site/keroro/
437,ウイングゼロ rg,1900,1,706,25,http://bandai-hobby.net/item/01_5968/
438,vガンダム mg,1900,1,706,17,http://bandai-hobby.net/item/01_1731/
439,ゴッドガンダム rg,1900,1,706,37,http://bandai-hobby.net/item/01_4104/
440,フィギュアライズスタンダード 仮面ライダー,1900,1,706,22,http://bandai-hobby.net/series/rider/
441,mg ダブルエックス,1900,1,706,36,http://bandai-hobby.net/item/01_298/
442,mg ウイングガンダム,1900,1,706,37,http://bandai-hobby.net/series/endlesswaltz/
443,mg ストライクフリーダム,1900,1,706,36,http://bandai-hobby.net/item/01_5643/
444,zzガンダム 強化型,1900,1,706,28,http://bandai-hobby.net/item/01_1211/
445,hg ネオジオング,1900,1,706,25,http://bandai-hobby.net/item/01_132/
446,ダハック,1600,1,696,35,http://bandai-hobby.net/item/01_325/
447,マンロディ,1600,1,696,22,http://bandai-hobby.net/item/01_454/
448,ウィング ガンダム mg,1900,1,695,26,http://bandai-hobby.net/series/endlesswaltz/
449,インフィニット ジャスティス ガンダム 弐式,1900,1,695,38,http://bandai-hobby.net/item/01_5208/
450,ドラゴニア ナイト,1600,1,671,20,http://bandai-hobby.net/item/01_6768/
451,サイコザク hg,1600,1,671,33,http://bandai-hobby.net/item/01_549/
452,トランジェント ガンダム,1600,1,671,20,http://bandai-hobby.net/item/01_307/
453,mg ジャスティス,1600,1,671,24,http://bandai-hobby.net/item/01_1019/
454,ザク マリナー,1600,1,671,27,http://bandai-hobby.net/item/01_5761/
455,rg ズゴック,1600,1,671,24,http://bandai-hobby.net/item/01_151/
456,ガンダム ドレッドノート,1900,1,654,18,http://bandai-hobby.net/item/01_3877/
457,hgアトラスガンダム,1600,1,652,24,http://bandai-hobby.net/item/01_830/
458,mg リゼル 隊長機,1900,1,652,20,http://bandai-hobby.net/item/01_5687/
459,ガンダム age f x,1900,1,652,27,http://bandai-hobby.net/item/01_5765/
460,ブルー デスティニー 3号機,1900,1,652,18,http://bandai-hobby.net/item/01_1274/
461,リゼル 隊長機 mg,1900,1,652,21,http://bandai-hobby.net/item/01_5687/
462,フィギュア ライズ スタンダード 仮面ライダー,1900,1,652,21,http://bandai-hobby.net/series/rider/
463,ガンダムグシオン リベイク フル シティ,1900,1,652,24,http://bandai-hobby.net/item/01_716/
464,インフィニットジャスティスmg,1600,1,646,21,http://bandai-hobby.net/item/01_1688/
465,hgウイングガンダム,1600,1,646,29,http://bandai-hobby.net/item/01_5861/
466,ガンプラsd,1600,1,646,25,http://bandai-hobby.net/brand/sdgundamseries/
467,ライトニングガンダム,1600,1,646,22,http://bandai-hobby.net/item/01_206/
468,ガンキャノンディテクター,1600,1,646,32,http://bandai-hobby.net/item/01_1251/
469,リックドム2,1600,1,646,25,http://bandai-hobby.net/item/01_3007/
470,ウイングガンダムhg,1600,1,646,38,http://bandai-hobby.net/item/01_5861/
471,rgトールギス,1600,1,646,36,http://bandai-hobby.net/item/01_1299/
472,ジム寒冷地仕様,1600,1,646,37,http://bandai-hobby.net/item/01_1635/
473,ジムiii,1600,1,646,35,http://bandai-hobby.net/item/01_1781/
474,トランジェントガンダム,1600,1,646,27,http://bandai-hobby.net/item/01_307/
475,ゼーズール,1600,1,645,19,http://bandai-hobby.net/item/01_5724/
476,サザビー ガンプラ,1900,1,642,37,http://bandai-hobby.net/item/01_1408/
477,rg トールギス,1900,1,642,33,http://bandai-hobby.net/item/01_1299/
478,hg ペーネロペー,1900,1,642,39,http://bandai-hobby.net/item/01_2443/
479,遊戯王 プラモデル,1900,1,642,21,http://bandai-hobby.net/series/yugioh/
480,ガンプラ サザビー,1900,1,642,37,http://bandai-hobby.net/item/01_1408/
481,mg フリーダム,1900,1,642,36,http://bandai-hobby.net/item/01_542/
482,ガンプラ ナイチンゲール,1900,1,642,38,http://bandai-hobby.net/item/01_3506/
483,フリーダム mg,1900,1,642,40,http://bandai-hobby.net/item/01_542/
484,スサノヲ ガンダム,1900,1,642,21,http://bandai-hobby.net/item/01_930/
485,バルバトス ガンプラ,1900,1,642,37,http://bandai-hobby.net/tekketsu/gunpla.html
486,ガンダム ダンタリオン,1900,1,642,26,http://bandai-hobby.net/item/01_1018/
487,g ルシファー,1900,1,642,38,http://bandai-hobby.net/item/01_293/
488,遊戯王 プラモ,1900,1,642,22,http://bandai-hobby.net/series/yugioh/
489,ガンダム スサノオ,1900,1,642,23,http://bandai-hobby.net/item/01_930/
490,ジム ガンプラ,1900,1,642,26,http://bandai-hobby.net/site/gm-gallery/
491,シナンジュ スタイン mg,1600,1,634,31,http://bandai-hobby.net/item/01_5187/
492,ガンダム ヴィ ダール mg,1600,1,634,36,http://bandai-hobby.net/item/01_5469/
493,mg シナンジュ スタイン,1600,1,634,26,http://bandai-hobby.net/item/01_5187/
494,pg unleashed,1600,1,625,17,http://bandai-hobby.net/item/01_3328/
495,バルバトス mg,1600,1,625,25,http://bandai-hobby.net/item/01_2492/
496,ポケプラ クイック,1600,1,625,21,http://bandai-hobby.net/site/pokemon/pokepla/
497,ガンプラ ドム,1600,1,625,36,http://bandai-hobby.net/item/01_5268/
498,ゼー ズール,1600,1,625,19,http://bandai-hobby.net/item/01_5724/
499,ドム ガンプラ,1600,1,625,37,http://bandai-hobby.net/item/01_5268/
500,ex standard,1600,1,625,27,http://bandai-hobby.net/brand/SDEX/
501,ガンプラ ユニコーン,1600,1,625,23,http://bandai-hobby.net/series/unicorn/
502,ジークアクス エンディミオン,1600,1,625,24,http://bandai-hobby.net/item/01_6865/
503,ワンピース プラモデル,1600,1,625,20,http://bandai-hobby.net/site/character_onepiece_grandship.html
504,re バウ,1600,1,625,22,http://bandai-hobby.net/item/01_746/
505,スコープドッグ ターボカスタム,1300,1,622,33,http://bandai-hobby.net/item/01_5553/
506,30ms アイドルマスター,1300,1,622,28,http://bandai-hobby.net/site/30minutes_sisters/special/idolmaster/
507,mgウィングガンダム ew,1300,1,622,27,http://bandai-hobby.net/item/01_1777/
508,mg v2ガンダム,1300,1,622,41,http://bandai-hobby.net/item/01_464/
509,rg フォースインパルス,1300,1,622,34,http://bandai-hobby.net/item/01_2712/
510,武者ガンダム マーク2,1300,1,622,33,http://bandai-hobby.net/item/01_1753/
511,ガンダム7号機 フルアーマー,1300,1,622,21,http://bandai-hobby.net/item/01_1716/
512,v2ガンダム mg,1300,1,622,41,http://bandai-hobby.net/item/01_464/
513,フリーダムガンダム hg,1300,1,622,36,http://bandai-hobby.net/item/01_384/
514,シャア専用ザク hg,1300,1,622,32,http://bandai-hobby.net/item/01_2805/
515,mg ディスティニーガンダム,1300,1,622,34,http://bandai-hobby.net/item/01_1667/
516,ダンボール戦機 機体一覧,1300,1,622,25,http://bandai-hobby.net/series/lbx/
517,エントリーグレード ウイングガンダム,1300,1,622,33,http://bandai-hobby.net/item/01_6753/
518,ウイングガンダムゼロew ver ka,1600,1,613,34,http://bandai-hobby.net/item/01_2981/
519,ライガーテイル,1600,1,610,24,http://bandai-hobby.net/item/01_5399/
520,mg百式,1600,1,610,25,http://bandai-hobby.net/item/01_338/
521,ブルーデスティニー2号機,1600,1,610,18,http://bandai-hobby.net/item/01_1164/
522,ガンプラドム,1600,1,610,29,http://bandai-hobby.net/item/01_5268/
523,mgボール,1600,1,610,17,http://bandai-hobby.net/item/01_4166/
524,ガンプラユニコーンガンダム,1600,1,610,37,http://bandai-hobby.net/series/unicorn/
525,ワンピースプラモデル,1600,1,610,24,http://bandai-hobby.net/site/character_onepiece_grandship.html
526,グシオンリベイク,1600,1,610,32,http://bandai-hobby.net/item/01_485/
527,rgガンダムマーク2,1600,1,610,18,http://bandai-hobby.net/item/01_2882/
528,ヴェルデノヴァ,1600,1,610,17,http://bandai-hobby.net/blog/01_7226/
529,ザク量産型,1600,1,610,27,http://bandai-hobby.net/item/01_2739/
530,サイコザクhg,1600,1,610,25,http://bandai-hobby.net/item/01_549/
531,バーニングガンダム,1600,1,610,23,http://bandai-hobby.net/item/01_5015/
532,ブルーディスティニー2号機,1600,1,610,25,http://bandai-hobby.net/item/01_1164/
533,ザクii改,1600,1,610,36,http://bandai-hobby.net/item/01_2260/
534,クスィーガンダム ガンプラ,1600,1,604,27,http://bandai-hobby.net/item/01_3386/
535,マスターグレード ガンプラ,1600,1,604,32,http://bandai-hobby.net/brand/mg/
536,ガンダムユニコーン ガンプラ,1600,1,604,36,http://bandai-hobby.net/series/unicorn/
537,ユニコーンガンダム ガンプラ,1600,1,604,37,http://bandai-hobby.net/series/unicorn/
538,rg ゼータガンダム,1600,1,604,38,http://bandai-hobby.net/item/01_2883/
539,デルタガンダム hg,1600,1,604,36,http://bandai-hobby.net/item/01_5742/
540,ガンプラ オプションパーツ,1600,1,604,27,http://bandai-hobby.net/brand/optionpartsset/
541,デスサイズヘル ew,1600,1,604,25,http://bandai-hobby.net/item/01_1775/
542,ガンプラ マスターグレード,1600,1,604,32,http://bandai-hobby.net/brand/mg/
543,クスィーガンダム ペーネロペー,1600,1,604,39,http://bandai-hobby.net/item/01_3387/
544,hg アトラスガンダム,1600,1,604,36,http://bandai-hobby.net/item/01_830/
545,mg 百式,1600,1,604,21,http://bandai-hobby.net/item/01_338/
546,30ms オプションボディパーツ,1600,1,604,21,http://bandai-hobby.net/site/30minutes_sisters/lineup/
547,フリーダムガンダム mg,1600,1,604,35,http://bandai-hobby.net/item/01_542/
548,量産型 ザク,1600,1,604,20,http://bandai-hobby.net/item/01_2739/
549,ザク 量産型,1600,1,604,21,http://bandai-hobby.net/item/01_2739/
550,クスィーガンダム キルケーの魔女,1600,1,604,23,http://bandai-hobby.net/item/01_7093/
551,30ミニッツ シスターズ,1600,1,604,23,http://bandai-hobby.net/site/30minutes_sisters/
552,アトラスガンダム hg,1600,1,604,38,http://bandai-hobby.net/item/01_830/
553,ガンダムアストレイ レッドフレーム,1600,1,604,29,http://bandai-hobby.net/item/01_7269/
554,ケロロロボ,1300,1,603,23,http://bandai-hobby.net/site/keroro/
555,ジャイオーン,1300,1,603,21,http://bandai-hobby.net/item/01_273/
556,ザウォート,1300,1,603,14,http://bandai-hobby.net/item/01_4309/
557,ガンダムxディバイダー,1600,1,600,18,http://bandai-hobby.net/item/01_1772/
558,ウイングゼロew,1600,1,600,41,http://bandai-hobby.net/item/01_2981/
559,30ms ミコルル,1300,1,591,29,http://bandai-hobby.net/item/01_6777/
560,ヴァーチェ mg,1300,1,591,34,http://bandai-hobby.net/item/01_3656/
561,hg ハンブラビ,1600,1,590,36,http://bandai-hobby.net/item/01_7016/
562,恐竜 クイズ,1600,1,590,14,http://bandai-hobby.net/site/plannosaurus/quiz/
563,ストライクノワール hg,1600,1,590,24,http://bandai-hobby.net/item/01_5604/
564,vf 25,1600,1,590,28,http://bandai-hobby.net/item/01_6868/
565,mgsd フリーダム,1600,1,590,32,http://bandai-hobby.net/item/01_4293/
566,インフィニット ジャスティス ガンダム,1900,1,589,40,http://bandai-hobby.net/item/01_2786/
567,フィギュア ライズ スタンダード 仮面 ライダー,1900,1,589,21,http://bandai-hobby.net/series/rider/
568,ガンダム グ シオン リベイク フル シティ,1900,1,589,14,http://bandai-hobby.net/item/01_716/
569,hg ネオジオ ング,1900,1,589,25,http://bandai-hobby.net/item/01_132/
570,ネオジオ ング hg,1900,1,589,24,http://bandai-hobby.net/item/01_132/
571,トールギス mg,1300,1,577,34,http://bandai-hobby.net/item/01_5774/
572,30ms セスティエ,1300,1,577,18,http://bandai-hobby.net/item/01_5559/
573,hg エクシア,1300,1,577,32,http://bandai-hobby.net/item/01_5654/
574,メッサーラ hg,1300,1,577,36,http://bandai-hobby.net/item/01_5816/
575,mg ヴァーチェ,1300,1,577,35,http://bandai-hobby.net/item/01_3656/
576,エクシア hg,1300,1,577,38,http://bandai-hobby.net/item/01_5654/
577,mg ジム,1300,1,577,17,http://bandai-hobby.net/item/01_1694/
578,mg サイコザク,1300,1,577,25,http://bandai-hobby.net/item/01_767/
579,mg グフ,1300,1,577,38,http://bandai-hobby.net/item/01_1701/
580,ダンバイン プラモデル,1300,1,577,33,http://bandai-hobby.net/series/dunbine/
581,ポケモン プラモ,1300,1,577,17,http://bandai-hobby.net/site/pokemon/pokepla/
582,フリーダム hg,1300,1,577,37,http://bandai-hobby.net/item/01_384/
583,ウイングガンダムフェ ニーチェ,1300,1,569,22,http://bandai-hobby.net/item/01_5919/
584,ビルドストライク エクシードギャラクシー,1300,1,569,25,http://bandai-hobby.net/item/01_4993/
585,ガンタンク初期型,1300,1,556,24,http://bandai-hobby.net/item/01_324/
586,mgウイングガンダムew,1300,1,556,27,http://bandai-hobby.net/item/01_1777/
587,mgサイコザク,1300,1,556,24,http://bandai-hobby.net/item/01_767/
588,武者ガンダムマーク2,1300,1,556,33,http://bandai-hobby.net/item/01_1753/
589,レッドフレーム,1300,1,556,29,http://bandai-hobby.net/item/01_7269/
590,rgフォースインパルス,1300,1,556,30,http://bandai-hobby.net/item/01_2712/
591,ティアーシャ,1300,1,556,37,http://bandai-hobby.net/item/01_6770/
592,mgv2ガンダム,1300,1,556,40,http://bandai-hobby.net/item/01_464/
593,オプションパーツセット,1300,1,556,21,http://bandai-hobby.net/brand/optionpartsset/
594,クアンタフルセイバー,1300,1,556,39,http://bandai-hobby.net/item/01_1883/
595,ウイングガンダムプロトゼロ,1300,1,556,36,http://bandai-hobby.net/item/01_5882/
596,アメイジングバルバトスルプス,1300,1,556,33,http://bandai-hobby.net/item/01_5236/
597,ツキルナ,1300,1,553,21,http://bandai-hobby.net/item/01_5079/
598,rx93,1300,1,553,40,http://bandai-hobby.net/site/pgu-rx93/
599,リシェッタ,1300,1,553,23,http://bandai-hobby.net/item/01_5382/
600,30ms 新作,1000,1,552,25,http://bandai-hobby.net/brand/30ms/
601,ガンダム ナ イオン,6600,2,546,22,http://bandai-hobby.net/item/01_6842/
602,ガンプラ 鉄血のオルフェンズ,1600,1,543,33,http://bandai-hobby.net/series/tekketsu/
603,バルバトス,27100,4,541,36,http://bandai-hobby.net/site/mgsd/002/
604,hgce デスティニー,1300,1,533,26,http://bandai-hobby.net/item/01_2167/
605,エヴァ プラモデル,1300,1,533,21,http://bandai-hobby.net/series/evangelion/
606,メイド アリス,1300,1,533,28,http://bandai-hobby.net/item/01_7276/
607,ワタル プラモデル,1300,1,533,20,http://bandai-hobby.net/series/wataru/
608,ディジェ hg,1300,1,533,26,http://bandai-hobby.net/item/01_2025/
609,ギャン mg,1300,1,533,26,http://bandai-hobby.net/item/01_5597/
610,rg バンシィ,1300,1,533,22,http://bandai-hobby.net/item/01_1259/
611,mg トールギス,1300,1,533,32,http://bandai-hobby.net/item/01_5774/
612,ジオ mg,1300,1,533,41,http://bandai-hobby.net/item/01_1463/
613,クシャトリヤ mg,1300,1,533,26,http://bandai-hobby.net/item/01_7135/
614,三 ガンダム,1300,1,533,36,http://bandai-hobby.net/item/01_3386/
615,ガンプラ 定価,1300,1,533,37,http://bandai-hobby.net/item_all/
616,ガンダム hg,1300,1,533,30,http://bandai-hobby.net/brand/hg/
617,gキャノン マグナ,1000,1,522,21,http://bandai-hobby.net/item/01_1494/
618,f90 ミッションパック,1000,1,522,40,http://bandai-hobby.net/site/f90project/
619,mg フルアーマーユニコーン,1000,1,522,33,http://bandai-hobby.net/item/01_5726/
620,hg 軽キャノン,1000,1,522,20,http://bandai-hobby.net/item/01_5951/
621,バウンドドック hg,1000,1,522,36,http://bandai-hobby.net/item/01_2848/
622,ガンプラ カレンダー,1000,1,522,33,http://bandai-hobby.net/schedule/
623,デスティニーガンダム mgsd,1000,1,522,23,http://bandai-hobby.net/item/01_6881/
624,k9 ジムスナイパー,1000,1,522,28,http://bandai-hobby.net/item/01_53/
625,mg ガンダムヴィダール,1000,1,522,36,http://bandai-hobby.net/item/01_5469/
626,ガンプラ 新作発表,1000,1,522,45,http://bandai-hobby.net/schedule/
627,鬼滅の刃 プラモデル,1000,1,522,19,http://bandai-hobby.net/series/kimetsu/
628,v2アサルトバスター hg,1000,1,522,22,http://bandai-hobby.net/item/01_333/
629,ガンタンク 初期型,1000,1,522,24,http://bandai-hobby.net/item/01_324/
630,フルアーマーユニコーン mg,1000,1,522,22,http://bandai-hobby.net/item/01_5726/
631,ジムスナイパー k9,1000,1,522,34,http://bandai-hobby.net/item/01_53/
632,メッサー m01,1000,1,522,22,http://bandai-hobby.net/item/01_7095/
633,新作ガンダムプラモデル,1300,1,520,52,http://bandai-hobby.net/schedule/
634,ギャンmg,1300,1,520,32,http://bandai-hobby.net/item/01_5597/
635,mgウイングガンダムゼロew,1300,1,520,29,http://bandai-hobby.net/item/01_2981/
636,ガンダム新作プラモデル,1300,1,520,31,http://bandai-hobby.net/schedule/
637,インジャ弐式,1300,1,520,32,http://bandai-hobby.net/item/01_5208/
638,hgフリーダムガンダム,1300,1,520,38,http://bandai-hobby.net/item/01_384/
639,ガンダムユニコーンフルアーマー,1300,1,520,38,http://bandai-hobby.net/item/01_2028/
640,ポケモンプラモコレクション,1300,1,520,19,http://bandai-hobby.net/site/pokemon/pokepla/
641,ガンプラとは,1300,1,520,40,http://bandai-hobby.net/site/whatsgunpla.html
642,エグザビークル,1300,1,520,20,http://bandai-hobby.net/site/30minutes_missions/lineup.html
643,rgバンシィ,1300,1,520,22,http://bandai-hobby.net/item/01_1259/
644,グラスフェザー,1300,1,520,39,http://bandai-hobby.net/item/01_5583/
645,mgニューガンダム,1300,1,520,17,http://bandai-hobby.net/item/01_1798/
646,hgグフイグナイテッド,1300,1,520,20,http://bandai-hobby.net/item/01_7110/
647,hgエクシア,1300,1,520,37,http://bandai-hobby.net/item/01_5654/
648,ダンボール戦機機体一覧,1300,1,520,28,http://bandai-hobby.net/series/lbx/
649,フルアーマーユニコーンガンダム,1300,1,520,21,http://bandai-hobby.net/item/01_5726/
650,黒いメガレックウザ,1300,1,520,21,http://bandai-hobby.net/item/01_7246/
651,ゼッツーガンダム,1300,1,520,26,http://bandai-hobby.net/item/01_188/
652,mgトールギス,1300,1,520,32,http://bandai-hobby.net/item/01_5774/
653,ディジェhg,1300,1,520,26,http://bandai-hobby.net/item/01_2025/
654,ガンダムフェニーチェ,1300,1,520,27,http://bandai-hobby.net/item/01_5919/
655,雷神丸,1300,1,520,22,http://bandai-hobby.net/item/01_5502/
656,フルメカニクス,1300,1,520,16,http://bandai-hobby.net/brand/fullmechanics/
657,mgデスティニーガンダム,1300,1,520,36,http://bandai-hobby.net/item/01_1667/
658,クシャトリヤmg,1300,1,520,26,http://bandai-hobby.net/item/01_7135/
659,ガンダムビルドバーニング,1300,1,520,18,http://bandai-hobby.net/item/01_195/
660,ガンダム高機動型,1300,1,520,21,http://bandai-hobby.net/item/01_4239/
661,パーフェクトストライクフリーダム,1300,1,520,18,http://bandai-hobby.net/item/01_3624/
662,ケロロ軍曹プラモデル,1300,1,520,23,http://bandai-hobby.net/site/keroro/
663,三ガンダム,1300,1,520,37,http://bandai-hobby.net/item/01_3386/
664,hgストライクノワール,1300,1,520,21,http://bandai-hobby.net/item/01_5604/
665,ゴット ガンダム hg,1600,1,519,37,http://bandai-hobby.net/item/01_1752/
666,ガンプラ rg 一覧,1600,1,519,28,http://bandai-hobby.net/brand/rg/
667,デルタ ガンダム hg,1600,1,519,29,http://bandai-hobby.net/item/01_5742/
668,ウィング ガンダム hg,1600,1,519,38,http://bandai-hobby.net/item/01_5861/
669,ユニコーン ガンダム ガンプラ,1600,1,519,29,http://bandai-hobby.net/series/unicorn/
670,ガンダム ユニコーン ガンプラ,1600,1,519,28,http://bandai-hobby.net/series/unicorn/
671,rg ダブルオー ライザー,1600,1,519,34,http://bandai-hobby.net/item/01_317/
672,バルバトス ルプス レクス mg,1600,1,519,35,http://bandai-hobby.net/item/01_6764/
673,ガンダム ウイング hg,1600,1,519,26,http://bandai-hobby.net/series/endlesswaltz/
674,mgニューガンダム ver ka,1300,1,516,19,http://bandai-hobby.net/item/01_1798/
675,mg ウイングガンダム ew,1300,1,516,28,http://bandai-hobby.net/item/01_1777/
676,ウイングガンダム mg ew,1300,1,516,31,http://bandai-hobby.net/item/01_1777/
677,武者ガンダム マーク 2,1300,1,516,31,http://bandai-hobby.net/item/01_1753/
678,mg ハイザック,1000,1,508,21,http://bandai-hobby.net/item/01_3790/
679,mg リックドム,1000,1,508,32,http://bandai-hobby.net/item/01_3772/
680,hguc アッシマー,1000,1,508,18,http://bandai-hobby.net/item/01_4701/
681,mg ガンタンク,1000,1,508,35,http://bandai-hobby.net/item/01_1718/
682,ガンプラ 一覧,1000,1,508,37,http://bandai-hobby.net/item_all/
683,hguc ギャプラン,1000,1,508,24,http://bandai-hobby.net/item/01_2879/
684,シャアザク mg,1000,1,508,35,http://bandai-hobby.net/item/01_1651/
685,hguc ドム,1000,1,508,29,http://bandai-hobby.net/item/01_5268/
686,エヴァ rg,1000,1,508,25,http://bandai-hobby.net/brand/rg-c/
687,30ms ラインナップ,1000,1,508,32,http://bandai-hobby.net/site/30minutes_sisters/lineup/
688,hg バウ,1000,1,508,38,http://bandai-hobby.net/item/01_709/
689,hguc メッサーラ,1000,1,508,40,http://bandai-hobby.net/item/01_5816/
690,30ms シャニマス,1000,1,508,31,http://bandai-hobby.net/site/30minutes_sisters/special/idolmaster/shinycolors-idolmaster/
691,エアリアル mgsd,1000,1,508,39,http://bandai-hobby.net/item/01_5962/
692,mg デスサイズヘル,1300,1,507,28,http://bandai-hobby.net/item/01_1775/
693,mg ターンエックス,1300,1,507,29,http://bandai-hobby.net/item/01_120/
694,ガンダム プラモデル新作,1300,1,507,47,http://bandai-hobby.net/schedule/
695,mgヴァーチェ,1300,1,507,35,http://bandai-hobby.net/item/01_3656/
696,フルアーマーガンダム7号機,1300,1,507,23,http://bandai-hobby.net/item/01_1716/
697,アルトアイゼン リーゼ,1300,1,507,21,http://bandai-hobby.net/item/01_7279/
698,mg ガンダムマーク2,1300,1,507,28,http://bandai-hobby.net/item/01_5064/
699,ナラティブガンダム b装備,1300,1,507,23,http://bandai-hobby.net/item/01_5518/
700,アリュゼウス 発売日,1300,1,507,23,http://bandai-hobby.net/item/01_7092/
701,ガンダムバルバトス mg,1300,1,507,34,http://bandai-hobby.net/item/01_2492/
702,グフイグナイテッド hg,1300,1,507,21,http://bandai-hobby.net/item/01_7110/
703,パーフェクト ストライクフリーダム,1300,1,507,18,http://bandai-hobby.net/item/01_3624/
704,フルアーマー ユニコーンガンダム,1300,1,507,32,http://bandai-hobby.net/item/01_5726/
705,mg デスティニーガンダム,1300,1,507,36,http://bandai-hobby.net/item/01_1667/
706,ガンプラ パーフェクトグレード,1300,1,507,23,http://bandai-hobby.net/brand/pg/
707,mg ウイングガンダムゼロew,1300,1,507,33,http://bandai-hobby.net/item/01_2981/
708,ロックスミス ac6,1300,1,507,24,http://bandai-hobby.net/item/01_6945/
709,rg zガンダム,1300,1,507,26,http://bandai-hobby.net/item/01_2883/
710,ウイングガンダムゼロew mg,1300,1,507,31,http://bandai-hobby.net/item/01_2981/
711,プラモコレクション ポケモン,1300,1,507,17,http://bandai-hobby.net/site/pokemon/pokepla/products/?category=big
712,デスサイズヘル mg,1300,1,507,26,http://bandai-hobby.net/item/01_1775/
713,境界戦機 プラモデル,1300,1,507,21,http://bandai-hobby.net/series/kyoukaisenki/
714,デスティニーガンダム mg,1300,1,507,35,http://bandai-hobby.net/item/01_1667/
715,hg グフイグナイテッド,1300,1,507,21,http://bandai-hobby.net/item/01_7110/
716,ウイングガンダム プロトゼロ,1300,1,507,21,http://bandai-hobby.net/item/01_5882/
717,pg ストライクフリーダム,1300,1,507,35,http://bandai-hobby.net/item/01_2878/
718,ダンボール戦機 ルシファー,1300,1,507,23,http://bandai-hobby.net/item/01_2538/
719,mg ニューガンダム,1300,1,507,15,http://bandai-hobby.net/item/01_1798/
720,ルシファー ダンボール戦機,1300,1,507,22,http://bandai-hobby.net/item/01_2538/
721,mg ゼータガンダム,1300,1,507,32,http://bandai-hobby.net/item/01_4311/
722,unicorn gundam,90500,5,503,39,http://bandai-hobby.net/series/unicorn/
723,missions,9900,2,501,33,http://bandai-hobby.net/site/30minutes_missions/
724,アッガイ,14800,2,500,27,http://bandai-hobby.net/item/01_1649/
725,エリック マンスフィールド,1000,1,499,22,http://bandai-hobby.net/site/acepilot/profile/profile_ericmanthfield.html
726,アッシマー hguc,1000,1,499,25,http://bandai-hobby.net/item/01_4701/
727,シュヴァルベ グレイズ,1000,1,499,23,http://bandai-hobby.net/item/01_416/
728,ダンボール戦機 プラモデル,6600,2,499,21,http://bandai-hobby.net/series/lbx/
729,ウイングガンダムゼロ ew ver ka,1600,1,498,34,http://bandai-hobby.net/item/01_2981/
730,zzガンダム ver ka,1600,1,498,32,http://bandai-hobby.net/item/01_3704/
731,v2 アサルトバスター mg,1600,1,498,31,http://bandai-hobby.net/item/01_2102/
732,mg zzガンダム ver ka,1600,1,498,31,http://bandai-hobby.net/item/01_3704/
733,zガンダム ver ka,1600,1,498,16,http://bandai-hobby.net/item/01_4311/
734,ブルー デスティニー 2号機,1600,1,498,18,http://bandai-hobby.net/item/01_1164/
735,ストライク ノワール hg,1300,1,490,19,http://bandai-hobby.net/item/01_5604/
736,mg インフィニット ジャスティス,1600,1,488,22,http://bandai-hobby.net/item/01_1688/
737,mg fazz ver ka,1600,1,488,37,http://bandai-hobby.net/item/01_2584/
738,スローネアイン,1000,1,484,18,http://bandai-hobby.net/item/01_891/
739,ポルタノヴァ,1000,1,484,22,http://bandai-hobby.net/item/01_2241/
740,30mp 後藤ひとり,1000,1,477,27,http://bandai-hobby.net/item/01_5492/
741,鉄血のオルフェンズ ガンプラ,1600,1,475,24,http://bandai-hobby.net/series/tekketsu/
742,高 機動 型 ガンダム,1300,1,471,22,http://bandai-hobby.net/item/01_4239/
743,カイゼル グレイモン プラモ,1300,1,471,23,http://bandai-hobby.net/item/01_5983/
744,バンダイ パーツ 請求,1300,1,471,16,http://bandai-hobby.net/customer_support/
745,ダンボール 戦機 機体 一覧,1300,1,471,19,http://bandai-hobby.net/series/lbx/
746,バンダイ カレンダー,6600,2,470,49,http://bandai-hobby.net/schedule/
747,クシャトリヤ リペアード,1000,1,464,38,http://bandai-hobby.net/item/01_108/
748,プルツー プラモ,1000,1,464,36,http://bandai-hobby.net/item/01_5454/
749,hg ディジェ,1000,1,464,35,http://bandai-hobby.net/item/01_2025/
750,hg サイコザク,1000,1,464,25,http://bandai-hobby.net/item/01_549/
751,hguc ジム,1000,1,464,27,http://bandai-hobby.net/item/01_1014/
752,ガナー ザクウォーリア,1000,1,464,34,http://bandai-hobby.net/item/01_2402/
753,pg エクシア,1000,1,464,33,http://bandai-hobby.net/item/01_1203/
754,ザク オリジン,1000,1,464,22,http://bandai-hobby.net/item/01_2175/
755,hg ジフレド,1000,1,464,28,http://bandai-hobby.net/item/01_5961/
756,グレイズ hg,1000,1,464,27,http://bandai-hobby.net/item/01_414/
757,エピオン rg,1000,1,464,20,http://bandai-hobby.net/item/01_4923/
758,ロバート ギリアム,1000,1,464,26,http://bandai-hobby.net/site/acepilot/profile/profile_robertgiliam.html
759,オリジン ザク,1000,1,464,23,http://bandai-hobby.net/item/01_2175/
760,暁 ガンダム,1000,1,464,22,http://bandai-hobby.net/item/01_5394/
761,ガンプラ フリーダム,1000,1,464,30,http://bandai-hobby.net/series/seed-freedom/
762,ガンプラ mgsd,1000,1,464,22,http://bandai-hobby.net/brand/mgsd/
763,ペーネロペー ガンプラ,1000,1,464,35,http://bandai-hobby.net/item/01_2443/
764,ジム hguc,1000,1,464,27,http://bandai-hobby.net/item/01_1014/
765,エヴァンゲリオン rg,1000,1,464,21,http://bandai-hobby.net/brand/rg-c/
766,ガンプラ ガンダム,1000,1,464,60,http://bandai-hobby.net/gunpla/
767,re ナイチンゲール,1000,1,464,19,http://bandai-hobby.net/item/01_187/
768,fazz ガンダム,1000,1,464,22,http://bandai-hobby.net/item/01_2584/
769,スローネ アイン,1000,1,464,24,http://bandai-hobby.net/item/01_891/
770,ギャプラン hguc,1000,1,464,22,http://bandai-hobby.net/item/01_2879/
771,ハシュマル hg,1000,1,464,28,http://bandai-hobby.net/item/01_771/
772,ガンダム ヘリオス,1000,1,464,27,http://bandai-hobby.net/item/01_3621/
773,ver ka,1000,1,464,29,http://bandai-hobby.net/brand/mgka/
774,フェネクス hg,1000,1,464,39,http://bandai-hobby.net/item/01_1392/
775,ズゴックシャア,1300,1,456,42,http://bandai-hobby.net/item/01_951/
776,ポケモンサイコロ,1000,1,456,21,http://bandai-hobby.net/site/pokemon/plakoro/
777,アースリィガンダム,1300,1,456,37,http://bandai-hobby.net/item/01_2477/
778,フィギュアライズ,1300,1,456,24,http://bandai-hobby.net/brand/figurerise-standard/
779,ガンプラカレンダー,1000,1,456,30,http://bandai-hobby.net/schedule/
780,ガンダムウヴァル,1000,1,456,35,http://bandai-hobby.net/item/01_861/
781,シャアズゴック,1300,1,456,39,http://bandai-hobby.net/item/01_951/
782,ジムスナイパーk9,1000,1,456,34,http://bandai-hobby.net/item/01_53/
783,ザクアメイジング,1000,1,456,27,http://bandai-hobby.net/item/01_5873/
784,ビルドストライクエクシードギャラクシー,1300,1,456,33,http://bandai-hobby.net/item/01_4993/
785,ミスサザビー,1000,1,456,19,http://bandai-hobby.net/item/01_64/
786,pgウイングガンダムゼロカスタム,1000,1,456,24,http://bandai-hobby.net/item/01_803/
787,ウイングガンダムゼロカスタム,9900,2,454,38,http://bandai-hobby.net/item/01_2981/
788,ガンダムシャイニング,9900,2,454,40,http://bandai-hobby.net/item/01_5544/
789,シャイニングガンダム,9900,2,454,37,http://bandai-hobby.net/item/01_5544/
790,ガンダム g40,1300,1,445,31,http://bandai-hobby.net/item/01_2552/
791,ズゴック シャア,1300,1,445,42,http://bandai-hobby.net/item/01_951/
792,シャア ズゴック,1300,1,445,39,http://bandai-hobby.net/item/01_951/
793,rg ガオガイガー,1300,1,445,19,http://bandai-hobby.net/item/01_4181/
794,ジオング,27100,5,443,35,http://bandai-hobby.net/item/01_3306/
795,ガンダムバエル hg,1300,1,439,39,http://bandai-hobby.net/item/01_820/
796,デュエル ブリッツガンダム,1300,1,439,36,http://bandai-hobby.net/item/01_5232/
797,hg フリーダムガンダム,1300,1,439,38,http://bandai-hobby.net/item/01_384/
798,ガンプラ エントリーグレード,1300,1,439,28,http://bandai-hobby.net/site/entry_grade/
799,hg ガンダムバエル,1300,1,439,39,http://bandai-hobby.net/item/01_820/
800,ジムキャノン 2,1300,1,439,27,http://bandai-hobby.net/item/01_3487/
801,ストライクノワール mg,880,1,434,27,http://bandai-hobby.net/item/01_1645/
802,メガサイズ ユニコーン,880,1,434,19,http://bandai-hobby.net/item/01_1084/
803,ウィングガンダムゼロカスタム pg,880,1,434,24,http://bandai-hobby.net/item/01_803/
804,age 2マグナム,880,1,434,27,http://bandai-hobby.net/item/01_2125/
805,ウィングガンダムゼロカスタム mg,880,1,434,34,http://bandai-hobby.net/item/01_2981/
806,ダブルゼータ mg,880,1,434,27,http://bandai-hobby.net/item/01_6875/
807,バルバトスアダプト,6600,2,429,24,http://bandai-hobby.net/item/01_7152/
808,デルタプラス,6600,2,429,22,http://bandai-hobby.net/item/01_5675/
809,デスサイズヘル,6600,2,429,20,http://bandai-hobby.net/item/01_1775/
810,mgターンx,6600,2,429,38,http://bandai-hobby.net/item/01_120/
811,黒い メガ レックウザ,1300,1,427,23,http://bandai-hobby.net/item/01_7246/
812,ガンダム フェ ニーチェ,1300,1,427,27,http://bandai-hobby.net/item/01_5919/
813,ロック スミス ac6,1300,1,427,24,http://bandai-hobby.net/item/01_6945/
814,rg ガンダム マーク 2,1300,1,427,24,http://bandai-hobby.net/item/01_2882/
815,ダンボール 戦機 ルシファー,1300,1,427,23,http://bandai-hobby.net/item/01_2538/
816,ガンダム バエル hg,1300,1,427,30,http://bandai-hobby.net/item/01_820/
817,ガンプラ mg 新作,1300,1,427,31,http://bandai-hobby.net/brand/mg/
818,ガンダム 高 機動 型,1300,1,427,21,http://bandai-hobby.net/item/01_4239/
819,ガンプラ 新作 mg,1300,1,427,36,http://bandai-hobby.net/brand/mg/
820,ガンダム マーク 2 rg,1300,1,427,19,http://bandai-hobby.net/item/01_2882/
821,ガンダム マーク 2 mg,1300,1,427,28,http://bandai-hobby.net/item/01_5064/
822,30ミニッツ,1000,1,425,43,http://bandai-hobby.net/30ML/
823,ガンプラ新商品,1000,1,425,44,http://bandai-hobby.net/schedule/
824,ガンプラストライクフリーダム,1000,1,425,34,http://bandai-hobby.net/item/01_725/
825,オリジンザク,1000,1,425,23,http://bandai-hobby.net/item/01_2175/
826,妖怪ウォッチプラモデル,1000,1,425,26,http://bandai-hobby.net/series/youkai/
827,トライバーニングガンダム,1000,1,425,22,http://bandai-hobby.net/item/01_269/
828,ハシュマルhg,1000,1,425,37,http://bandai-hobby.net/item/01_771/
829,ロバートギリアム,1000,1,425,26,http://bandai-hobby.net/site/acepilot/profile/profile_robertgiliam.html
830,ユニコーンガンダムrg,1000,1,425,34,http://bandai-hobby.net/item/01_1085/
831,ザクオリジン,1000,1,425,22,http://bandai-hobby.net/item/01_2175/
832,オーガンダム,1000,1,425,28,http://bandai-hobby.net/item/01_928/
833,ガンプラジオング,1000,1,425,27,http://bandai-hobby.net/item/01_3306/
834,mgリックドム,1000,1,425,32,http://bandai-hobby.net/item/01_3772/
835,ガンプラフリーダム,1000,1,425,39,http://bandai-hobby.net/series/seed-freedom/
836,ガンダム60/1,1000,1,425,26,http://bandai-hobby.net/site/pgu-rx93/
837,30msラインナップ,1000,1,425,22,http://bandai-hobby.net/site/30minutes_sisters/lineup/
838,アルファシスターズファンタズム,1000,1,425,18,http://bandai-hobby.net/item/01_5003/
839,バンダイカレンダー,6600,2,425,42,http://bandai-hobby.net/schedule/
840,アメイジングザク,1000,1,425,27,http://bandai-hobby.net/item/01_5873/
841,ストライクフリーダムガンプラ,1000,1,425,28,http://bandai-hobby.net/item/01_725/
842,mgウイングガンダムゼロ,1000,1,425,36,http://bandai-hobby.net/item/01_2981/
843,hgucジム,1000,1,425,27,http://bandai-hobby.net/item/01_1014/
844,メッサーm01,1000,1,425,22,http://bandai-hobby.net/item/01_7095/
845,ガンプラ新作発表,1000,1,425,43,http://bandai-hobby.net/schedule/
846,ラーガンダム,1000,1,425,16,http://bandai-hobby.net/item/01_4992/
847,ガンタンクmg,1000,1,425,35,http://bandai-hobby.net/item/01_1718/
848,ブルーティッシュドッグ,1000,1,425,39,http://bandai-hobby.net/item/01_7033/
849,サイコガンダムマーク2,1000,1,425,27,http://bandai-hobby.net/item/01_5468/
850,ゲルググイェーガー,1000,1,425,34,http://bandai-hobby.net/item/01_3235/
851,ガンダムハンブラビ,1000,1,425,24,http://bandai-hobby.net/item/01_7016/
852,妖怪ウォッチのプラモデル,1000,1,425,24,http://bandai-hobby.net/series/youkai/
853,ディスティニーrg,1000,1,425,19,http://bandai-hobby.net/item/01_5802/
854,プラモデルホワイトベース,1000,1,425,20,http://bandai-hobby.net/item/01_5632/
855,hgサイコザク,1000,1,425,20,http://bandai-hobby.net/item/01_549/
856,ザクスナイパー,1000,1,425,28,http://bandai-hobby.net/item/01_5748/
857,初期型ガンタンク,1000,1,425,24,http://bandai-hobby.net/item/01_324/
858,マラサイ hguc,880,1,423,35,http://bandai-hobby.net/item/01_4252/
859,ガンプラ 7月 再販,14800,4,422,18,http://bandai-hobby.net/schedule/
860,ジョニーライデン,8100,2,421,36,http://bandai-hobby.net/site/acepilot/profile/profile_johnnyridden.html
861,サザビー hguc,880,1,420,38,http://bandai-hobby.net/item/01_1683/
862,プラモデル エヴァンゲリオン,880,1,420,22,http://bandai-hobby.net/series/evangelion/
863,re ガンプラ,880,1,420,21,http://bandai-hobby.net/brand/re100/
864,ファッツ ガンダム,880,1,420,25,http://bandai-hobby.net/item/01_2584/
865,ガンダム ガーベラ,880,1,420,26,http://bandai-hobby.net/item/01_316/
866,pg ユニコーン,880,1,420,27,http://bandai-hobby.net/brand/pg/
867,hg スコープ ドッグ ターボカスタム,1000,1,416,37,http://bandai-hobby.net/item/01_5553/
868,mg フルアーマーガンダム サンダー ボルト,1000,1,416,24,http://bandai-hobby.net/item/01_608/
869,mg zzガンダム フルアーマー,1000,1,416,35,http://bandai-hobby.net/item/01_6875/
870,mg フルアーマーガンダム サンダーボルト,1000,1,416,23,http://bandai-hobby.net/item/01_608/
871,フルアーマーガンダム サンダー ボルト mg,1000,1,416,21,http://bandai-hobby.net/item/01_608/
872,mg zz ガンダム フルアーマー,1000,1,416,30,http://bandai-hobby.net/item/01_6875/
873,mg ユニコーン フルアーマー,1000,1,416,29,http://bandai-hobby.net/item/01_5726/
874,hg スコープドッグ ターボカスタム,1000,1,416,37,http://bandai-hobby.net/item/01_5553/
875,rg ウイングガンダム ew,1000,1,416,19,http://bandai-hobby.net/item/01_466/
876,超竜神,1000,1,415,33,http://bandai-hobby.net/item/01_5447/
877,シュヴァルベグレイズ,1000,1,415,23,http://bandai-hobby.net/item/01_416/
878,hgucアッシマー,1000,1,415,15,http://bandai-hobby.net/item/01_4701/
879,グレイズリッター,1000,1,415,17,http://bandai-hobby.net/item/01_510/
880,ジーラインスタンダードアーマー,1000,1,415,33,http://bandai-hobby.net/item/01_5159/
881,エリックマンスフィールド,1000,1,415,24,http://bandai-hobby.net/site/acepilot/profile/profile_ericmanthfield.html
882,百式 mg,1000,1,412,28,http://bandai-hobby.net/item/01_338/
883,サンダーボルトガンダム プラモ,1000,1,412,18,http://bandai-hobby.net/series/thunderbolt/
884,ガンプラ mg一覧,1000,1,412,19,http://bandai-hobby.net/brand/mg/
885,re 100とは,1000,1,412,26,http://bandai-hobby.net/brand/re100/
886,hg ダブルエックス,1000,1,412,33,http://bandai-hobby.net/item/01_5876/
887,ローゼンズール ep7,1000,1,412,29,http://bandai-hobby.net/item/01_172/
888,ガンダムdx mg,1000,1,412,24,http://bandai-hobby.net/item/01_298/
889,pg zガンダム,1000,1,412,22,http://bandai-hobby.net/item/01_4475/
890,rg ガンダムユニコーン,1000,1,412,34,http://bandai-hobby.net/item/01_1085/
891,妖怪ウォッチ プラモデル,1000,1,412,25,http://bandai-hobby.net/series/youkai/
892,ムーンガンダム hg,1000,1,412,26,http://bandai-hobby.net/item/01_1881/
893,プロヴィデンスガンダム hg,1000,1,412,21,http://bandai-hobby.net/item/01_4601/
894,大丸梅田 ガンダム,1000,1,412,38,http://bandai-hobby.net/site/gbase_worldtour/osaka/
895,mg フルアーマーzzガンダム,1000,1,412,25,http://bandai-hobby.net/item/01_6875/
896,mg ガンダムf91,1000,1,412,21,http://bandai-hobby.net/item/01_1349/
897,妖怪ウォッチ プラモ,1000,1,412,32,http://bandai-hobby.net/series/youkai/
898,ガンダムエピオン rg,1000,1,412,22,http://bandai-hobby.net/item/01_4923/
899,mg ガンダムdx,1000,1,412,24,http://bandai-hobby.net/item/01_298/
900,マイティストライクフリーダムガンダム hg,1000,1,412,37,http://bandai-hobby.net/item/01_5207/
901,フルアーマーzzガンダム mg,1000,1,412,18,http://bandai-hobby.net/item/01_6875/
902,閃光のハサウェイ ガンプラ,1000,1,412,36,http://bandai-hobby.net/site/hathaway/
903,ブルー ティッシュドッグ,1000,1,412,37,http://bandai-hobby.net/item/01_7033/
904,ユニコーンガンダム rg,1000,1,412,34,http://bandai-hobby.net/item/01_1085/
905,zzガンダム mg,1000,1,412,31,http://bandai-hobby.net/item/01_3704/
906,トライ バーニングガンダム,1000,1,412,29,http://bandai-hobby.net/item/01_269/
907,hg スーパーガンダム,1000,1,412,29,http://bandai-hobby.net/item/01_2126/
908,zガンダム プラモデル,1000,1,412,21,http://bandai-hobby.net/series/z-gundam/
909,ガンプラ新作 発表,1000,1,412,43,http://bandai-hobby.net/schedule/
910,mg zzガンダム,1000,1,412,22,http://bandai-hobby.net/item/01_3704/
911,ガンプラ 新商品,1000,1,412,45,http://bandai-hobby.net/schedule/
912,初期型 ガンタンク,1000,1,412,24,http://bandai-hobby.net/item/01_324/
913,mg ジャスティスガンダム,1000,1,412,26,http://bandai-hobby.net/item/01_1019/
914,ガンダムサンダーボルト プラモデル,1000,1,412,16,http://bandai-hobby.net/series/thunderbolt/
915,mgフルアーマーガンダム サンダーボルト,1000,1,412,31,http://bandai-hobby.net/item/01_608/
916,hg vガンダム,1000,1,412,27,http://bandai-hobby.net/item/01_5896/
917,ガンダムf91 mg,1000,1,412,20,http://bandai-hobby.net/item/01_1349/
918,ジェスタ,6600,2,410,28,http://bandai-hobby.net/item/01_5717/
919,rx78,8100,2,407,39,http://bandai-hobby.net/item/01_2984/
920,プラモデル キャラ,880,1,404,19,http://bandai-hobby.net/characterplastic/
921,rg ジャスティス,880,1,404,37,http://bandai-hobby.net/item/01_3726/
922,シャアザク rg,880,1,404,31,http://bandai-hobby.net/item/01_2230/
923,pg ダブルオー ライザー,1000,1,402,23,http://bandai-hobby.net/item/01_988/
924,ガンプラ 新作 発表,1000,1,402,43,http://bandai-hobby.net/schedule/
925,フル アーマー ユニコーン mg,1000,1,402,22,http://bandai-hobby.net/item/01_5726/
926,ダブルオー スカイ メビウス,1000,1,402,20,http://bandai-hobby.net/item/01_3011/
927,mg zz ガンダム フル アーマー,1000,1,402,30,http://bandai-hobby.net/item/01_6875/
928,サザビー ver ka,1000,1,402,27,http://bandai-hobby.net/item/01_15/
929,ウイング ガンダム ゼロ カスタム pg,1000,1,402,24,http://bandai-hobby.net/item/01_803/
930,ガンプラ 新 発売,1000,1,402,39,http://bandai-hobby.net/schedule/
931,ガンダム ウイング ゼロ mg,1000,1,402,31,http://bandai-hobby.net/item/01_2981/
932,ver ka サザビー,1000,1,402,20,http://bandai-hobby.net/item/01_15/
933,mg ウイングガンダムゼロ ew,1300,1,401,34,http://bandai-hobby.net/item/01_2981/
934,ガンダム ユニコーン フルアーマー,1300,1,401,38,http://bandai-hobby.net/item/01_2028/
935,mg フルアーマーzzガンダム ver ka 予約,1300,1,401,26,http://bandai-hobby.net/item/01_6875/
936,高 機動 型ガンダム,1300,1,401,21,http://bandai-hobby.net/item/01_4239/
937,rg ソードインパルス,720,1,392,35,http://bandai-hobby.net/item/01_3071/
938,メガサイズ ザク,720,1,392,20,http://bandai-hobby.net/item/01_4569/
939,ジムストライカー hg,720,1,392,35,http://bandai-hobby.net/item/01_5639/
940,ガンダムエクシア hg,720,1,392,34,http://bandai-hobby.net/item/01_5654/
941,30ms 再販スケジュール,720,1,392,19,http://bandai-hobby.net/schedule/
942,mgバンシィ ka,720,1,392,26,http://bandai-hobby.net/item/01_1292/
943,ウイングガンダムゼロ ガンプラ,720,1,392,21,http://bandai-hobby.net/series/endlesswaltz/
944,mg ダークハウンド,720,1,392,24,http://bandai-hobby.net/item/01_1797/
945,mg シェンロンガンダム,720,1,392,37,http://bandai-hobby.net/item/01_1776/
946,hg ゼウスシルエット,720,1,392,32,http://bandai-hobby.net/item/01_5374/
947,フルアーマーユニコーン rg,880,1,384,27,http://bandai-hobby.net/item/01_2028/
948,日光東照宮 ガンプラ,880,1,384,27,http://bandai-hobby.net/item/01_5353/
949,mg ダブルゼータ,880,1,384,33,http://bandai-hobby.net/item/01_3704/
950,ガンダムルブリス ウル,880,1,384,18,http://bandai-hobby.net/item/01_4325/
951,mg ソードインパルス,880,1,384,19,http://bandai-hobby.net/item/01_1698/
952,30 ミニッツファンタジー,880,1,384,25,http://bandai-hobby.net/brand/30mf/
953,mg ウイングガンダムゼロカスタム,880,1,384,34,http://bandai-hobby.net/item/01_2981/
954,ニューガンダム rg,880,1,384,34,http://bandai-hobby.net/item/01_2343/
955,ジャスティスガンダム mg,880,1,384,26,http://bandai-hobby.net/item/01_1019/
956,フルアーマーユニコーン hg,880,1,384,20,http://bandai-hobby.net/item/01_94/
957,sdガンダム bb戦士,880,1,384,23,http://bandai-hobby.net/brand/bb/
958,rg フリーダムガンダム,880,1,384,33,http://bandai-hobby.net/item/01_3721/
959,mg シャア専用ズゴック,880,1,384,27,http://bandai-hobby.net/item/01_2901/
960,ファッツ,1000,1,382,38,http://bandai-hobby.net/item/01_2584/
961,ガンダム バルバトス ルプス,4400,2,370,38,http://bandai-hobby.net/item/01_6764/
962,sdmg,880,1,370,21,http://bandai-hobby.net/brand/mgsd/
963,キャラクター　プラモ,880,1,370,20,http://bandai-hobby.net/characterplastic/
964,バンダイ 発売 カレンダー,4400,2,370,43,http://bandai-hobby.net/schedule/
965,メサイアバルキリー,1000,1,369,39,http://bandai-hobby.net/item/01_6868/
966,hgディジェ,1000,1,369,21,http://bandai-hobby.net/item/01_2025/
967,レヴェルノヴァ,1000,1,369,18,http://bandai-hobby.net/item/01_4083/
968,ガンダムヘリオス,1000,1,369,22,http://bandai-hobby.net/item/01_3621/
969,ファイヤーバルキリー,1000,1,369,37,http://bandai-hobby.net/item/01_5184/
970,ガンダムウイングゼロ,1000,1,369,18,http://bandai-hobby.net/item/01_5968/
971,プルタインガンダム,880,1,368,26,http://bandai-hobby.net/item/01_5024/
972,ジムガードカスタム,880,1,368,36,http://bandai-hobby.net/item/01_1397/
973,ウェポンディスプレイベース,880,1,368,20,http://bandai-hobby.net/item/01_6882/
974,キュベレーmk2,880,1,368,36,http://bandai-hobby.net/item/01_561/
975,ガンダムジエンド,880,1,368,20,http://bandai-hobby.net/item/01_327/
976,mgウィングガンダムゼロカスタム,880,1,368,30,http://bandai-hobby.net/item/01_2981/
977,rgシャアザク,880,1,368,27,http://bandai-hobby.net/item/01_2230/
978,ガンプラウイングガンダム,880,1,368,26,http://bandai-hobby.net/series/endlesswaltz/
979,ガンプラズゴック,880,1,368,24,http://bandai-hobby.net/item/01_1623/
980,b トレイン,880,1,360,27,http://bandai-hobby.net/site/train/
981,ガンプラ 新 商品,1000,1,358,46,http://bandai-hobby.net/schedule/
982,ガンプラ ストライク フリーダム,1000,1,358,33,http://bandai-hobby.net/item/01_725/
983,グレイズ リッター,1000,1,358,19,http://bandai-hobby.net/item/01_510/
984,閃光 の ハサウェイ ガンプラ,1000,1,358,24,http://bandai-hobby.net/series/hathaway/
985,リ ライジング ガンダム,1000,1,358,20,http://bandai-hobby.net/item/01_2851/
986,ガンダム サンダー ボルト プラモデル,1000,1,358,16,http://bandai-hobby.net/series/thunderbolt/
987,rg 1 144 ウイング ガンダム ゼロ,1000,1,358,27,http://bandai-hobby.net/item/01_5968/
988,ガンダム ユニコーン rg,1000,1,358,34,http://bandai-hobby.net/item/01_1085/
989,オー ガンダム,1000,1,358,31,http://bandai-hobby.net/item/01_928/
990,オプション パーツセット ガンプラ 19,1000,1,358,23,http://bandai-hobby.net/item/01_6883/
991,v2 アサルト バスター hg,1000,1,358,20,http://bandai-hobby.net/item/01_333/
992,妖怪 ウォッチ の プラモデル,1000,1,358,24,http://bandai-hobby.net/series/youkai/
993,ガンプラ mg 一覧,1000,1,358,29,http://bandai-hobby.net/brand/mg/
994,ゲルググ イェーガー,1000,1,358,36,http://bandai-hobby.net/item/01_3235/
995,30 minutes fantasy,1000,1,358,25,http://bandai-hobby.net/site/30minutes_fantasy/
996,ガンプラ ネオジオング,720,1,357,25,http://bandai-hobby.net/item/01_132/
997,mg バスターガンダム,720,1,357,38,http://bandai-hobby.net/item/01_1794/
998,ガンダム ボードゲーム,720,1,357,26,http://bandai-hobby.net/site/gundam-assemble/
999,ガンダム 試作5号機,720,1,357,19,http://bandai-hobby.net/item/01_3340/
1000,クロスボーン ガンダムx1改,720,1,357,20,http://bandai-hobby.net/item/01_2904/
1001,メッサー m型,720,1,357,21,http://bandai-hobby.net/item/01_7095/
1002,rg ジャスティスガンダム,720,1,357,36,http://bandai-hobby.net/item/01_3726/
1003,ジャスティスガンダム hg,720,1,357,21,http://bandai-hobby.net/item/01_2675/
1004,ザク サンダーボルト,720,1,357,19,http://bandai-hobby.net/item/01_566/
1005,ジークアクス エンディミオンユニット,720,1,357,34,http://bandai-hobby.net/item/01_6865/
1006,クロスボーンガンダムx1 改,720,1,357,20,http://bandai-hobby.net/item/01_2904/
1007,サイコガンダム ガンプラ,720,1,357,26,http://bandai-hobby.net/item/01_3769/
1008,hg ライジングフリーダム,880,1,353,34,http://bandai-hobby.net/item/01_5072/
1009,ジム サンダーボルト,880,1,353,23,http://bandai-hobby.net/item/01_553/
1010,hg スコープドッグターボカスタム,1000,1,351,37,http://bandai-hobby.net/item/01_5553/
1011,ガンダム ウイングゼロ,1000,1,351,20,http://bandai-hobby.net/item/01_5968/
1012,デルタプラス hg,1000,1,351,27,http://bandai-hobby.net/item/01_5675/
1013,ガンダムベースポップアップ 名古屋,1000,1,351,23,http://bandai-hobby.net/site/gbase_worldtour/nagoya/
1014,ガンプラ6月再販,18100,4,339,16,http://bandai-hobby.net/news/01_7291/
1015,プレミアムバンダイ ガンプラ,27100,5,338,28,http://bandai-hobby.net/gunpla/
1016,サイコガンダム mk2 hg,1300,1,337,30,http://bandai-hobby.net/item/01_5468/
1017,ガンプラ ヅダ,720,1,336,25,http://bandai-hobby.net/item/01_5600/
1018,シャアザク hg,720,1,336,30,http://bandai-hobby.net/item/01_2805/
1019,オリジン シャアザク,720,1,336,29,http://bandai-hobby.net/item/01_2174/
1020,グフ r35,720,1,336,35,http://bandai-hobby.net/item/01_119/
1021,ez8 mg,720,1,336,21,http://bandai-hobby.net/item/01_750/
1022,グフ hguc,720,1,336,33,http://bandai-hobby.net/item/01_531/
1023,ガンプラ ボール,720,1,336,22,http://bandai-hobby.net/item/01_1764/
1024,rg バンシィノルン,720,1,336,21,http://bandai-hobby.net/item/01_1259/
1025,ガンプラ ケンプファー,720,1,336,23,http://bandai-hobby.net/item/01_1686/
1026,ヤマトプラモデル,880,1,328,28,http://bandai-hobby.net/series/yamato/
1027,86プラモデル,880,1,328,22,http://bandai-hobby.net/site/eightysix/
1028,ガンプラ 発売 スケジュール,880,1,328,34,http://bandai-hobby.net/schedule/
1029,プラモデルキャラクター,880,1,328,19,http://bandai-hobby.net/characterplastic/
1030,ジムサンダーボルト,880,1,328,25,http://bandai-hobby.net/item/01_553/
1031,キャラクタープラモデル,880,1,328,20,http://bandai-hobby.net/characterplastic/
1032,バンシィhg,880,1,328,27,http://bandai-hobby.net/item/01_5727/
1033,ガンプラre,880,1,328,21,http://bandai-hobby.net/brand/re100/
1034,アクションベース6,880,1,328,20,http://bandai-hobby.net/item/01_4245/
1035,hgガンダムバルバトス,880,1,328,36,http://bandai-hobby.net/item/01_411/
1036,mgウイングガンダムゼロカスタム,880,1,328,36,http://bandai-hobby.net/item/01_2981/
1037,hg ユニコーン フルアーマー,880,1,328,36,http://bandai-hobby.net/item/01_94/
1038,ウイングガンダムゼロmg,880,1,328,31,http://bandai-hobby.net/item/01_2981/
1039,フルアーマーガンダム サンダー ボルト hg,880,1,328,26,http://bandai-hobby.net/item/01_525/
1040,ガンプラスケジュール,880,1,328,38,http://bandai-hobby.net/schedule/
1041,mgバスターガンダム,720,1,327,35,http://bandai-hobby.net/item/01_1794/
1042,mgフォースインパルスガンダム,720,1,327,36,http://bandai-hobby.net/item/01_1681/
1043,seedズゴック,720,1,327,29,http://bandai-hobby.net/item/01_5452/
1044,hgガンダムエクシア,720,1,327,30,http://bandai-hobby.net/item/01_5654/
1045,シエルノヴァ,720,1,327,20,http://bandai-hobby.net/item/01_2755/
1046,mgダークハウンド,720,1,327,27,http://bandai-hobby.net/item/01_1797/
1047,キュウビ,18100,4,325,22,http://bandai-hobby.net/item/01_136/
1048,ガンダム バルバトスルプス,4400,2,325,34,http://bandai-hobby.net/item/01_6764/
1049,ガンダムバルバトス ルプス,4400,2,325,37,http://bandai-hobby.net/item/01_6764/
1050,ガンプラ 再販6月,18100,5,324,19,http://bandai-hobby.net/news/01_7291/
1051,mg フルアーマーzzガンダム ver ka,5400,2,323,18,http://bandai-hobby.net/item/01_6875/
1052,横浜ガンプラ,880,1,323,22,http://bandai-hobby.net/brand/gfy/
1053,ドラクエのスライム,12100,3,323,24,http://bandai-hobby.net/site/claymonsters/
1054,ガンプラ 水星の魔女,1300,1,318,29,http://bandai-hobby.net/series/g-witch/
1055,エヴァンゲリオン プラモデル rg,880,1,314,23,http://bandai-hobby.net/series/evangelion/
1056,ディ ナイアル ガンダム,880,1,314,30,http://bandai-hobby.net/item/01_335/
1057,千年 パズル プラモデル,880,1,314,23,http://bandai-hobby.net/site/ultimagear/millenniumpuzzle/
1058,ジム サンダー ボルト,880,1,314,23,http://bandai-hobby.net/item/01_553/
1059,アシュタロン,880,1,314,30,http://bandai-hobby.net/item/01_7253/
1060,ウォー グレイモン プラモ,880,1,314,21,http://bandai-hobby.net/item/01_2454/
1061,ゲルググ ジークアクス,12100,4,312,25,http://bandai-hobby.net/item/01_5932/
1062,30mm 新作,720,1,309,31,http://bandai-hobby.net/brand/30mm/
1063,ガンプラ パーツ,720,1,309,41,http://bandai-hobby.net/customer_support/
1064,ゴッグ hg,720,1,309,21,http://bandai-hobby.net/item/01_1632/
1065,ジエンド ガンダム,720,1,309,22,http://bandai-hobby.net/item/01_327/
1066,ザク hguc,720,1,309,37,http://bandai-hobby.net/item/01_3669/
1067,ガンダム ジエンド,720,1,309,21,http://bandai-hobby.net/item/01_327/
1068,リバティ アストレイ レッドフレーム,1000,1,306,24,http://bandai-hobby.net/item/01_7269/
1069,rg 1/144 ウイングガンダムゼロ,1000,1,306,19,http://bandai-hobby.net/item/01_5968/
1070,rg ウィングガンダム ew,1000,1,306,35,http://bandai-hobby.net/item/01_466/
1071,エヴァンゲリオン 初号機 プラモデル,1000,1,306,22,http://bandai-hobby.net/series/evangelion/
1072,マイティ ストライクフリーダムガンダム hg,1000,1,306,37,http://bandai-hobby.net/item/01_5207/
1073,サンダーボルト フルアーマーガンダム mg,1000,1,306,28,http://bandai-hobby.net/item/01_608/
1074,hg 1/144 エグザベ専用ギャン,1000,1,306,17,http://bandai-hobby.net/item/01_7239/
1075,プラモデル 発売日 一覧,1000,1,306,26,http://bandai-hobby.net/schedule/
1076,フルアーマーガンダム サンダーボルト mg,1000,1,306,22,http://bandai-hobby.net/item/01_608/
1077,アスタロト ガンダム,4400,2,302,28,http://bandai-hobby.net/item/01_551/
1078,トリスタン ガンダム,4400,2,302,26,http://bandai-hobby.net/item/01_1012/
1079,ハンマ ハンマ,4400,2,302,17,http://bandai-hobby.net/item/01_1054/
1080,1 100,4400,2,302,35,http://bandai-hobby.net/brand/re100/
1081,ガンダム トリスタン,4400,2,302,29,http://bandai-hobby.net/item/01_1012/
1082,ザクサンダーボルト,720,1,300,19,http://bandai-hobby.net/item/01_566/
1083,メッサーm型,720,1,300,21,http://bandai-hobby.net/item/01_7095/
1084,オリジンシャアザク,720,1,300,29,http://bandai-hobby.net/item/01_2174/
1085,カテドラルガンダム,720,1,300,38,http://bandai-hobby.net/item/01_3975/
1086,クロスボーンガンダムx1改,720,1,300,20,http://bandai-hobby.net/item/01_2904/
1087,ウマ娘プラモデル,720,1,300,21,http://bandai-hobby.net/series/umamusume/
1088,ガンプラスタンド,720,1,300,19,http://bandai-hobby.net/brand/actionbase/
1089,エールストライカー,880,1,300,39,http://bandai-hobby.net/item/01_5178/
1090,sdガンダムbb戦士,880,1,300,21,http://bandai-hobby.net/brand/bb/
1091,エントリーグレードストライク,720,1,300,36,http://bandai-hobby.net/site/entry_grade/strikegundam.html
1092,ウマ娘プラモ,720,1,300,21,http://bandai-hobby.net/series/umamusume/
1093,ガンプラネオジオング,720,1,300,25,http://bandai-hobby.net/item/01_132/
1094,ライトニングバスター,880,1,300,35,http://bandai-hobby.net/item/01_5274/
1095,pgゼータガンダム,720,1,300,18,http://bandai-hobby.net/item/01_4475/
1096,ジオングプラモデル,720,1,300,28,http://bandai-hobby.net/item/01_3306/
1097,水星の魔女ウェポンディスプレイベース,720,1,300,33,http://bandai-hobby.net/item/01_4292/
1098,ガンプラバトル,720,1,300,26,http://bandai-hobby.net/site/road-to-gunpla-battle-project/
1099,エントリーグレード　ストライク,720,1,300,36,http://bandai-hobby.net/site/entry_grade/strikegundam.html
1100,rgバンシィノルン,720,1,300,21,http://bandai-hobby.net/item/01_1259/
1101,ガンプラボール,720,1,300,24,http://bandai-hobby.net/item/01_4166/
1102,ダブル ゼータ mg,880,1,298,26,http://bandai-hobby.net/item/01_6875/
1103,sd ガンダムワールドヒーローズ,1000,1,294,20,http://bandai-hobby.net/series/sdgundamworld_heroes/
1104,30ms ユフィア,720,1,294,20,http://bandai-hobby.net/item/01_5226/
1105,ガンダムベース 梅田,720,1,293,40,http://bandai-hobby.net/site/gbase_worldtour/osaka/
1106,バンダイ 発売カレンダー,4400,2,289,26,http://bandai-hobby.net/schedule/
1107,ガンプラ 11月再販,14800,5,289,14,http://bandai-hobby.net/schedule/
1108,エアリアル 改修型,4400,2,289,22,http://bandai-hobby.net/item/01_4327/
1109,レギルス,720,1,287,33,http://bandai-hobby.net/item/01_3605/
1110,イルシャナ,720,1,287,17,http://bandai-hobby.net/item/01_4910/
1111,30ms オプションボディパーツ アームパーツ&レッグパーツ,720,1,286,22,http://bandai-hobby.net/item/01_7262/
1112,gunpla official website,720,1,286,66,http://bandai-hobby.net/gunpla/
1113,魔神英雄伝 ワタル プラモデル,720,1,286,18,http://bandai-hobby.net/series/wataru/
1114,mg ユニコーンガンダム フルアーマー,720,1,286,25,http://bandai-hobby.net/item/01_5726/
1115,ガンダム ベース ポップアップ,590,1,282,38,http://bandai-hobby.net/site/popup_niigata2026/
1116,ゾック,8100,3,279,22,http://bandai-hobby.net/item/01_1658/
1117,ウイングガンダム ゼロ mg,880,1,278,26,http://bandai-hobby.net/item/01_2981/
1118,宇宙戦艦ヤマト 3199 プラモデル,880,1,278,18,http://bandai-hobby.net/item/01_7252/
1119,佐藤 咲菜,480,1,276,31,http://bandai-hobby.net/site/plamogirlsproject/linklplanet/member05.html
1120,ノーベルガンダム,4400,2,273,24,http://bandai-hobby.net/item/01_1773/
1121,えz8,4400,2,273,20,http://bandai-hobby.net/item/01_5792/
1122,f90ガンダム,4400,2,273,39,http://bandai-hobby.net/site/f90project/
1123,ユニコーンガンダム2号機,590,1,270,22,http://bandai-hobby.net/item/01_1259/
1124,ウイニングガンダム,590,1,270,17,http://bandai-hobby.net/item/01_277/
1125,hguc百式,590,1,270,38,http://bandai-hobby.net/item/01_668/
1126,ガンプラ12月再販,14800,4,270,18,http://bandai-hobby.net/schedule/
1127,ガンダムベースポップアップ,590,1,270,38,http://bandai-hobby.net/site/popup_niigata2026/
1128,ガンプラsdガンダム,590,1,270,26,http://bandai-hobby.net/site/SDGUNDAM/
1129,mgビルドストライク,590,1,270,25,http://bandai-hobby.net/item/01_44/
1130,hgハシュマル,590,1,270,36,http://bandai-hobby.net/item/01_771/
1131,プラモデルワンピース船,590,1,270,21,http://bandai-hobby.net/site/character_onepiece_grandship.html
1132,acプラモ,590,1,270,23,http://bandai-hobby.net/site/30minutes_missions/armoredcore/
1133,サイコガンダムプラモデル,590,1,270,28,http://bandai-hobby.net/item/01_3769/
1134,アストレイゴールドフレーム天ミナ,590,1,270,21,http://bandai-hobby.net/item/01_833/
1135,lbxオーディーン,590,1,270,23,http://bandai-hobby.net/item/01_2448/
1136,ウイングガンダムプラモデル,590,1,270,26,http://bandai-hobby.net/series/endlesswaltz/
1137,ダンボール戦機ゼノン,590,1,270,25,http://bandai-hobby.net/item/01_2579/
1138,ガンダムアストレイゴールドフレーム天ミナ,590,1,270,23,http://bandai-hobby.net/item/01_833/
1139,エヴァンゲリオン3号機,6600,4,269,23,http://bandai-hobby.net/item/01_3617/
1140,ex's,90500,8,264,24,http://bandai-hobby.net/item/01_2176/
1141,ラビオット,480,1,263,27,http://bandai-hobby.net/item/01_2713/
1142,ララネル,480,1,263,18,http://bandai-hobby.net/item/01_4233/
1143,メイレスケンブ,480,1,263,27,http://bandai-hobby.net/item/01_3577/
1144,ガンダムベース横浜,590,1,263,29,http://bandai-hobby.net/site/gundam-factory/
1145,ダナジン,480,1,263,21,http://bandai-hobby.net/item/01_3598/
1146,ガルドノヴァ,480,1,263,23,http://bandai-hobby.net/item/01_4097/
1147,札幌ガンプラ,590,1,263,25,http://bandai-hobby.net/site/gbase_worldtour/sapporo/
1148,キケロガ ジークアクス,6600,4,262,22,http://bandai-hobby.net/site/gquuuuuux/
1149,ジムスナイパー カスタム,5400,2,261,27,http://bandai-hobby.net/item/01_1157/
1150,ジム スナイパーカスタム,5400,2,261,27,http://bandai-hobby.net/item/01_1157/
1151,ガンプラ新作 rg,590,1,259,24,http://bandai-hobby.net/brand/rg/
1152,rg シャア専用ズゴック,590,1,259,23,http://bandai-hobby.net/item/01_151/
1153,赤いガンダム 定価,590,1,259,36,http://bandai-hobby.net/item/01_5933/
1154,mg ビルドストライク,590,1,259,26,http://bandai-hobby.net/item/01_44/
1155,mg エールストライクガンダム,590,1,259,28,http://bandai-hobby.net/item/01_5808/
1156,サイコガンダム プラモ,590,1,259,25,http://bandai-hobby.net/item/01_3769/
1157,zガンダム mg,590,1,259,37,http://bandai-hobby.net/item/01_4311/
1158,エクリプスガンダム mg,590,1,259,35,http://bandai-hobby.net/item/01_3523/
1159,ウイングガンダム プラモ,590,1,259,24,http://bandai-hobby.net/series/endlesswaltz/
1160,シャア専用ズゴック rg,590,1,259,30,http://bandai-hobby.net/item/01_151/
1161,ダンボール戦機 ゼノン,590,1,259,25,http://bandai-hobby.net/item/01_2579/
1162,ヴィクトリーガンダム hg,590,1,259,33,http://bandai-hobby.net/item/01_5896/
1163,ガンダムベース ポップアップ,590,1,259,38,http://bandai-hobby.net/site/popup_niigata2026/
1164,ビルドファイターズ ガンプラ,590,1,259,20,http://bandai-hobby.net/series/buildfighters/
1165,フルメカニクス フォビドゥン,590,1,259,21,http://bandai-hobby.net/item/01_4906/
1166,アストレイ ゴールドフレーム天ミナ,590,1,259,21,http://bandai-hobby.net/item/01_833/
1167,hg ガンプラ一覧,590,1,259,31,http://bandai-hobby.net/brand/hg/
1168,サイコガンダム プラモデル,590,1,259,28,http://bandai-hobby.net/item/01_3769/
1169,ガンプラ rg新作,590,1,259,20,http://bandai-hobby.net/brand/rg/
1170,hg グレイズアイン,590,1,259,32,http://bandai-hobby.net/item/01_523/
1171,カップヌードル プラモデル,590,1,259,34,http://bandai-hobby.net/item/01_2962/
1172,zzガンダム プラモデル,590,1,259,21,http://bandai-hobby.net/series/gundam-zz/
1173,月岡恋鐘 プラモ,590,1,259,19,http://bandai-hobby.net/item/01_5367/
1174,sdガンダム ガンプラ,590,1,259,28,http://bandai-hobby.net/brand/sdgundamseries/
1175,イージスガンダム mg,590,1,259,28,http://bandai-hobby.net/item/01_1796/
1176,hg ストライクフリーダムガンダム,590,1,259,20,http://bandai-hobby.net/item/01_725/
1177,ガンダムzz プラモデル,590,1,259,23,http://bandai-hobby.net/series/gundam-zz/
1178,プラコロ 予約,590,1,259,21,http://bandai-hobby.net/site/pokemon/plakoro/products/?category=startset
1179,vガンダム プラモ,590,1,259,19,http://bandai-hobby.net/series/v-gundam/
1180,rgガンプラ 新作,590,1,259,20,http://bandai-hobby.net/brand/rg/
1181,ポケプラ メガレックウザ,590,1,259,23,http://bandai-hobby.net/item/01_7246/
1182,ガンダム ウイング ゼロ,1000,1,257,26,http://bandai-hobby.net/item/01_5968/
1183,デルタ プラス hg,1000,1,257,27,http://bandai-hobby.net/item/01_5675/
1184,モモカプル,590,1,257,26,http://bandai-hobby.net/item/01_1324/
1185,ガンプラ ガンキャノン,480,1,254,23,http://bandai-hobby.net/item/01_354/
1186,ガンダムエクシア mg,480,1,254,18,http://bandai-hobby.net/item/01_981/
1187,ガンダムx プラモ,480,1,254,20,http://bandai-hobby.net/series/x/
1188,アルセウス ガンダム,480,1,254,35,http://bandai-hobby.net/item/01_7092/
1189,ハイニューガンダム ガンプラ,480,1,254,33,http://bandai-hobby.net/item/01_3524/
1190,30mmエグザビークル,590,1,254,19,http://bandai-hobby.net/item/01_5964/
1191,ガザc ハマーン,480,1,254,23,http://bandai-hobby.net/item/01_5499/
1192,mg百式 2.0,480,1,254,18,http://bandai-hobby.net/item/01_338/
1193,ガンダムバルバトスルプスレクス mg,480,1,254,32,http://bandai-hobby.net/item/01_6764/
1194,30ms ボディパーツ,480,1,254,25,http://bandai-hobby.net/site/30minutes_sisters/lineup/
1195,ハイグレード ガンプラ,480,1,254,39,http://bandai-hobby.net/brand/hg/
1196,ガンダムx ガンプラ,480,1,254,18,http://bandai-hobby.net/series/x/
1197,mgストライクルージュ,590,1,254,34,http://bandai-hobby.net/item/01_5869/
1198,ターボコスチューム,590,1,254,25,http://bandai-hobby.net/item/01_6778/
1199,mg キュベレイmk2,480,1,254,31,http://bandai-hobby.net/item/01_3147/
1200,mgクアンタ,590,1,254,37,http://bandai-hobby.net/item/01_985/
1201,rg ウイングガンダムゼロカスタム,480,1,254,35,http://bandai-hobby.net/item/01_251/
1202,mg ガンダムmk2,480,1,254,20,http://bandai-hobby.net/item/01_5064/
1203,ガンプラ 新商品情報,480,1,254,51,http://bandai-hobby.net/schedule/
1204,ダンボール戦機lbx一覧,590,1,254,18,http://bandai-hobby.net/series/lbx/
1205,ガールガンレディ プラモデル,480,1,254,24,http://bandai-hobby.net/site/girlgunlady/
1206,ユニコーンガンダム フルアーマー,480,1,254,33,http://bandai-hobby.net/item/01_2028/
1207,mg ジムカスタム,480,1,254,24,http://bandai-hobby.net/item/01_3317/
1208,スプリントコスチューム,590,1,254,22,http://bandai-hobby.net/item/01_6771/
1209,パーフェクトグレード 一覧,480,1,254,19,http://bandai-hobby.net/brand/pg/
1210,30ms ヘアスタイル,480,1,254,20,http://bandai-hobby.net/site/30minutes_sisters/lineup/
1211,hgシャアザク,590,1,254,32,http://bandai-hobby.net/item/01_2805/
1212,宇宙戦艦ヤマト アリゾナ,480,1,254,20,http://bandai-hobby.net/item/01_7018/
1213,水星の魔女 プラモ,480,1,254,30,http://bandai-hobby.net/series/g-witch/
1214,ストライクルージュ pg,480,1,254,21,http://bandai-hobby.net/item/01_4947/
1215,サイコザク サンダーボルト,480,1,254,36,http://bandai-hobby.net/item/01_549/
1216,リアルグレード 一覧,480,1,254,24,http://bandai-hobby.net/brand/rg/
1217,rgビルドストライク,590,1,254,36,http://bandai-hobby.net/item/01_756/
1218,ガンプラ 閃光のハサウェイ,480,1,254,22,http://bandai-hobby.net/site/hathaway/
1219,ガンダムバルバトス 第6形態,480,1,254,17,http://bandai-hobby.net/item/01_502/
1220,オリジン シャア専用ザク,480,1,254,36,http://bandai-hobby.net/item/01_2174/
1221,ガンプラガンダム x,480,1,254,18,http://bandai-hobby.net/series/x/
1222,mg ストライクフリーダムガンダム,480,1,254,37,http://bandai-hobby.net/item/01_5643/
1223,ジムカスタム mg,480,1,254,24,http://bandai-hobby.net/item/01_3317/
1224,ガンプラ vガンダム,480,1,254,19,http://bandai-hobby.net/series/v-gundam/
1225,ガンプラ mgサザビー,480,1,254,28,http://bandai-hobby.net/item/01_15/
1226,デスティニーガンダム hgce,480,1,254,22,http://bandai-hobby.net/item/01_2167/
1227,フルメカニクス カラミティ,480,1,254,24,http://bandai-hobby.net/item/01_3426/
1228,ガンダムseed プラモデル,480,1,254,27,http://bandai-hobby.net/series/seed/
1229,ガンプラ ガンダムx,480,1,254,21,http://bandai-hobby.net/series/x/
1230,ガンダム プラモデルseed,480,1,254,20,http://bandai-hobby.net/series/seed/
1231,クスィーガンダム mg,480,1,254,26,http://bandai-hobby.net/site/hathaway/
1232,hgバンシィ ノルン,480,1,254,17,http://bandai-hobby.net/item/01_82/
1233,ナイトガンダム フルアーマー,480,1,254,30,http://bandai-hobby.net/item/01_142/
1234,ガンダムポップアップストア,590,1,254,36,http://bandai-hobby.net/site/popup_niigata2026/
1235,ガンダム ビヨンドグローバル,480,1,254,34,http://bandai-hobby.net/item/01_2746/
1236,ガンプラ 価格改定,480,1,254,21,http://bandai-hobby.net/notice/01_6676/
1237,rギャギャ,590,1,254,21,http://bandai-hobby.net/item/01_239/
1238,ガンダム エントリーグレード,480,1,254,34,http://bandai-hobby.net/brand/entry_grade_g/
1239,rg ウィングガンダムゼロカスタム,480,1,254,38,http://bandai-hobby.net/item/01_251/
1240,フォースインパルス mg,480,1,254,19,http://bandai-hobby.net/item/01_1681/
1241,hg ターンx,480,1,254,30,http://bandai-hobby.net/item/01_2416/
1242,ドム試作実験機,590,1,254,31,http://bandai-hobby.net/item/01_500/
1243,サンダーボルト サイコザク,480,1,254,30,http://bandai-hobby.net/item/01_549/
1244,百万式,590,1,254,22,http://bandai-hobby.net/item/01_246/
1245,ストライクフリーダムガンダム mg,480,1,254,39,http://bandai-hobby.net/item/01_5643/
1246,hg インパルスガンダム,480,1,254,36,http://bandai-hobby.net/item/01_569/
1247,リンクルプラネット メンバー,480,1,254,41,http://bandai-hobby.net/site/plamogirlsproject/linklplanet/
1248,ガンダムseed ガンプラ,480,1,254,17,http://bandai-hobby.net/series/seed/
1249,ワンピースプラモデル船,590,1,254,21,http://bandai-hobby.net/site/character_onepiece_grandship.html
1250,ガンプラ診断,480,1,253,24,http://bandai-hobby.net/site/nextphase2022spring/diagnosis/
1251,ブルースカイ2,480,1,253,22,http://bandai-hobby.net/item/01_5169/
1252,ガンダム四号機,480,1,253,19,http://bandai-hobby.net/item/01_1636/
1253,ストフリmg,480,1,253,39,http://bandai-hobby.net/item/01_5643/
1254,mgフォースインパルス,480,1,253,19,http://bandai-hobby.net/item/01_1681/
1255,ガンダムバルバトス第6形態,480,1,253,18,http://bandai-hobby.net/item/01_502/
1256,rgストライク,480,1,253,35,http://bandai-hobby.net/item/01_3720/
1257,hgサイコガンダムマーク2,480,1,253,24,http://bandai-hobby.net/item/01_5468/
1258,宇宙戦艦ヤマトアリゾナ,480,1,253,22,http://bandai-hobby.net/item/01_7018/
1259,サザビーカトキ,480,1,253,39,http://bandai-hobby.net/item/01_15/
1260,バンダイ30mm,480,1,253,24,http://bandai-hobby.net/brand/30mm/
1261,hgフェネクス,480,1,253,26,http://bandai-hobby.net/item/01_1392/
1262,ジムカスタムmg,480,1,253,24,http://bandai-hobby.net/item/01_3317/
1263,ボカタ機,480,1,253,16,http://bandai-hobby.net/item/01_5935/
1264,ザクレロプラモ,480,1,253,24,http://bandai-hobby.net/item/01_3102/
1265,ガオガイガーrg,480,1,253,19,http://bandai-hobby.net/item/01_4181/
1266,クアンタmg,480,1,253,39,http://bandai-hobby.net/item/01_985/
1267,hgインパルスガンダム,480,1,253,36,http://bandai-hobby.net/item/01_569/
1268,mgジムカスタム,480,1,253,24,http://bandai-hobby.net/item/01_3317/
1269,ストライクフリーダムガンダムmg,480,1,253,38,http://bandai-hobby.net/item/01_5643/
1270,サーティミニッツ,480,1,253,44,http://bandai-hobby.net/30ML/
1271,バーザムhguc,480,1,253,36,http://bandai-hobby.net/item/01_1000/
1272,gp02サイサリス,480,1,253,23,http://bandai-hobby.net/item/01_5607/
1273,リックドムii,480,1,253,26,http://bandai-hobby.net/item/01_3007/
1274,hgucバーザム,480,1,253,38,http://bandai-hobby.net/item/01_1000/
1275,ガンプラ新商品情報,480,1,253,51,http://bandai-hobby.net/schedule/
1276,30ミニッツミッションズ,480,1,253,41,http://bandai-hobby.net/site/30minutes_missions/
1277,ルナチタニウム,480,1,253,26,http://bandai-hobby.net/site/gundarium/01/
1278,ガンダム　ビヨンドグローバル,480,1,253,34,http://bandai-hobby.net/item/01_2746/
1279,ガンダムレオパルドダヴィンチ,480,1,253,19,http://bandai-hobby.net/item/01_383/
1280,ブレイジングガンダム,480,1,253,28,http://bandai-hobby.net/item/01_3625/
1281,ガンダムbb戦士,480,1,253,22,http://bandai-hobby.net/brand/bb/
1282,pgストライクルージュ,480,1,253,22,http://bandai-hobby.net/item/01_4947/
1283,ケロロ軍曹ガンプラ,480,1,253,19,http://bandai-hobby.net/series/keroro/
1284,hgアカツキ,480,1,253,29,http://bandai-hobby.net/item/01_5308/
1285,mg新作,480,1,253,22,http://bandai-hobby.net/brand/mg/
1286,プラモデルパーツ,480,1,253,23,http://bandai-hobby.net/customer_support/
1287,ガンダムxプラモデル,480,1,253,19,http://bandai-hobby.net/series/x/
1288,怪獣8号プラモデル,480,1,253,32,http://bandai-hobby.net/item/01_5173/
1289,ファラクトhg,480,1,253,32,http://bandai-hobby.net/item/01_4265/
1290,mgインパルス,480,1,253,23,http://bandai-hobby.net/item/01_1681/
1291,ガンプラfazz,480,1,253,39,http://bandai-hobby.net/item/01_2584/
1292,宇宙戦艦アリゾナ,480,1,253,22,http://bandai-hobby.net/item/01_7018/
1293,ガンプラ 9月再販,14800,5,253,15,http://bandai-hobby.net/schedule/
1294,ガンプラハイニューガンダム,480,1,253,21,http://bandai-hobby.net/item/01_3524/
1295,レオパルドダヴィンチ,480,1,253,19,http://bandai-hobby.net/item/01_383/
1296,ウイングガンダムゼロ炎,480,1,253,23,http://bandai-hobby.net/item/01_296/
1297,egガンプラ,480,1,253,36,http://bandai-hobby.net/brand/entry_grade_g/
1298,ガンプラ再販 8月,14800,5,253,8,http://bandai-hobby.net/schedule/
1299,フルアーマーナイトガンダム,480,1,253,38,http://bandai-hobby.net/item/01_142/
1300,サーティーミニッツ,480,1,253,46,http://bandai-hobby.net/30ML/
1301,rg新作,480,1,253,22,http://bandai-hobby.net/brand/rg/
1302,ガンプラ9月 再販,14800,5,253,15,http://bandai-hobby.net/schedule/
1303,hg サンドロック,590,1,252,19,http://bandai-hobby.net/item/01_7017/
1304,hgac ウイングガンダムゼロ,590,1,252,20,http://bandai-hobby.net/item/01_63/
1305,rg エヴァンゲリオン初号機,590,1,252,31,http://bandai-hobby.net/item/01_2632/
1306,rg ビルドストライク,590,1,252,36,http://bandai-hobby.net/item/01_756/
1307,ガンダムホビーサイト,590,1,252,69,http://bandai-hobby.net/
1308,ダンボール戦機 lbx一覧,590,1,252,18,http://bandai-hobby.net/series/lbx/
1309,rg クロスボーンガンダム,590,1,252,39,http://bandai-hobby.net/item/01_2251/
1310,mg エクリプスガンダム,590,1,252,31,http://bandai-hobby.net/item/01_3523/
1311,30mm エグザビークル,590,1,252,19,http://bandai-hobby.net/item/01_5964/
1312,ガンダム ポップアップストア,590,1,252,35,http://bandai-hobby.net/site/popup_niigata2026/
1313,hg インフィニットジャスティス弐式,590,1,252,34,http://bandai-hobby.net/item/01_5208/
1314,ムラサメ改 hg,590,1,252,36,http://bandai-hobby.net/item/01_5362/
1315,バンダイスピリッツ 発売日,590,1,252,17,http://bandai-hobby.net/schedule/
1316,ハイザック 連邦カラー,590,1,252,31,http://bandai-hobby.net/item/01_4766/
1317,アストレイ レッドフレーム改,590,1,252,28,http://bandai-hobby.net/item/01_1744/
1318,ブルーフレーム d,590,1,252,34,http://bandai-hobby.net/item/01_226/
1319,エールストライクガンダム mg,590,1,252,23,http://bandai-hobby.net/item/01_5808/
1320,ビルドストライク rg,590,1,252,36,http://bandai-hobby.net/item/01_756/
1321,ガンダムw ガンプラ,590,1,252,24,http://bandai-hobby.net/series/endlesswaltz/
1322,hg イージスガンダム,590,1,252,19,http://bandai-hobby.net/item/01_4582/
1323,イージスガンダム hg,590,1,252,17,http://bandai-hobby.net/item/01_4582/
1324,万博ガンダム hg,590,1,252,29,http://bandai-hobby.net/item/01_5583/
1325,クロス ボーン ガンダムx1改,720,1,251,20,http://bandai-hobby.net/item/01_2904/
1326,ガンダムレオパルドダ ヴィンチ,480,1,250,24,http://bandai-hobby.net/item/01_383/
1327,クスィー,6600,4,250,27,http://bandai-hobby.net/item/01_3386/
1328,シャア専用ザク オリジン,480,1,250,34,http://bandai-hobby.net/item/01_2174/
1329,ガンプラ 武器セット,480,1,250,36,http://bandai-hobby.net/brand/optionpartsset/
1330,シャア専用ズゴック,4400,2,250,40,http://bandai-hobby.net/item/01_951/
1331,ガンプラ rg ウイングガンダムゼロ,480,1,250,36,http://bandai-hobby.net/item/01_5968/
1332,rg ウィング ガンダムゼロ カスタム,480,1,250,33,http://bandai-hobby.net/item/01_251/
1333,ガンダムサンドロック改 ew,480,1,250,26,http://bandai-hobby.net/item/01_7017/
1334,ハインドリー シュトルム,480,1,250,30,http://bandai-hobby.net/item/01_4402/
1335,figurerise standard 仮面ライダー,480,1,250,21,http://bandai-hobby.net/series/rider/
1336,mg シャイニングガンダム,480,1,250,20,http://bandai-hobby.net/item/01_1746/
1337,mg 武者ガンダムmk ii,480,1,250,21,http://bandai-hobby.net/item/01_1753/
1338,ヴァッフ,480,1,250,18,http://bandai-hobby.net/item/01_532/
1339,バットモービル プラモデル,480,1,250,20,http://bandai-hobby.net/item/01_3781/
1340,ガンプラ 白いガンダム,480,1,250,18,http://bandai-hobby.net/item/01_6781/
1341,rg フォースインパルス spec2,480,1,250,31,http://bandai-hobby.net/item/01_5085/
1342,プラノサウルス ティラノサウルス,480,1,250,19,http://bandai-hobby.net/item/01_4306/
1343,1/144 rg フォースインパルスガンダム specii,480,1,250,20,http://bandai-hobby.net/item/01_5085/
1344,f90 ミッションパック 一覧,480,1,250,32,http://bandai-hobby.net/site/f90project/
1345,hg 軍警ザク,480,1,250,31,http://bandai-hobby.net/item/01_5931/
1346,エアリアル改修型 hg,480,1,250,33,http://bandai-hobby.net/item/01_4327/
1347,pg ストライクルージュ,480,1,250,22,http://bandai-hobby.net/item/01_4947/
1348,ガンダムマーク5,4400,2,250,21,http://bandai-hobby.net/item/01_3408/
1349,ターンx hg,480,1,250,21,http://bandai-hobby.net/item/01_2416/
1350,mg ストライクフリーダム フル バースト モード,480,1,250,32,http://bandai-hobby.net/item/01_5642/
1351,ストライクフリーダム ガンダム mg,480,1,250,38,http://bandai-hobby.net/item/01_5643/
1352,ハンドパーツ ガンプラ,480,1,250,9,http://bandai-hobby.net/brand/parts/
1353,ウイングガンダムゼロ 炎,480,1,250,26,http://bandai-hobby.net/item/01_296/
1354,ジェガン ブラストマスター,480,1,250,19,http://bandai-hobby.net/item/01_1891/
1355,トリスタンガンダム,4400,2,250,25,http://bandai-hobby.net/item/01_1012/
1356,sdガンダム クロスシルエット,480,1,250,21,http://bandai-hobby.net/brand/sdcs/
1357,リック ドムii,480,1,250,31,http://bandai-hobby.net/item/01_3007/
1358,ウイングガンダムゼロカスタム rg,480,1,250,37,http://bandai-hobby.net/item/01_251/
1359,rg ウイングガンダムゼロ カスタム,480,1,250,35,http://bandai-hobby.net/item/01_251/
1360,gセルフ,4400,2,250,32,http://bandai-hobby.net/item/01_390/
1361,マチュ フィギュアライズ,480,1,250,34,http://bandai-hobby.net/item/01_5936/
1362,hg ムラサメ改,480,1,250,37,http://bandai-hobby.net/item/01_5362/
1363,hg デスサイズ,480,1,250,19,http://bandai-hobby.net/item/01_3420/
1364,30ms 発売日,480,1,250,38,http://bandai-hobby.net/brand/30ms/
1365,ディジェ,6600,4,250,32,http://bandai-hobby.net/item/01_2025/
1366,mg デスティニー エクストリームブラスト,480,1,250,28,http://bandai-hobby.net/item/01_1668/
1367,ガンダムアスタロト,4400,2,250,22,http://bandai-hobby.net/item/01_551/
1368,プラノ サウルス ジュラシックワールド,480,1,250,26,http://bandai-hobby.net/site/plannosaurus/jw/
1369,アルトアイゼン,4400,2,250,21,http://bandai-hobby.net/item/01_3614/
1370,マンダロリアン プラモデル,480,1,250,19,http://bandai-hobby.net/item/01_7108/
1371,hgce デスティニーガンダム,480,1,250,27,http://bandai-hobby.net/item/01_2167/
1372,hg シルヴァバレト,480,1,250,37,http://bandai-hobby.net/item/01_41/
1373,hg ウイングガンダムゼロ ew,480,1,250,21,http://bandai-hobby.net/item/01_1577/
1374,シャイニングガンダム mg,480,1,250,23,http://bandai-hobby.net/item/01_1746/
1375,オプションパーツセット ガンプラ,480,1,250,33,http://bandai-hobby.net/brand/optionpartsset/
1376,ジークアクス 軽キャノン,480,1,250,28,http://bandai-hobby.net/item/01_5951/
1377,ウイングガンダムゼロ カスタム rg,480,1,250,31,http://bandai-hobby.net/item/01_251/
1378,mg アストレイレッドフレーム,480,1,250,21,http://bandai-hobby.net/item/01_7269/
1379,ウィングガンダムゼロカスタム rg,480,1,250,28,http://bandai-hobby.net/item/01_5968/
1380,メカコレクション ドラゴンボール,480,1,250,25,http://bandai-hobby.net/site/dragonball/mechacolle.html
1381,ハンマーハンマー,4400,2,250,19,http://bandai-hobby.net/item/01_1054/
1382,ビルドブースターmk ii,480,1,250,21,http://bandai-hobby.net/item/01_6765/
1383,mg ストライクフリーダム フルバーストモード,480,1,250,27,http://bandai-hobby.net/item/01_5642/
1384,ガンダムレオパルド ダヴィンチ,480,1,250,24,http://bandai-hobby.net/item/01_383/
1385,アチェルビー type c,480,1,250,18,http://bandai-hobby.net/item/01_5078/
1386,水星 の魔女 プラモデル,480,1,250,39,http://bandai-hobby.net/series/g-witch/
1387,メカコレクション 宇宙戦艦ヤマト,480,1,250,20,http://bandai-hobby.net/item/01_6866/
1388,ガンダムトリスタン,4400,2,250,25,http://bandai-hobby.net/item/01_1012/
1389,武器セット ガンプラ,480,1,250,31,http://bandai-hobby.net/brand/optionpartsset/
1390,rg エールストライクガンダム,480,1,250,33,http://bandai-hobby.net/item/01_3720/
1391,30mm ナイトフォール,480,1,250,32,http://bandai-hobby.net/item/01_5266/
1392,30ms オプションパーツセット,480,1,250,23,http://bandai-hobby.net/site/30minutes_sisters/lineup/
1393,シャア専用ザク 赤い彗星ver,480,1,250,36,http://bandai-hobby.net/item/01_2174/
1394,rg クロスボーン,480,1,250,34,http://bandai-hobby.net/item/01_2251/
1395,ディランザソル,590,1,249,24,http://bandai-hobby.net/item/01_4400/
1396,ザクレロ プラモデル,480,1,247,27,http://bandai-hobby.net/item/01_3102/
1397,gp 01fb,480,1,247,18,http://bandai-hobby.net/item/01_876/
1398,大阪 万博ガンダム プラモデル,3600,2,247,23,http://bandai-hobby.net/site/expo2025-gunpla/
1399,プラモデル ガンプラ,480,1,247,57,http://bandai-hobby.net/gunpla/
1400,30ms アイマス,480,1,247,32,http://bandai-hobby.net/site/30minutes_sisters/special/idolmaster/
1401,エクシア ガンプラ,480,1,247,35,http://bandai-hobby.net/item/01_5654/
1402,mg クアンタ,480,1,247,39,http://bandai-hobby.net/item/01_985/
1403,ex スタンダード,480,1,247,17,http://bandai-hobby.net/brand/SDEX/
1404,fazz ガンプラ,480,1,247,39,http://bandai-hobby.net/item/01_2584/
1405,rg 新作,480,1,247,19,http://bandai-hobby.net/brand/rg/
1406,アレックス ガンプラ,480,1,247,26,http://bandai-hobby.net/item/01_3486/
1407,ガンプラ re100,480,1,247,22,http://bandai-hobby.net/brand/re100/
1408,ヴィダール,4400,2,247,32,http://bandai-hobby.net/item/01_5469/
1409,ガオガイガー rg,480,1,247,16,http://bandai-hobby.net/item/01_4181/
1410,hg アカツキ,480,1,247,21,http://bandai-hobby.net/item/01_5308/
1411,30ms リシェッタ,590,1,247,15,http://bandai-hobby.net/item/01_3534/
1412,gp02 サイサリス,480,1,247,22,http://bandai-hobby.net/item/01_5607/
1413,hg クスィー,480,1,247,20,http://bandai-hobby.net/item/01_3386/
1414,ヤクトドーガ ギュネイ,480,1,247,37,http://bandai-hobby.net/item/01_1806/
1415,ルナ チタニウム,480,1,247,26,http://bandai-hobby.net/site/gundarium/01/
1416,ガンダム ディジェ,480,1,247,37,http://bandai-hobby.net/item/01_2025/
1417,シャニマス プラモ,480,1,247,27,http://bandai-hobby.net/site/30minutes_sisters/special/idolmaster/shinycolors-idolmaster/
1418,クアンタ mg,480,1,247,39,http://bandai-hobby.net/item/01_985/
1419,ダリルバルデ hg,590,1,247,17,http://bandai-hobby.net/item/01_4266/
1420,バーザム,4400,2,247,42,http://bandai-hobby.net/item/01_1000/
1421,ガンタンク ガンプラ,480,1,247,21,http://bandai-hobby.net/item/01_1628/
1422,mg 新作,480,1,247,22,http://bandai-hobby.net/brand/mg/
1423,レギンレイズ ジュリア,590,1,247,21,http://bandai-hobby.net/item/01_795/
1424,ギラズール アンジェロ,480,1,247,20,http://bandai-hobby.net/item/01_5674/
1425,白い ザク,480,1,247,17,http://bandai-hobby.net/item/01_5782/
1426,アンリーシュド,590,1,247,24,http://bandai-hobby.net/site/pgu-rx93/
1427,シャアザク オリジン,480,1,247,28,http://bandai-hobby.net/item/01_2174/
1428,ストフリ rg,480,1,247,27,http://bandai-hobby.net/item/01_5895/
1429,ガンプラ カプル,480,1,247,18,http://bandai-hobby.net/item/01_2413/
1430,アンリーシュド ガンダム,480,1,247,29,http://bandai-hobby.net/item/01_3328/
1431,ガンプラ キュベレイ,480,1,247,23,http://bandai-hobby.net/item/01_457/
1432,mg インパルス,480,1,247,32,http://bandai-hobby.net/item/01_1681/
1433,ギャン ジークアクス,6600,3,247,38,http://bandai-hobby.net/item/01_5952/
1434,re100 ガンプラ,480,1,247,20,http://bandai-hobby.net/brand/re100/
1435,インパルス mg,480,1,247,19,http://bandai-hobby.net/item/01_1681/
1436,ストフリ mg,480,1,247,34,http://bandai-hobby.net/item/01_5643/
1437,rg ストライク,480,1,247,35,http://bandai-hobby.net/item/01_3720/
1438,rg ストフリ,480,1,247,18,http://bandai-hobby.net/item/01_5895/
1439,エクゾディア プラモ,480,1,247,17,http://bandai-hobby.net/item/01_4916/
1440,プラモデル パーツ,480,1,247,30,http://bandai-hobby.net/customer_support/
1441,hg 1/144 グスタフカール00型,480,1,246,26,http://bandai-hobby.net/item/01_6873/
1442,ザク シャア,6600,3,246,40,http://bandai-hobby.net/item/01_2805/
1443,rg ウィング ガンダムゼロカスタム,480,1,246,35,http://bandai-hobby.net/item/01_251/
1444,白いガンダム hg 予約,480,1,246,22,http://bandai-hobby.net/item/01_6781/
1445,hg 1/144 グスタフ カール00型,480,1,246,29,http://bandai-hobby.net/item/01_6873/
1446,バンシィ ノルン,6600,3,246,35,http://bandai-hobby.net/item/01_1259/
1447,mg zzガンダム 強化型,480,1,246,38,http://bandai-hobby.net/item/01_1211/
1448,ユニコーン m g,480,1,246,27,http://bandai-hobby.net/item/01_5671/
1449,ダンボール戦機 プラモデル 一覧,480,1,246,21,http://bandai-hobby.net/series/lbx/
1450,mg ウイングガンダム プロトゼロ,480,1,246,26,http://bandai-hobby.net/item/01_5882/
1451,ガンダムレオパルド ダ ヴィンチ,480,1,246,19,http://bandai-hobby.net/item/01_383/
1452,ウィング ガンダムゼロ カスタム rg,480,1,246,31,http://bandai-hobby.net/item/01_5968/
1453,mgハイニューガンダム ver ka,480,1,246,27,http://bandai-hobby.net/item/01_183/
1454,ウィング ガンダムゼロカスタム rg,480,1,246,27,http://bandai-hobby.net/item/01_5968/
1455,ジムジム,480,1,244,25,http://bandai-hobby.net/item/01_1081/
1456,sdw,480,1,244,20,http://bandai-hobby.net/series/sdgundamworld_heroes/
1457,バンダイ スピリッツ 発売日,590,1,243,41,http://bandai-hobby.net/schedule/
1458,ハインドリーシュトルム,480,1,243,30,http://bandai-hobby.net/item/01_4402/
1459,ローザンファイター,480,1,243,20,http://bandai-hobby.net/item/01_5404/
1460,egストライクガンダム,480,1,243,36,http://bandai-hobby.net/site/entry_grade/strikegundam.html
1461,モビルドールサラ,480,1,243,36,http://bandai-hobby.net/item/01_2054/
1462,ガンプラ新作 予定 2025,590,1,243,19,http://bandai-hobby.net/schedule/
1463,シュバルベグレイズ,480,1,243,29,http://bandai-hobby.net/item/01_416/
1464,hgucリガズィ,480,1,243,26,http://bandai-hobby.net/item/01_1808/
1465,ギャンhguc,480,1,243,21,http://bandai-hobby.net/item/01_555/
1466,リーベルホーリーナイト,480,1,243,20,http://bandai-hobby.net/item/01_5251/
1467,30ms発売日,480,1,243,37,http://bandai-hobby.net/brand/30ms/
1468,ガンプラアレックス,480,1,243,24,http://bandai-hobby.net/item/01_3486/
1469,hgucクスィーガンダム,480,1,243,23,http://bandai-hobby.net/item/01_3386/
1470,グリモアレッドベレー,480,1,243,20,http://bandai-hobby.net/item/01_1316/
1471,rgクロスボーン,480,1,243,37,http://bandai-hobby.net/item/01_2251/
1472,hgucハイゴッグ,480,1,243,31,http://bandai-hobby.net/item/01_2640/
1473,hgucリックディアス,480,1,243,27,http://bandai-hobby.net/item/01_550/
1474,pgアストレイ,480,1,243,23,http://bandai-hobby.net/item/01_3718/
1475,hgucキュベレイ,480,1,243,38,http://bandai-hobby.net/item/01_457/
1476,ビルドストライクギャラクシーコスモス,480,1,243,19,http://bandai-hobby.net/item/01_1261/
1477,ブルーフレームセカンドl,480,1,243,38,http://bandai-hobby.net/item/01_5811/
1478,ドムr35,480,1,243,19,http://bandai-hobby.net/item/01_361/
1479,宇宙戦艦ヤマトメカコレクション,480,1,243,22,http://bandai-hobby.net/item/01_6866/
1480,月岡 恋鐘 プラモ,590,1,243,19,http://bandai-hobby.net/item/01_5367/
1481,ストライクmg,480,1,243,22,http://bandai-hobby.net/item/01_5808/
1482,ガンダムアストレイ ゴールドフレーム天 ミナ,590,1,243,21,http://bandai-hobby.net/item/01_833/
1483,白いガンダムガンプラ,480,1,243,31,http://bandai-hobby.net/item/01_6781/
1484,mgシャイニングガンダム,480,1,243,24,http://bandai-hobby.net/item/01_1746/
1485,ジェガンブラストマスター,480,1,243,34,http://bandai-hobby.net/item/01_1891/
1486,サンダー ボルト サイコザク,480,1,242,30,http://bandai-hobby.net/item/01_549/
1487,ガンダム バルバトス 第 6 形態,480,1,242,17,http://bandai-hobby.net/item/01_502/
1488,ギャン シュトローム hg,480,1,242,37,http://bandai-hobby.net/item/01_5206/
1489,ガンダム イベント 2026,480,1,242,38,http://bandai-hobby.net/site/gbase_worldtour/yokohama/
1490,ガンプラ サザビー mg,480,1,242,37,http://bandai-hobby.net/item/01_15/
1491,クスィー ガンダム mg,480,1,242,26,http://bandai-hobby.net/site/hathaway/
1492,ガンダム x ガンプラ,480,1,242,24,http://bandai-hobby.net/series/x/
1493,ハイ ニュー ガンダム ガンプラ,480,1,242,36,http://bandai-hobby.net/item/01_3524/
1494,ガンダム x プラモデル,480,1,242,19,http://bandai-hobby.net/series/x/
1495,レオパルド ダ ヴィンチ,480,1,242,24,http://bandai-hobby.net/item/01_383/
1496,ストライク ルージュ pg,480,1,242,21,http://bandai-hobby.net/item/01_4947/
1497,サイコザク サンダー ボルト,480,1,242,36,http://bandai-hobby.net/item/01_549/
1498,ガザ c ハマーン,480,1,242,32,http://bandai-hobby.net/item/01_5499/
1499,シルバー バレット ガンダム,480,1,242,20,http://bandai-hobby.net/item/01_41/
1500,ギラ ズール アンジェロ,480,1,242,20,http://bandai-hobby.net/item/01_5674/
1501,フル メカニクス カラミティ,480,1,242,19,http://bandai-hobby.net/item/01_3426/
1502,ガンダム x プラモ,480,1,242,20,http://bandai-hobby.net/series/x/
1503,hg バンシィ ノルン,480,1,242,16,http://bandai-hobby.net/item/01_82/
1504,ガンプラ mg サザビー,480,1,242,27,http://bandai-hobby.net/item/01_15/
1505,デスティニー ガンダム hgce,480,1,242,22,http://bandai-hobby.net/item/01_2167/
1506,ウイング ガンダム ゼロ カスタム rg,480,1,242,31,http://bandai-hobby.net/item/01_251/
1507,アルファ シスターズ ファンタズム3,720,1,238,19,http://bandai-hobby.net/item/01_6756/
1508,ペーネロペー ガンダム,5400,2,238,36,http://bandai-hobby.net/item/01_2443/
1509,ガンプラ 販売 スケジュール,590,1,236,29,http://bandai-hobby.net/schedule/
1510,lbx オーディーン,590,1,236,22,http://bandai-hobby.net/item/01_2448/
1511,エンデュミオン ガンダム,590,1,236,22,http://bandai-hobby.net/item/01_6865/
1512,ダブルオー ガンプラ,590,1,236,19,http://bandai-hobby.net/series/g-00/
1513,30mm プラモデル,590,1,236,23,http://bandai-hobby.net/brand/30mm/
1514,リド ウォルフ,590,1,236,39,http://bandai-hobby.net/site/acepilot/profile/profile_lydowolf.html
1515,bandaihobby,480,1,236,49,http://bandai-hobby.net/
1516,ガンプラ サイサリス,590,1,236,19,http://bandai-hobby.net/item/01_5607/
1517,マチュ プラモデル,590,1,236,22,http://bandai-hobby.net/item/01_5936/
1518,ガンプラ 台座,590,1,236,22,http://bandai-hobby.net/brand/actionbase/
1519,gp01 フルバーニアン,590,1,236,31,http://bandai-hobby.net/item/01_876/
1520,アチェルビー type d,590,1,236,20,http://bandai-hobby.net/item/01_5366/
1521,佐藤咲菜,480,1,236,36,http://bandai-hobby.net/site/plamogirlsproject/linklplanet/member05.html
1522,ゲルググ ボカタ,590,1,236,21,http://bandai-hobby.net/item/01_5935/
1523,ハロ ガンプラ,590,1,236,20,http://bandai-hobby.net/item/01_2588/
1524,アカツキ rg,590,1,236,26,http://bandai-hobby.net/item/01_5394/
1525,ブースト レイダー,590,1,236,32,http://bandai-hobby.net/item/01_5505/
1526,エクシア トランザム,590,1,236,22,http://bandai-hobby.net/item/01_914/
1527,rg プラモデル,590,1,236,31,http://bandai-hobby.net/brand/rg/
1528,gp03 デンドロビウム,590,1,236,19,http://bandai-hobby.net/item/01_1618/
1529,78代目武者頑駄無,590,1,235,24,http://bandai-hobby.net/item/01_5077/
1530,デュランダルバルキリー,590,1,235,31,http://bandai-hobby.net/item/01_4907/
1531,ガンプラseed,590,1,235,37,http://bandai-hobby.net/series/seed/
1532,mgキュリオス,590,1,235,23,http://bandai-hobby.net/item/01_2785/
1533,ジュピター ヴ ガンダム,590,1,235,33,http://bandai-hobby.net/item/01_2602/
1534,hg セイバー ガンダム,590,1,235,17,http://bandai-hobby.net/item/01_4373/
1535,ガンプラ11月再販,14800,5,233,14,http://bandai-hobby.net/schedule/
1536,sd ガンダム ワールドヒーローズ,1000,1,233,25,http://bandai-hobby.net/series/sdgundamworld_heroes/
1537,ハンマハンマ,4400,2,232,19,http://bandai-hobby.net/item/01_1054/
1538,軍警ザク,4400,2,232,23,http://bandai-hobby.net/item/01_5931/
1539,アンクシャ,4400,2,232,26,http://bandai-hobby.net/item/01_5754/
1540,山田りょう,6600,3,231,22,http://bandai-hobby.net/item/01_6953/
1541,セイラ専用軽キャノン,6600,3,231,21,http://bandai-hobby.net/item/01_6855/
1542,ez 8 mg,720,1,230,22,http://bandai-hobby.net/item/01_750/
1543,サンダー ボルト ザク,720,1,230,17,http://bandai-hobby.net/item/01_24/
1544,hg キャリバー ン,720,1,230,36,http://bandai-hobby.net/item/01_4633/
1545,ガンダム ジークアクス プラモ,720,1,230,22,http://bandai-hobby.net/site/gquuuuuux/
1546,ガンプラ ネオジオ ング,720,1,230,25,http://bandai-hobby.net/item/01_132/
1547,ガンダム ダブル エックス,4400,2,226,34,http://bandai-hobby.net/item/01_5876/
1548,wガンダムゼロカスタム,590,1,225,44,http://bandai-hobby.net/item/01_2981/
1549,gユニット,590,1,225,26,http://bandai-hobby.net/site/g-unit/
1550,gp03デンドロビウム,590,1,225,21,http://bandai-hobby.net/item/01_1618/
1551,神バーニングガンダム,590,1,225,33,http://bandai-hobby.net/item/01_5015/
1552,エールカラミティ,590,1,225,32,http://bandai-hobby.net/item/01_4026/
1553,エヴァ マーク 6,3600,2,225,23,http://bandai-hobby.net/item/01_3413/
1554,フォレスティエリ,590,1,225,20,http://bandai-hobby.net/item/01_4163/
1555,ブーストレイダー,590,1,225,33,http://bandai-hobby.net/item/01_5505/
1556,ガンダム ポップアップ ストア,590,1,220,38,http://bandai-hobby.net/site/popup_niigata2026/
1557,クスィー ガンダム 大き さ,590,1,220,25,http://bandai-hobby.net/item/01_3386/
1558,ガンプラ rg 新作,590,1,220,20,http://bandai-hobby.net/brand/rg/
1559,初代 ガンダム ガンプラ,590,1,220,34,http://bandai-hobby.net/series/gundam/
1560,ブラウ ブロ プラモデル,590,1,220,24,http://bandai-hobby.net/item/01_3143/
1561,ガンダム エアリアル hg,590,1,220,39,http://bandai-hobby.net/item/01_4257/
1562,pg unleashed ガンダム,590,1,220,30,http://bandai-hobby.net/item/01_3328/
1563,ガンプラ 新作 予定 2025,590,1,220,18,http://bandai-hobby.net/schedule/
1564,ガンダム レオパルド hg,590,1,220,22,http://bandai-hobby.net/item/01_7125/
1565,bandai spirits 1 60 pg unleashed rx 78 2 ガンダム,390,1,217,36,http://bandai-hobby.net/item/01_3328/
1566,ガンダムアッセンブル ルール,390,1,214,23,http://bandai-hobby.net/site/gundam-assemble/about/playguide/
1567,gアーマー hg,390,1,214,30,http://bandai-hobby.net/item/01_3909/
1568,hg ジム寒冷地仕様,390,1,214,26,http://bandai-hobby.net/item/01_1635/
1569,gガンダム プラモデル,390,1,214,21,http://bandai-hobby.net/series/ggundam/
1570,ガンプラ ダブルゼータ,390,1,214,25,http://bandai-hobby.net/series/gundam-zz/
1571,シェンロン ガンダム hg,480,1,214,26,http://bandai-hobby.net/item/01_4179/
1572,ナラティブガンダム hg,390,1,214,35,http://bandai-hobby.net/item/01_2157/
1573,ナイトフォール 30mm,390,1,214,35,http://bandai-hobby.net/item/01_5266/
1574,hg アルトアイゼン,390,1,214,35,http://bandai-hobby.net/item/01_7279/
1575,ジム寒冷地仕様 hg,390,1,214,26,http://bandai-hobby.net/item/01_1635/
1576,hguc 陸戦型ガンダム,390,1,214,30,http://bandai-hobby.net/item/01_1298/
1577,gガンダム プラモ,390,1,214,23,http://bandai-hobby.net/series/ggundam/
1578,mgストライクフリーダム フルバースト,390,1,214,27,http://bandai-hobby.net/item/01_5642/
1579,30ms フェイスパーツ,390,1,214,26,http://bandai-hobby.net/site/30minutes_sisters/lineup/
1580,hg ザク2,390,1,214,35,http://bandai-hobby.net/item/01_3669/
1581,バンダイ新作 発表,390,1,214,41,http://bandai-hobby.net/
1582,ガンプラ 新作情報,390,1,214,51,http://bandai-hobby.net/schedule/
1583,rg フルアーマーユニコーンガンダム,390,1,214,32,http://bandai-hobby.net/item/01_2028/
1584,マスターグレード 一覧,390,1,214,23,http://bandai-hobby.net/brand/mg/
1585,ザク2 ガンプラ,390,1,214,38,http://bandai-hobby.net/item/01_3669/
1586,コアファイター プラモデル,390,1,214,21,http://bandai-hobby.net/item/01_5691/
1587,mg エールストライク,390,1,214,24,http://bandai-hobby.net/item/01_5808/
1588,hg ブリッツガンダム,390,1,214,30,http://bandai-hobby.net/item/01_4581/
1589,アーマードコア6 プラモデル,390,1,214,22,http://bandai-hobby.net/site/30minutes_missions/armoredcore/
1590,グフイグナイテッド ハイネ,390,1,214,18,http://bandai-hobby.net/item/01_7110/
1591,ダンボール戦機 ハンター,390,1,214,21,http://bandai-hobby.net/item/01_2214/
1592,30ms ツキルナ,480,1,214,18,http://bandai-hobby.net/item/01_5079/
1593,mg ガンダム age 2 マグナム,480,1,214,36,http://bandai-hobby.net/item/01_2125/
1594,ガンプラ zzガンダム,390,1,214,22,http://bandai-hobby.net/series/gundam-zz/
1595,グスタフカール ユニコーン,390,1,214,38,http://bandai-hobby.net/item/01_2093/
1596,ストライクガンダム rg,390,1,214,21,http://bandai-hobby.net/item/01_3720/
1597,レイザークレスト プラモデル,390,1,214,23,http://bandai-hobby.net/item/01_7106/
1598,ガンキャノン mg,390,1,214,26,http://bandai-hobby.net/item/01_1446/
1599,mg フルアーマーダブルゼータガンダム,390,1,214,17,http://bandai-hobby.net/item/01_6875/
1600,hg デュエルガンダム,390,1,214,35,http://bandai-hobby.net/item/01_4579/
1601,リアルグレード ニューガンダム,390,1,214,31,http://bandai-hobby.net/item/01_2343/
1602,シュバルゼッテ hg,480,1,214,38,http://bandai-hobby.net/item/01_4404/
1603,ユニコーン 3号機,390,1,214,18,http://bandai-hobby.net/item/01_1392/
1604,ガンプラ ザク2,390,1,214,34,http://bandai-hobby.net/item/01_3669/
1605,量産型ザク rg,390,1,214,37,http://bandai-hobby.net/item/01_2224/
1606,ガンダムzz ガンプラ,390,1,214,21,http://bandai-hobby.net/series/gundam-zz/
1607,日光東照宮 ガンダム,390,1,214,31,http://bandai-hobby.net/item/01_5353/
1608,横浜ガンダム プラモデル,390,1,214,38,http://bandai-hobby.net/brand/gfy/
1609,ガンダムセンチネル 機体一覧,390,1,214,17,http://bandai-hobby.net/series/sentinel/
1610,hg エアリアル改修型,390,1,214,35,http://bandai-hobby.net/item/01_4327/
1611,セブン ソード ダブルオー,480,1,214,17,http://bandai-hobby.net/item/01_987/
1612,ガンプラ オリジン,480,1,214,35,http://bandai-hobby.net/series/origin/
1613,30ms ルルチェ,480,1,214,25,http://bandai-hobby.net/item/01_6939/
1614,サイコガンダムmk2 プラモデル,390,1,214,25,http://bandai-hobby.net/item/01_5468/
1615,mg レジェンドガンダム,390,1,214,24,http://bandai-hobby.net/item/01_5603/
1616,x2 クロスボーン,390,1,214,22,http://bandai-hobby.net/item/01_4053/
1617,rg マーク2,390,1,214,19,http://bandai-hobby.net/item/01_2882/
1618,レジェンドガンダム mg,390,1,214,23,http://bandai-hobby.net/item/01_5603/
1619,vダッシュガンダム hg,390,1,214,21,http://bandai-hobby.net/item/01_291/
1620,mg ストライク ルージュ,480,1,214,32,http://bandai-hobby.net/item/01_5869/
1621,プラモ 新製品,390,1,214,41,http://bandai-hobby.net/schedule/
1622,アカツキガンダム オオワシ,390,1,214,35,http://bandai-hobby.net/item/01_5394/
1623,86 ジャガーノート,390,1,214,20,http://bandai-hobby.net/site/eightysix/lineup/
1624,zzガンダム ガンプラ,390,1,214,23,http://bandai-hobby.net/series/gundam-zz/
1625,名古屋パルコ ガンダム,390,1,214,30,http://bandai-hobby.net/site/gbase_worldtour/nagoya/
1626,オオワシ アカツキガンダム,390,1,214,35,http://bandai-hobby.net/item/01_5530/
1627,ゴッドガンダム ガンプラ,390,1,214,35,http://bandai-hobby.net/series/ggundam/
1628,mg フルアーマーダブルゼータ,390,1,214,20,http://bandai-hobby.net/item/01_6875/
1629,ストライクフリーダム フルバースト,390,1,214,27,http://bandai-hobby.net/item/01_5642/
1630,ガンプラ mgユニコーン,390,1,214,36,http://bandai-hobby.net/item/01_5671/
1631,ガンプラmg バルバトス,390,1,214,34,http://bandai-hobby.net/item/01_2492/
1632,ジムスナイパーカスタム 2,480,1,212,30,http://bandai-hobby.net/item/01_5768/
1633,トランジェントガンダム グレイ シャー,480,1,212,24,http://bandai-hobby.net/item/01_749/
1634,デュエルガンダムアサルトシュラウド mg,480,1,212,23,http://bandai-hobby.net/item/01_1789/
1635,mg ガンダムage 2 マグナム,480,1,212,37,http://bandai-hobby.net/item/01_2125/
1636,トランジェントガンダム グレイシャー,480,1,212,24,http://bandai-hobby.net/item/01_749/
1637,hg 1/144 gquuuuuux エンディミオン ユニット覚醒時,480,1,212,23,http://bandai-hobby.net/item/01_6865/
1638,hg 1/144 gquuuuuux エンディミオンユニット覚醒時,480,1,212,39,http://bandai-hobby.net/item/01_6865/
1639,hg レギンレイズジュリア,480,1,212,20,http://bandai-hobby.net/item/01_795/
1640,ストフリpg,390,1,211,41,http://bandai-hobby.net/item/01_2878/
1641,試作4号機,390,1,211,35,http://bandai-hobby.net/item/01_316/
1642,ストライクフリーダムフルバースト,390,1,211,26,http://bandai-hobby.net/item/01_5642/
1643,クロス ボーン ガンダムx1,3600,2,211,37,http://bandai-hobby.net/item/01_2251/
1644,ユニコーンガンダム顔,390,1,211,40,http://bandai-hobby.net/site/auto_trans/
1645,ナイチンゲールsd,390,1,211,28,http://bandai-hobby.net/item/01_1359/
1646,hgデュエルガンダム,390,1,211,32,http://bandai-hobby.net/item/01_4579/
1647,mgナイチンゲール,390,1,211,24,http://bandai-hobby.net/item/01_187/
1648,トラヴィスカークランド,390,1,211,19,http://bandai-hobby.net/site/acepilot/profile/profile_traviskirkland.html
1649,ザクツー改,390,1,211,38,http://bandai-hobby.net/item/01_1680/
1650,ガンプラサイズ,390,1,211,27,http://bandai-hobby.net/site/whatsgunpla.html
1651,スーパーザクカスタムf2000,390,1,211,21,http://bandai-hobby.net/item/01_4730/
1652,ガンダムシュバルツリッター,390,1,211,24,http://bandai-hobby.net/item/01_1001/
1653,hgブリッツガンダム,390,1,211,20,http://bandai-hobby.net/item/01_4581/
1654,ガンプラzzガンダム,390,1,211,21,http://bandai-hobby.net/series/gundam-zz/
1655,ガンプラメガサイズ一覧,390,1,211,25,http://bandai-hobby.net/brand/megasize/
1656,mgレジェンドガンダム,390,1,211,21,http://bandai-hobby.net/item/01_5603/
1657,ストライクガンダムrg,390,1,211,21,http://bandai-hobby.net/item/01_3720/
1658,ハイレゾリューションモデル,390,1,211,21,http://bandai-hobby.net/brand/hirm/
1659,ガンプラ新製品,390,1,211,39,http://bandai-hobby.net/schedule/
1660,sdナイチンゲール,390,1,211,20,http://bandai-hobby.net/item/01_1359/
1661,ノイエジールガンプラ,390,1,211,29,http://bandai-hobby.net/item/01_1522/
1662,hgシリーズ,390,1,211,37,http://bandai-hobby.net/brand/hg/
1663,寒冷地ジム,390,1,211,22,http://bandai-hobby.net/item/01_1635/
1664,mgサイサリス,390,1,211,23,http://bandai-hobby.net/item/01_1588/
1665,pgストフリ,390,1,211,39,http://bandai-hobby.net/item/01_2878/
1666,トリプルドム,390,1,211,24,http://bandai-hobby.net/item/01_5279/
1667,ガンプラの新商品が11月に発売予定,390,1,211,20,http://bandai-hobby.net/schedule/
1668,ガンプラシード,390,1,211,37,http://bandai-hobby.net/series/seed/
1669,ザクf2000,390,1,211,20,http://bandai-hobby.net/item/01_4730/
1670,mgエールストライク,390,1,211,24,http://bandai-hobby.net/item/01_5808/
1671,戦闘空母ひゅうが,390,1,211,33,http://bandai-hobby.net/item/01_5971/
1672,zzガンダムガンプラ,390,1,211,22,http://bandai-hobby.net/series/gundam-zz/
1673,シャニマス30ms,390,1,211,25,http://bandai-hobby.net/site/30minutes_sisters/special/idolmaster/shinycolors-idolmaster/
1674,ギラズール親衛隊,390,1,211,16,http://bandai-hobby.net/item/01_5693/
1675,hgデュナメス,390,1,211,29,http://bandai-hobby.net/item/01_5655/
1676,hgパーフェクトストライクガンダム,390,1,211,19,http://bandai-hobby.net/item/01_4641/
1677,hgインフィニットジャスティスガンダム,390,1,211,38,http://bandai-hobby.net/item/01_2786/
1678,mgアストレイレッドフレーム,390,1,211,25,http://bandai-hobby.net/item/01_7269/
1679,カービィプラモデル,390,1,211,23,http://bandai-hobby.net/item/01_3431/
1680,rgマーク2,390,1,211,17,http://bandai-hobby.net/item/01_2882/
1681,グフプラモデル,390,1,211,32,http://bandai-hobby.net/item/01_531/
1682,mgファッツ,390,1,211,37,http://bandai-hobby.net/item/01_2584/
1683,メガサイズ,390,1,211,22,http://bandai-hobby.net/brand/megasize/
1684,gbnベースガンダム,390,1,211,30,http://bandai-hobby.net/item/01_2081/
1685,ダブルゼッツー,390,1,211,19,http://bandai-hobby.net/item/01_664/
1686,サタニクスガンダム,390,1,211,20,http://bandai-hobby.net/item/01_2789/
1687,hg ムーンガンダム,590,1,210,28,http://bandai-hobby.net/item/01_1881/
1688,w ガンダムゼロカスタム,590,1,210,41,http://bandai-hobby.net/item/01_2981/
1689,ガンダムw ゼロカスタム,590,1,210,44,http://bandai-hobby.net/item/01_2981/
1690,ガンダムルブリス ジウ,590,1,210,22,http://bandai-hobby.net/item/01_4982/
1691,ジークフリード マクロス,590,1,210,33,http://bandai-hobby.net/item/01_7035/
1692,アルスアースリィガンダム,480,1,209,19,http://bandai-hobby.net/item/01_2708/
1693,mg ストライクフリーダム フル バースト,390,1,209,27,http://bandai-hobby.net/item/01_5642/
1694,ストライクフリーダム mg フルバースト,390,1,209,27,http://bandai-hobby.net/item/01_5642/
1695,hg インフィニット ジャスティスガンダム,390,1,209,40,http://bandai-hobby.net/item/01_2786/
1696,hg gセルフ パーフェクトパック,390,1,209,33,http://bandai-hobby.net/item/01_390/
1697,サイコガンダム mk2 プラモデル,390,1,209,21,http://bandai-hobby.net/item/01_5468/
1698,宇宙戦艦ヤマト 3199 アリゾナ,390,1,209,23,http://bandai-hobby.net/item/01_7018/
1699,イージスナイト,480,1,209,25,http://bandai-hobby.net/item/01_2804/
1700,仮面ライダー フィギュア ライズ,390,1,209,24,http://bandai-hobby.net/series/rider/
1701,mg アストレイ レッドフレーム,390,1,209,22,http://bandai-hobby.net/item/01_7269/
1702,インフィニット ジャスティスガンダム hg,390,1,209,36,http://bandai-hobby.net/item/01_2786/
1703,mg ストライクフリーダム フルバースト,390,1,209,27,http://bandai-hobby.net/item/01_5642/
1704,ガンプラオリジン,480,1,209,35,http://bandai-hobby.net/series/origin/
1705,通販ガンプラ,4400,2,209,42,http://bandai-hobby.net/gunpla/
1706,30msルルチェ,480,1,209,25,http://bandai-hobby.net/item/01_6939/
1707,サイコガンダム mk2 プラモ,390,1,209,24,http://bandai-hobby.net/item/01_5468/
1708,ガンダム プラモデル 最新情報,390,1,209,60,http://bandai-hobby.net/schedule/
1709,ジムスナイパーカスタム2,480,1,209,39,http://bandai-hobby.net/item/01_5768/
1710,ストライクフリーダム mg フル バースト,390,1,209,27,http://bandai-hobby.net/item/01_5642/
1711,ガンダムnt 1 hguc,390,1,209,14,http://bandai-hobby.net/item/01_3486/
1712,vダッシュガンダム ver ka,390,1,209,20,http://bandai-hobby.net/item/01_1762/
1713,トランジェントガンダムグレイシャー,480,1,209,24,http://bandai-hobby.net/item/01_749/
1714,mgsd デスティニーガンダム 発売日,390,1,209,24,http://bandai-hobby.net/item/01_6881/
1715,ガンダム センチネル 機体一覧,390,1,209,17,http://bandai-hobby.net/series/sentinel/
1716,ストライクフリーダム フル バースト,390,1,209,26,http://bandai-hobby.net/item/01_5642/
1717,シャリア専用 リックドム gq,390,1,209,29,http://bandai-hobby.net/item/01_6872/
1718,ガンプラ pg ニューガンダム,390,1,209,24,http://bandai-hobby.net/site/pgu-rx93/
1719,ガンダムセンチネル 機体 一覧,390,1,209,17,http://bandai-hobby.net/series/sentinel/
1720,ガンプラ seed,590,1,208,37,http://bandai-hobby.net/series/seed/
1721,鉄血 ガンプラ,590,1,208,23,http://bandai-hobby.net/series/tekketsu/
1722,シャニマス キャラクター,9900,9,208,37,http://bandai-hobby.net/site/30minutes_sisters/special/idolmaster/shinycolors-idolmaster/
1723,横浜ガンダムプラモデル,390,1,208,38,http://bandai-hobby.net/brand/gfy/
1724,ex ガンダム,590,1,208,41,http://bandai-hobby.net/item/01_5361/
1725,バンシィノルン,6600,3,207,18,http://bandai-hobby.net/item/01_82/
1726,プルツー,6600,3,207,35,http://bandai-hobby.net/item/01_5454/
1727,bb 戦士 一覧,720,1,203,20,http://bandai-hobby.net/brand/bb/
1728,rg ソード インパルス,720,1,203,31,http://bandai-hobby.net/item/01_3071/
1729,1 100 mg fazz ver ka,720,1,203,35,http://bandai-hobby.net/item/01_2584/
1730,旧 ザク hg,720,1,203,17,http://bandai-hobby.net/item/01_5598/
1731,ガンダム エクシア hg,720,1,203,34,http://bandai-hobby.net/item/01_5654/
1732,30minutes missions,390,1,202,25,http://bandai-hobby.net/site/30minutes_missions/
1733,ミルクトゥース プラモ,390,1,201,22,http://bandai-hobby.net/item/01_5573/
1734,サイコガンダムmk2 プラモ,390,1,201,30,http://bandai-hobby.net/item/01_5468/
1735,アイドルマスター プラモデル,390,1,201,33,http://bandai-hobby.net/series/idolmaster/
1736,hgac ウイングガンダム,390,1,201,35,http://bandai-hobby.net/item/01_5861/
1737,hg rジャジャ,390,1,201,35,http://bandai-hobby.net/item/01_2079/
1738,hg ガンダムレギルス,390,1,201,37,http://bandai-hobby.net/item/01_3605/
1739,初号機 プラモ,390,1,201,21,http://bandai-hobby.net/series/evangelion/
1740,クロスボーン フルクロス,390,1,201,26,http://bandai-hobby.net/item/01_5649/
1741,ジム改 mg,390,1,201,22,http://bandai-hobby.net/item/01_1812/
1742,ガンプラ 7 月再販,14800,5,201,18,http://bandai-hobby.net/schedule/
1743,ズゴックe hg,390,1,201,33,http://bandai-hobby.net/item/01_2705/
1744,フィギュアライズ 仮面ライダー,390,1,201,21,http://bandai-hobby.net/series/rider/
1745,クロスボーンガンダムフルクロス mg,390,1,201,22,http://bandai-hobby.net/item/01_5649/
1746,ガンダムレギルス hg,390,1,201,36,http://bandai-hobby.net/item/01_3605/
1747,山田リョウ プラモデル,390,1,201,19,http://bandai-hobby.net/item/01_6953/
1748,ジム 寒冷地,390,1,201,19,http://bandai-hobby.net/item/01_1635/
1749,hg パーフェクトストライクガンダム,390,1,201,18,http://bandai-hobby.net/item/01_4641/
1750,zプラス c1,390,1,201,31,http://bandai-hobby.net/item/01_2915/
1751,戦闘空母 ひゅうが,390,1,201,33,http://bandai-hobby.net/item/01_5971/
1752,ペイルライダー 陸戦重装備仕様,390,1,201,34,http://bandai-hobby.net/item/01_3955/
1753,デュエルガンダム hg,390,1,201,35,http://bandai-hobby.net/item/01_4579/
1754,スペリオルガンダム,5400,2,201,40,http://bandai-hobby.net/series/sentinel/
1755,ガンダム エクシアダークマター,390,1,201,18,http://bandai-hobby.net/item/01_75/
1756,仮面ライダー フィギュアライズ,390,1,201,22,http://bandai-hobby.net/series/rider/
1757,ダークハウンド hg,390,1,201,20,http://bandai-hobby.net/item/01_4620/
1758,ウイングゼロ,5400,2,201,32,http://bandai-hobby.net/series/endlesswaltz/
1759,スターデストロイヤー プラモデル,390,1,201,30,http://bandai-hobby.net/item/01_2207/
1760,スペリオル ストライクフリーダムドラゴン,390,1,201,17,http://bandai-hobby.net/item/01_4294/
1761,エールストライク mg,390,1,201,25,http://bandai-hobby.net/item/01_5808/
1762,高機動型ザク mg,390,1,201,18,http://bandai-hobby.net/item/01_767/
1763,ラストシューティング ガンプラ,390,1,201,37,http://bandai-hobby.net/item/01_3307/
1764,ダンボール戦機 プラモ一覧,390,1,201,24,http://bandai-hobby.net/series/lbx/
1765,ジムコマンド 宇宙仕様,390,1,201,36,http://bandai-hobby.net/item/01_4061/
1766,hguc シルヴァバレト,390,1,201,36,http://bandai-hobby.net/item/01_41/
1767,gアーマー hguc,390,1,201,25,http://bandai-hobby.net/item/01_3909/
1768,シルヴァバレト hguc,390,1,201,19,http://bandai-hobby.net/item/01_41/
1769,シルヴァバレト hg,390,1,201,29,http://bandai-hobby.net/item/01_41/
1770,mgアストレイ レッドフレーム,390,1,201,26,http://bandai-hobby.net/item/01_7269/
1771,閃光のハサウェイ デカール,390,1,201,20,http://bandai-hobby.net/item/01_7094/
1772,陸戦型ガンダム hguc,390,1,201,24,http://bandai-hobby.net/item/01_1298/
1773,mg スタービルドストライク,390,1,201,29,http://bandai-hobby.net/item/01_4003/
1774,hguc ガーベラテトラ,390,1,201,29,http://bandai-hobby.net/item/01_5843/
1775,ナラティブ c装備,390,1,201,18,http://bandai-hobby.net/item/01_5164/
1776,バンダイホビーサイト 発売日,390,1,201,41,http://bandai-hobby.net/schedule/
1777,ストライクルージュ hg,390,1,201,33,http://bandai-hobby.net/item/01_83/
1778,今日 発売のガンプラ,390,1,201,40,http://bandai-hobby.net/schedule/
1779,mg ジム改,390,1,201,22,http://bandai-hobby.net/item/01_1812/
1780,境界戦機 ウェポンセット,390,1,201,27,http://bandai-hobby.net/item/01_4090/
1781,mg 高機動型ザク,390,1,201,29,http://bandai-hobby.net/item/01_767/
1782,マクロスデルタ プラモデル,390,1,201,37,http://bandai-hobby.net/series/macrossd/
1783,バンダイホビー 発売日,390,1,201,42,http://bandai-hobby.net/schedule/
1784,gbn ベースガンダム,390,1,201,29,http://bandai-hobby.net/item/01_2081/
1785,ガンプラ 再販 8月,14800,5,201,11,http://bandai-hobby.net/schedule/
1786,hg スタービルドストライク,390,1,201,18,http://bandai-hobby.net/item/01_39/
1787,hguc gアーマー,390,1,201,31,http://bandai-hobby.net/item/01_3909/
1788,hg vダッシュガンダム,390,1,201,19,http://bandai-hobby.net/item/01_291/
1789,ガンダムエクシア ダークマター,390,1,201,18,http://bandai-hobby.net/item/01_75/
1790,スタービルドストライク hg,390,1,201,24,http://bandai-hobby.net/item/01_39/
1791,ケロロロボmk ii,390,1,201,21,http://bandai-hobby.net/item/01_2105/
1792,hgac,390,1,199,17,http://bandai-hobby.net/item/01_3420/
1793,リバイブ ガンダム,390,1,199,21,http://bandai-hobby.net/item/01_370/
1794,ストライカー ジンクス,390,1,199,20,http://bandai-hobby.net/item/01_1234/
1795,ガンタンク オリジン,390,1,199,21,http://bandai-hobby.net/item/01_324/
1796,hguc アンクシャ,390,1,199,39,http://bandai-hobby.net/item/01_5754/
1797,ユニコーン pg,390,1,199,26,http://bandai-hobby.net/item/01_237/
1798,rg gp01,390,1,199,30,http://bandai-hobby.net/item/01_5840/
1799,mg ナイチンゲール,390,1,199,24,http://bandai-hobby.net/item/01_187/
1800,ノイエジール ガンプラ,390,1,199,29,http://bandai-hobby.net/item/01_1522/
1801,gp01 pg,390,1,199,21,http://bandai-hobby.net/item/01_2912/
1802,sdw heroes,390,1,199,24,http://bandai-hobby.net/series/sdgundamworld_heroes/
1803,ロードアストレイ ダブル リベイク,590,1,199,18,http://bandai-hobby.net/item/01_2964/
1804,ジム プラモデル,390,1,199,23,http://bandai-hobby.net/site/gm-gallery/
1805,トリプル ドム,390,1,199,35,http://bandai-hobby.net/item/01_5279/
1806,ハンマハンマ re,390,1,199,20,http://bandai-hobby.net/item/01_1054/
1807,ダブル ゼッツー,390,1,199,24,http://bandai-hobby.net/item/01_664/
1808,新潟 ガンダム,390,1,199,22,http://bandai-hobby.net/site/popup_niigata2026/
1809,hg デュナメス,390,1,199,35,http://bandai-hobby.net/item/01_5655/
1810,シャニマス 30ms,390,1,199,25,http://bandai-hobby.net/site/30minutes_sisters/special/idolmaster/shinycolors-idolmaster/
1811,ゴッドケロン,390,1,199,22,http://bandai-hobby.net/item/01_5338/
1812,メッサー ガンプラ,390,1,199,21,http://bandai-hobby.net/item/01_2753/
1813,ガンプラ ノイエジール,390,1,199,26,http://bandai-hobby.net/item/01_1522/
1814,gp01 hg,390,1,199,17,http://bandai-hobby.net/item/01_678/
1815,sd ナイチンゲール,390,1,199,20,http://bandai-hobby.net/item/01_1359/
1816,クスィー ペーネロペー,390,1,199,37,http://bandai-hobby.net/item/01_3387/
1817,rx78 ガンプラ,390,1,199,33,http://bandai-hobby.net/site/rg/rx-78-2_ver2/
1818,バウ ガンプラ,390,1,199,35,http://bandai-hobby.net/item/01_746/
1819,グリモア ガンダム,390,1,199,18,http://bandai-hobby.net/item/01_204/
1820,rg 一覧,390,1,199,19,http://bandai-hobby.net/brand/rg/
1821,ナイチンゲール sd,390,1,199,20,http://bandai-hobby.net/item/01_1359/
1822,sdmg エアリアル,390,1,199,37,http://bandai-hobby.net/item/01_5962/
1823,ガンダムベース ポップアップ 大阪,590,1,199,38,http://bandai-hobby.net/site/gbase_worldtour/osaka/
1824,ザクウォーリア hg,390,1,199,27,http://bandai-hobby.net/item/01_3976/
1825,トラヴィス カークランド,390,1,199,25,http://bandai-hobby.net/site/acepilot/profile/profile_traviskirkland.html
1826,ガンプラ mgex,390,1,199,27,http://bandai-hobby.net/brand/mgex/
1827,ガンプラ サイズ,390,1,199,18,http://bandai-hobby.net/site/whatsgunpla.html
1828,mg サイサリス,390,1,199,23,http://bandai-hobby.net/item/01_1588/
1829,カービィ プラモデル,390,1,199,23,http://bandai-hobby.net/item/01_3431/
1830,pg gp01,390,1,199,22,http://bandai-hobby.net/item/01_2912/
1831,gp01 rg,390,1,199,33,http://bandai-hobby.net/item/01_5840/
1832,mg ガンダムage 2 ダークハウンド,390,1,198,26,http://bandai-hobby.net/item/01_1797/
1833,30mp 式波 アスカ ラングレー,390,1,198,22,http://bandai-hobby.net/item/01_7009/
1834,アストレイガンダム,6600,2,198,19,http://bandai-hobby.net/item/01_7269/
1835,ターンx,6600,2,198,23,http://bandai-hobby.net/item/01_120/
1836,rg パーフェクトストライクガンダム,390,1,198,26,http://bandai-hobby.net/item/01_2424/
1837,hg イモータルジャスティス,390,1,198,35,http://bandai-hobby.net/item/01_5073/
1838,rg エヴァ 2号機,390,1,198,15,http://bandai-hobby.net/item/01_2855/
1839,ガンダムnt1 hguc,390,1,198,17,http://bandai-hobby.net/item/01_3486/
1840,mg ガンダム4号機,390,1,198,20,http://bandai-hobby.net/item/01_1636/
1841,バウンドドック,6600,2,198,29,http://bandai-hobby.net/item/01_2848/
1842,スタークジェガン,8100,4,197,18,http://bandai-hobby.net/item/01_5666/
1843,アストレイ レッドフレーム mg,390,1,196,21,http://bandai-hobby.net/item/01_7269/
1844,mg ダブルオー クアンタ フルセイバー,390,1,196,38,http://bandai-hobby.net/item/01_1883/
1845,エアリアル フル メカニクス,590,1,196,26,http://bandai-hobby.net/item/01_4328/
1846,高 機動 型ザク mg,390,1,196,21,http://bandai-hobby.net/item/01_767/
1847,mg クロス ボーン ガンダム フルクロス,390,1,196,22,http://bandai-hobby.net/item/01_5649/
1848,クロス ボーン フルクロス,390,1,196,26,http://bandai-hobby.net/item/01_5649/
1849,百式ライズカイン,390,1,196,33,http://bandai-hobby.net/item/01_3333/
1850,mg 高 機動 型ザク,390,1,196,21,http://bandai-hobby.net/item/01_767/
1851,グスタフ カール00型 hg,390,1,196,27,http://bandai-hobby.net/item/01_6873/
1852,ジーク フリード マクロス,590,1,196,33,http://bandai-hobby.net/item/01_7035/
1853,hg 1/144 gquuuuuux,390,1,196,21,http://bandai-hobby.net/item/01_5582/
1854,ウイングガンダム ver ka,390,1,196,29,http://bandai-hobby.net/item/01_3158/
1855,mgガンダム4号機,390,1,196,20,http://bandai-hobby.net/item/01_1636/
1856,バンダイ 発売カレンダー プラモデル,390,1,196,39,http://bandai-hobby.net/schedule/
1857,バンダイ 発売 カレンダー プラモデル,390,1,196,38,http://bandai-hobby.net/schedule/
1858,mg ザク 高機動型,390,1,196,23,http://bandai-hobby.net/item/01_767/
1859,コスモパイソン,390,1,196,39,http://bandai-hobby.net/item/01_5500/
1860,グスタフカール 00 型 hg,390,1,196,27,http://bandai-hobby.net/item/01_6873/
1861,ローゼンズール hg 7,390,1,196,18,http://bandai-hobby.net/item/01_172/
1862,アチェルビー type e,390,1,196,27,http://bandai-hobby.net/item/01_5396/
1863,rx93ff,480,1,195,25,http://bandai-hobby.net/item/01_4189/
1864,バリュート,480,1,195,20,http://bandai-hobby.net/item/01_3837/
1865,orbiter,480,1,195,24,http://bandai-hobby.net/item/01_5398/
1866,hguc陸戦型ガンダム,390,1,194,33,http://bandai-hobby.net/item/01_1298/
1867,89式ベースジャバー,390,1,194,31,http://bandai-hobby.net/item/01_5817/
1868,ストライク フリーダム フル バースト,390,1,194,25,http://bandai-hobby.net/item/01_5642/
1869,zプラスc1,390,1,194,29,http://bandai-hobby.net/item/01_2915/
1870,zz ガンダム ガンプラ,390,1,194,22,http://bandai-hobby.net/series/gundam-zz/
1871,ドーベンウルフ シルヴァ バレト,390,1,194,29,http://bandai-hobby.net/item/01_41/
1872,ザクfz,390,1,194,37,http://bandai-hobby.net/item/01_1680/
1873,mgタイタス,390,1,194,39,http://bandai-hobby.net/item/01_3592/
1874,スペリオルストライクフリーダムドラゴン,390,1,194,24,http://bandai-hobby.net/item/01_4294/
1875,名古屋 パルコ ガンダム,390,1,194,29,http://bandai-hobby.net/site/gbase_worldtour/nagoya/
1876,レジェンド ガンダム mg,390,1,194,23,http://bandai-hobby.net/item/01_5603/
1877,ナラティブc装備,390,1,194,18,http://bandai-hobby.net/item/01_5164/
1878,egストライクルージュ,390,1,194,18,http://bandai-hobby.net/item/01_5440/
1879,ガンプラ パーツ バラ 売り,390,1,194,18,http://bandai-hobby.net/customer_support/
1880,ストライク ガンダム rg,390,1,194,26,http://bandai-hobby.net/item/01_3720/
1881,パルコ ガンダム 名古屋,390,1,194,30,http://bandai-hobby.net/site/gbase_worldtour/nagoya/
1882,カスタマイズシーンベース,390,1,194,20,http://bandai-hobby.net/brand/customize_scenebase/
1883,ガンダム アカツキ オオワシ,390,1,194,37,http://bandai-hobby.net/item/01_5394/
1884,hgウィンダム,390,1,194,20,http://bandai-hobby.net/item/01_2787/
1885,マクロスデルタプラモデル,390,1,194,29,http://bandai-hobby.net/series/macrossd/
1886,キャスト リア プラモ,390,1,194,23,http://bandai-hobby.net/item/01_6942/
1887,fgザク,390,1,194,20,http://bandai-hobby.net/item/01_441/
1888,横浜 ガンダム プラモデル,390,1,194,32,http://bandai-hobby.net/brand/gfy/
1889,フィギュア ライズ ラボ,390,1,194,31,http://bandai-hobby.net/brand/figurerise-labo/
1890,ガンプラ ザク hg,390,1,194,29,http://bandai-hobby.net/item/01_3669/
1891,クロスボーンx2,390,1,194,21,http://bandai-hobby.net/item/01_4053/
1892,mg レジェンド ガンダム,390,1,194,23,http://bandai-hobby.net/item/01_5603/
1893,ガンダム フリーダム プラモデル,390,1,194,21,http://bandai-hobby.net/series/seed-freedom/
1894,レイザー クレスト プラモデル,390,1,194,23,http://bandai-hobby.net/item/01_7106/
1895,パーフェクトストライクフリーダムルージュ,390,1,194,18,http://bandai-hobby.net/item/01_5071/
1896,ガンプラケロロ,390,1,194,20,http://bandai-hobby.net/site/keroro/
1897,ガンダムリバイバル,390,1,194,24,http://bandai-hobby.net/item/01_5373/
1898,プラモデル ガンダム hg,390,1,194,40,http://bandai-hobby.net/brand/hg/
1899,ナイトストライクガンダム,390,1,194,23,http://bandai-hobby.net/item/01_3756/
1900,ウイング ガンダム ver ka,390,1,194,31,http://bandai-hobby.net/item/01_2981/
1901,アカツキ ガンダム オオワシ,390,1,194,35,http://bandai-hobby.net/item/01_5394/
1902,60/1ドム,390,1,194,18,http://bandai-hobby.net/item/01_2934/
1903,サイコガンダムmk2プラモ,390,1,194,24,http://bandai-hobby.net/item/01_5468/
1904,mgジム改,390,1,194,19,http://bandai-hobby.net/item/01_1812/
1905,横浜 ガンダム プラモ,390,1,194,38,http://bandai-hobby.net/brand/gfy/
1906,ガンプララストシューティング,390,1,194,34,http://bandai-hobby.net/item/01_3307/
1907,hg ヴァイス リッター,390,1,194,25,http://bandai-hobby.net/item/01_5491/
1908,試作 4 号機,390,1,194,35,http://bandai-hobby.net/item/01_316/
1909,ガンプラ mg ユニコーン,390,1,194,36,http://bandai-hobby.net/site/mgex/unicorn/
1910,hgアルトアイゼン,390,1,194,35,http://bandai-hobby.net/item/01_7279/
1911,ガンタンクオリジン,390,1,194,21,http://bandai-hobby.net/item/01_324/
1912,ガンプラ 新 製品 バンダイ,390,1,194,34,http://bandai-hobby.net/schedule/
1913,バンダイ 新作 発表,390,1,194,41,http://bandai-hobby.net/
1914,ジム寒冷地,390,1,194,19,http://bandai-hobby.net/item/01_1635/
1915,ガンダム シュバルツ リッター,390,1,194,24,http://bandai-hobby.net/item/01_1001/
1916,ジークアクス シャア ザク,390,1,194,19,http://bandai-hobby.net/item/01_6782/
1917,rgガンダムストライク,390,1,194,18,http://bandai-hobby.net/item/01_3720/
1918,ハンマ ハンマ re,390,1,194,20,http://bandai-hobby.net/item/01_1054/
1919,ガンプラ今日発売,390,1,194,39,http://bandai-hobby.net/schedule/
1920,hgucアンクシャ,390,1,194,36,http://bandai-hobby.net/item/01_5754/
1921,ダブルオー ライザー pg,390,1,194,24,http://bandai-hobby.net/item/01_988/
1922,新作 ガンプラ 情報,390,1,194,44,http://bandai-hobby.net/schedule/
1923,シュヴァルベカスタム,390,1,194,24,http://bandai-hobby.net/item/01_4094/
1924,ガンプラ mg バルバトス,390,1,194,26,http://bandai-hobby.net/item/01_2492/
1925,1/60ドム,390,1,194,21,http://bandai-hobby.net/item/01_2934/
1926,仮面ライダーフィギュアライズ,390,1,194,23,http://bandai-hobby.net/series/rider/
1927,パーツセパレーター,390,1,194,20,http://bandai-hobby.net/item/01_4101/
1928,ガンダム センチネル 機体 一覧,390,1,194,17,http://bandai-hobby.net/series/sentinel/
1929,rgゼフィランサス,390,1,194,35,http://bandai-hobby.net/item/01_5840/
1930,mgブラストインパルス,390,1,194,20,http://bandai-hobby.net/item/01_4054/
1931,パルコ 名古屋 ガンダム,390,1,194,37,http://bandai-hobby.net/site/gbase_worldtour/nagoya/
1932,ガンプラ新作情報,390,1,194,51,http://bandai-hobby.net/schedule/
1933,スーパーカスタムザクf2000,390,1,194,19,http://bandai-hobby.net/item/01_4730/
1934,g ガンダム プラモ,390,1,194,25,http://bandai-hobby.net/series/ggundam/
1935,ザク 2 ガンプラ,390,1,194,27,http://bandai-hobby.net/item/01_3669/
1936,mg高機動型ザク,390,1,194,29,http://bandai-hobby.net/item/01_767/
1937,ストライカージンクス,390,1,194,17,http://bandai-hobby.net/item/01_1234/
1938,ガンプラダブルゼータ,390,1,194,35,http://bandai-hobby.net/series/gundam-zz/
1939,re 100 ガンプラ,390,1,194,19,http://bandai-hobby.net/brand/re100/
1940,ネブラブリッツガンダム,390,1,194,20,http://bandai-hobby.net/item/01_2657/
1941,エヴァンゲリオンのプラモデル,8100,4,193,22,http://bandai-hobby.net/series/evangelion/
1942,オリジンガンプラ,480,1,193,32,http://bandai-hobby.net/series/origin/
1943,あっせんぶる,8100,4,193,21,http://bandai-hobby.net/site/gundam-assemble/
1944,ジムバリエーション,480,1,193,34,http://bandai-hobby.net/site/gm-gallery/
1945,ジークアクス ゲルググ,8100,4,193,29,http://bandai-hobby.net/item/01_5932/
1946,ジムスナイパー2,5400,2,191,33,http://bandai-hobby.net/item/01_5768/
1947,ガンダムニューガンダム,390,1,190,42,http://bandai-hobby.net/site/pgu-rx93/
1948,セブンソード ダブルオー,480,1,190,18,http://bandai-hobby.net/item/01_987/
1949,ぼっ ち ざ ろ っ く 虹夏,390,1,190,32,http://bandai-hobby.net/item/01_7032/
1950,ライトニングzガンダム,390,1,190,26,http://bandai-hobby.net/item/01_366/
1951,ガンダムラヴファントム,390,1,190,22,http://bandai-hobby.net/item/01_1988/
1952,復讐のレクイエム ガンプラ,480,1,190,31,http://bandai-hobby.net/series/requiem/
1953,デュエルブリッツ hg,480,1,190,38,http://bandai-hobby.net/item/01_5232/
1954,ジャガーノート 86,480,1,190,23,http://bandai-hobby.net/site/eightysix/lineup/
1955,rgエヴァ2号機,390,1,190,16,http://bandai-hobby.net/item/01_2855/
1956,f90 ガンダム,4400,2,190,39,http://bandai-hobby.net/site/f90project/
1957,ダブルオー セブンソード,480,1,190,28,http://bandai-hobby.net/item/01_987/
1958,びぎな ぎな,4400,2,190,18,http://bandai-hobby.net/item/01_1354/
1959,ガンプラ ラストシューティング,390,1,189,34,http://bandai-hobby.net/item/01_3307/
1960,ガーベラテトラ hguc,390,1,189,24,http://bandai-hobby.net/item/01_5843/
1961,rg アカツキガンダム,390,1,189,31,http://bandai-hobby.net/item/01_5394/
1962,モンキーロディ hg,390,1,189,32,http://bandai-hobby.net/item/01_6763/
1963,rg エヴァ2号機,390,1,189,16,http://bandai-hobby.net/item/01_2855/
1964,rジャジャ hg,390,1,189,35,http://bandai-hobby.net/item/01_2079/
1965,1/144 hguc ナイチンゲール,390,1,189,40,http://bandai-hobby.net/item/01_3506/
1966,rg エヴァンゲリオン 2号機,390,1,189,16,http://bandai-hobby.net/item/01_2855/
1967,hguc ガルスj,390,1,189,27,http://bandai-hobby.net/item/01_5963/
1968,ガンダム gユニット,390,1,189,23,http://bandai-hobby.net/site/g-unit/
1969,フィギュアライズスタンダード マチュ,390,1,189,30,http://bandai-hobby.net/item/01_5936/
1970,mg リゼル ゼネラルレビル,390,1,189,21,http://bandai-hobby.net/item/01_5786/
1971,rg エヴァンゲリオン2号機,390,1,189,16,http://bandai-hobby.net/item/01_2855/
1972,オリジン ガンプラ,480,1,187,33,http://bandai-hobby.net/series/origin/
1973,ジム バリエーション,480,1,187,40,http://bandai-hobby.net/site/gm-gallery/
1974,オルフェンズ ガンプラ,480,1,187,19,http://bandai-hobby.net/series/tekketsu/
1975,リックドム ツヴァイ,480,1,187,33,http://bandai-hobby.net/item/01_3007/
1976,ガンダム 四 号機,480,1,187,19,http://bandai-hobby.net/item/01_1636/
1977,rx78 2 gundam,480,1,187,23,http://bandai-hobby.net/site/rg/rx-78-2_ver2/
1978,デュエル ブリッツ hg,480,1,187,38,http://bandai-hobby.net/item/01_5232/
1979,フィンファンネル,5400,2,186,28,http://bandai-hobby.net/item/01_6883/
1980,ストライクフリーダム弐式,5400,2,186,21,http://bandai-hobby.net/item/01_7079/
1981,インフィニットジャスティス,5400,2,186,21,http://bandai-hobby.net/item/01_2786/
1982,g ユニット ガンダム,390,1,185,24,http://bandai-hobby.net/site/g-unit/
1983,ノイエ ジール,8100,3,185,31,http://bandai-hobby.net/item/01_1522/
1984,ギラ ズール ギルボア,390,1,185,32,http://bandai-hobby.net/item/01_3924/
1985,エルフ ブルック,390,1,185,29,http://bandai-hobby.net/item/01_268/
1986,ハイゴッグ hguc,480,1,184,31,http://bandai-hobby.net/item/01_2640/
1987,ムゲンドラモン プラモデル,480,1,184,19,http://bandai-hobby.net/item/01_3355/
1988,ブレイジング ガンダム,480,1,184,25,http://bandai-hobby.net/item/01_3625/
1989,ジェガン ガンプラ,480,1,184,33,http://bandai-hobby.net/item/01_1711/
1990,グフイグナイテッド,3600,2,184,27,http://bandai-hobby.net/item/01_7110/
1991,ドム r35,480,1,184,23,http://bandai-hobby.net/item/01_361/
1992,ツキルナ 再販,480,1,184,26,http://bandai-hobby.net/item/01_5079/
1993,ウィンダム hg,480,1,184,25,http://bandai-hobby.net/item/01_2787/
1994,30mm レヴィニクス,480,1,184,17,http://bandai-hobby.net/item/01_6766/
1995,hguc バーザム,480,1,184,39,http://bandai-hobby.net/item/01_1000/
1996,ザガン ガンダム,480,1,184,36,http://bandai-hobby.net/item/01_6773/
1997,シェンロンガンダム,3600,2,184,34,http://bandai-hobby.net/item/01_4179/
1998,キュベレイ hguc,480,1,184,37,http://bandai-hobby.net/item/01_457/
1999,sd サザビー,480,1,184,23,http://bandai-hobby.net/item/01_3021/
2000,ムゲンドラモン プラモ,480,1,184,17,http://bandai-hobby.net/item/01_3355/
