No,Keywords,Volume,Position,Est. Visits,Seo Difficulty,Ranking Url
1,いる かっ ち,6600,1,2489,26,http://czech.hatenablog.com/entry/irukatchino-sodate-hou
2,たまごっちパラダイス攻略,18100,3,1290,14,http://czech.hatenablog.com/entry/tamagotchi-paradaisu-kouryaku
3,たまごっち 食べ物 進化,2900,1,933,12,http://czech.hatenablog.com/entry/tamagotchino-tabemono-to
4,うーたん三輪車 なぜ,9900,3,884,26,http://czech.hatenablog.com/entry/utan-sanrinsya
5,コニー 抱っこ紐 死亡,2400,1,831,25,http://czech.hatenablog.com/entry/konny-danger
6,いる かっ ち 育て方,1900,1,652,21,http://czech.hatenablog.com/entry/irukatchino-sodate-hou
7,たまごっち寝かせ方,1300,1,520,29,http://czech.hatenablog.com/entry/tamagotchi-paradaisu-wo
8,マイたまごっち 進化 一覧,1300,1,516,9,http://czech.hatenablog.com/entry/mai-tamagotchi-shinka-2
9,たまごっち 寝かせ方,1300,1,507,28,http://czech.hatenablog.com/entry/tamagotchi-paradaisu-wo
10,たまごっちドクロマーク,1000,1,425,27,http://czech.hatenablog.com/entry/tamagotchino-dokuromaaku-kanzen
11,たまごっち ドクロマーク,1000,1,412,27,http://czech.hatenablog.com/entry/tamagotchino-dokuromaaku-kanzen
12,みみっち 育て方,1000,1,412,26,http://czech.hatenablog.com/entry/mimitchino-sodate-hou
13,出産報告 インスタ,1000,1,412,27,http://czech.hatenablog.com/entry/insuta-de-shussan
14,妊娠報告 サプライズ 100均,1300,1,401,14,http://czech.hatenablog.com/entry/100yen-ninshinhoukoku
15,妊娠報告サプライズ 100 均,1300,1,401,14,http://czech.hatenablog.com/entry/100yen-ninshinhoukoku
16,にょきにょき ヤング 進化,1000,1,358,18,http://czech.hatenablog.com/entry/nyokinyoki-yangu-ha
17,たまごっち　進化,12100,4,299,12,http://czech.hatenablog.com/entry/mai-tamagotchi-shinka-2
18,たまごっち 惑星の名前 かわいい,880,1,278,29,http://czech.hatenablog.com/entry/tamagotchi-wakusei-no
19,産休メール返信,590,1,270,11,http://czech.hatenablog.com/entry/sankyu-aisatsu-henshin
20,もんがっち 育て方,590,1,259,16,http://czech.hatenablog.com/entry/mongatchino-sodate-hou
21,たまごっち惑星 名前おすすめ,480,1,254,29,http://czech.hatenablog.com/entry/tamagotchi-wakusei-no
22,産休 挨拶返信,480,1,254,12,http://czech.hatenablog.com/entry/sankyu-aisatsu-henshin
23,産休挨拶 返信,480,1,254,12,http://czech.hatenablog.com/entry/sankyu-aisatsu-henshin
24,たまごっち みみっちにするには,480,1,254,18,http://czech.hatenablog.com/entry/mimitchino-sodate-hou
25,たまごっちユニ コード,480,1,254,11,http://czech.hatenablog.com/entry/tamagotchi-yuni-no
26,たまごっちパラダイス ラボコード どこ,480,1,250,21,http://czech.hatenablog.com/entry/tamagotchi-paradaisu-no
27,ぽ ちっち 育て方,480,1,250,20,http://czech.hatenablog.com/entry/pochi-tchino-sodate
28,たまごっち 惑星 名前 おすすめ,480,1,250,29,http://czech.hatenablog.com/entry/tamagotchi-wakusei-no
29,たまごっちパラダイス 惑星の名前 おすすめ,480,1,250,29,http://czech.hatenablog.com/entry/tamagotchi-wakusei-no
30,産休 挨拶 返信,480,1,250,11,http://czech.hatenablog.com/entry/sankyu-aisatsu-henshin
31,たまごっちパラダイス いる かっ ち 育て方,480,1,250,10,http://czech.hatenablog.com/entry/irukatchino-sodate-hou
32,すいちゃん歴代,6600,3,231,24,http://czech.hatenablog.com/entry/rekidai-suityan
33,サイゼリア 離乳食持ち込み,390,1,214,11,http://czech.hatenablog.com/entry/saizeriya-rinyusyoku
34,joieベビーカー なぜ安い,390,1,214,8,http://czech.hatenablog.com/entry/joie-cheap
35,カマンベールチーズ 何歳から,390,1,214,11,http://czech.hatenablog.com/entry/kamanbeeruchiizu-ha-nansai
36,みみっち たまごっちパラダイス,390,1,214,21,http://czech.hatenablog.com/entry/mimitchino-sodate-hou
37,たまパラ 進化条件,390,1,214,13,http://czech.hatenablog.com/entry/tamagotchi-paradaisu-kouryaku
38,たまごっち 進化,12100,5,213,7,http://czech.hatenablog.com/entry/original-sinkazu
39,たまごっちパラダイスたまさいぼー,390,1,211,21,http://czech.hatenablog.com/entry/tamagotchi-paradaisu-saibou
40,カマンベールチーズ　何歳から,390,1,211,8,http://czech.hatenablog.com/entry/kamanbeeruchiizu-ha-nansai
41,カマンベールチーズ何歳から,390,1,211,8,http://czech.hatenablog.com/entry/kamanbeeruchiizu-ha-nansai
42,joie ベビーカー なぜ安い,390,1,209,8,http://czech.hatenablog.com/entry/joie-cheap
43,サイゼリア 離乳食 持ち込み,390,1,209,16,http://czech.hatenablog.com/entry/saizeriya-rinyusyoku
44,すごろく マス 内容 面白い,390,1,194,19,http://czech.hatenablog.com/entry/sugoroku-omoshiroimasu
45,意見文 テーマ,3600,2,180,14,http://czech.hatenablog.com/entry/tyugakusei-ikenbun
46,コニー 抱っこ 紐 事故,320,1,151,23,http://czech.hatenablog.com/entry/konny-danger
47,すごろく マス 内容,320,1,151,11,http://czech.hatenablog.com/entry/sugoroku-omoshiroimasu
48,た まさ いぼ ー 見方,320,1,151,14,http://czech.hatenablog.com/entry/tamagotchi-paradaisu-saibou
49,たまごっちの進化,12100,5,151,16,http://czech.hatenablog.com/entry/tamagotchino-tabemono-to
50,保育園無償化 ずるい,1600,2,141,27,http://czech.hatenablog.com/entry/hoikuen-musyouka
51,マイたまごっち 進化図,1600,2,141,10,http://czech.hatenablog.com/entry/mai-tamagotchi-shinka-2
52,たまごっちパラダイス 寝かせる,1600,2,141,22,http://czech.hatenablog.com/entry/tamagotchi-paradaisu-wo
53,てんしっち 進化図,1600,2,141,13,http://czech.hatenablog.com/entry/tenshitti
54,たまごっち 寝る時間,1600,2,141,28,http://czech.hatenablog.com/entry/tamagotchi-paradaisu-wo
55,たまごっち ユニ攻略,1600,2,141,23,http://czech.hatenablog.com/entry/tamagotchi-yuni-no-3
56,ござるっち育て方,320,1,140,15,http://czech.hatenablog.com/entry/mai-tamagotchino-shiikuretto
57,すごろくマス内容,320,1,140,11,http://czech.hatenablog.com/entry/sugoroku-omoshiroimasu
58,すごろくお題面白い,320,1,140,15,http://czech.hatenablog.com/entry/sugoroku-omoshiroimasu
59,胡椒何歳から,320,1,140,14,http://czech.hatenablog.com/entry/kosyou-nansai
60,たまパラ惑星の名前,320,1,140,28,http://czech.hatenablog.com/entry/tamagotchi-wakusei-no
61,たまごっちラボコードとは,320,1,140,17,http://czech.hatenablog.com/entry/tamagotchi-paradaisu-no
62,たまごっちパラダイス レベル上げ,1300,2,136,19,http://czech.hatenablog.com/entry/tamagotchi-paradaisu-no-2
63,たまごっちパラダイス 進化図,18100,7,134,10,http://czech.hatenablog.com/entry/tamagotchi-paradaisu-kouryaku
64,すいちゃん 歴代,6600,5,134,25,http://czech.hatenablog.com/entry/rekidai-suityan
65,たまごっち 名前,6600,5,132,23,http://czech.hatenablog.com/entry/tamagotchi-namae-ichiran
66,たまごっちパラダイス 進化条件,2900,2,132,15,http://czech.hatenablog.com/entry/tamagotchi-paradaisu-kouryaku
67,マイたまごっち 進化一覧,1300,2,130,8,http://czech.hatenablog.com/entry/mai-tamagotchi-shinka-2
68,たまごっち 寝る時間 設定,320,1,129,27,http://czech.hatenablog.com/entry/tamagotchi-paradaisu-wo
69,たまごっちパラダイス 食べ物 マーク 一覧,320,1,129,13,http://czech.hatenablog.com/entry/tamagotchi-paradaisu-saibou
70,ふら わっ ち 好きな 食べ物,320,1,129,18,http://czech.hatenablog.com/entry/furawatchi-kanzen-gaido
71,コニー 抱っこ紐 事故,320,1,129,22,http://czech.hatenablog.com/entry/konny-danger
72,たまごっちパラダイス ブリード 一覧,320,1,129,12,http://czech.hatenablog.com/entry/tamagotchi-paradaisu-no-3
73,すごろく お題 面白い,320,1,129,16,http://czech.hatenablog.com/entry/sugoroku-omoshiroimasu
74,くら寿司 離乳食 持ち込み,320,1,129,9,http://czech.hatenablog.com/entry/kura-sushi-rinyusyoku
75,ござる っ ち 育て方,320,1,129,15,http://czech.hatenablog.com/entry/mai-tamagotchino-shiikuretto
76,たまごっち惑星 名前 一覧,320,1,129,28,http://czech.hatenablog.com/entry/tamagotchi-wakusei-no
77,たまごっち 惑星 名前 一覧,320,1,129,28,http://czech.hatenablog.com/entry/tamagotchi-wakusei-no
78,たまごっちスマート 進化 図,320,1,129,15,http://czech.hatenablog.com/entry/tamagotchi-sumaato-kouryaku
79,胡椒 何歳から,320,1,122,15,http://czech.hatenablog.com/entry/kosyou-nansai
80,マイたまごっち 写真攻略,320,1,122,7,http://czech.hatenablog.com/entry/mai-tamagotchi-shashin
81,たまごっちスマート 成長一覧,320,1,122,17,http://czech.hatenablog.com/entry/tamagotchi-sumaato-kouryaku
82,みみっち,74000,8,122,21,http://czech.hatenablog.com/entry/mimitchino-sodate-hou
83,ござるっち 育て方,320,1,122,15,http://czech.hatenablog.com/entry/mai-tamagotchino-shiikuretto
84,コニー抱っこ紐 事故,320,1,122,22,http://czech.hatenablog.com/entry/konny-danger
85,ぷにるんず ビックリマーク,320,1,122,26,http://czech.hatenablog.com/entry/puniruns-bikkuri
86,たまごっち 寝かせる方法,1000,2,114,28,http://czech.hatenablog.com/entry/tamagotchi-paradaisu-wo
87,シナモン 何歳から,1000,2,114,12,http://czech.hatenablog.com/entry/sinamon-nansai
88,文化学園大学 恥ずかしい,1000,2,114,14,http://czech.hatenablog.com/entry/hazukashi
89,スマートキッズベルト 取り締まり,1000,2,114,16,http://czech.hatenablog.com/entry/smartkidsbelt-tsukamaru
90,部活 休む 理由,5400,3,110,13,http://czech.hatenablog.com/entry/bukatsu-yasumu
91,くら寿司 離乳食持ち込み,320,1,108,6,http://czech.hatenablog.com/entry/kura-sushi-rinyusyoku
92,たまごっち おすすめ,1000,2,107,26,http://czech.hatenablog.com/entry/tamagotchihadorega-ninki-ima
93,たまごっちパラダイス シークレット コード,2900,4,102,17,http://czech.hatenablog.com/entry/tamagotchi-paradaisu-no
94,保育園 無償化 ずるい,1600,2,98,27,http://czech.hatenablog.com/entry/hoikuen-musyouka
95,飛行機 3歳 ばれた,1600,2,98,6,http://czech.hatenablog.com/entry/3year-bareru
96,飛行機 3歳 ばれ た,1600,2,93,7,http://czech.hatenablog.com/entry/3year-bareru
97,てんし っ ち 進化図,1600,2,93,9,http://czech.hatenablog.com/entry/tenshitti
98,スイちゃん 歴代,6600,6,92,26,http://czech.hatenablog.com/entry/rekidai-suityan
99,たまごっち ガチャガチャ設置場所,5400,8,92,20,http://czech.hatenablog.com/entry/tamagotchi-gachagacha-setchibasho
100,たまごっち 進化 時間,1600,2,90,22,http://czech.hatenablog.com/entry/mai-tamagotchi-shinka
101,たまごっちパラダイス コード一覧,5400,7,89,11,http://czech.hatenablog.com/entry/tamagotchi-paradaisu-no
102,部活サボる 言い訳,720,2,88,8,http://czech.hatenablog.com/entry/bukatsu-yasumu
103,てんし っ ち 進化 図,1600,2,87,13,http://czech.hatenablog.com/entry/tenshitti
104,保育園 無償 化 ずるい,1600,2,87,27,http://czech.hatenablog.com/entry/hoikuen-musyouka
105,たまごっちユニ 進化,2900,5,86,19,http://czech.hatenablog.com/entry/tamagotchi-yuni-no-3
106,おもちゃ屋さんの倉庫 閉店,320,1,85,21,http://czech.hatenablog.com/entry/omocha-ya-sanno
107,たまごっちおすすめ,1300,2,84,26,http://czech.hatenablog.com/entry/tamagotchihadorega-ninki-ima
108,ジェンダーリビール 気持ち悪い,2400,5,84,13,http://czech.hatenablog.com/entry/jiendariibiiru-ga-kimochiwarui
109,たまごっち トイザらス,6600,9,84,19,http://czech.hatenablog.com/entry/tamagotchi-paradaisu-ha-2
110,ビー玉を転がすおもちゃ,1300,2,84,20,http://czech.hatenablog.com/entry/marble-run-recommend
111,たまごっち 進化図,6600,7,83,13,http://czech.hatenablog.com/entry/shodai-shinka-ichiran
112,たまごっちコネクション 進化,3600,6,83,25,http://czech.hatenablog.com/entry/tamagotchi-konekushon-shinka
113,ビスコ 何歳から,4400,7,83,17,http://czech.hatenablog.com/entry/bisuko-ha-nansai
114,たまごっち寝る時間,1600,2,82,27,http://czech.hatenablog.com/entry/tamagotchi-paradaisu-wo
115,てんしっち進化図,1600,2,82,9,http://czech.hatenablog.com/entry/tenshitti
116,たまごっち進化時間,1600,2,82,22,http://czech.hatenablog.com/entry/mai-tamagotchi-shinka
117,保育園無償化ずるい,1600,2,82,27,http://czech.hatenablog.com/entry/hoikuen-musyouka
118,たまごっちパラダイス フィールド切り替え,3600,8,82,25,http://czech.hatenablog.com/entry/tamagotchi-paradaisu-kouryaku
119,たまごっちユニ攻略,1600,2,82,20,http://czech.hatenablog.com/entry/tamagotchi-yuni-no-3
120,たまごっち 成長過程,2900,6,81,25,http://czech.hatenablog.com/entry/tamagochi-seityouzu
121,たまごっちユニ 進化一覧,2900,6,81,17,http://czech.hatenablog.com/entry/tamagotchi-yuni-no-3
122,ランドセルリメイク 後悔,3600,7,80,7,http://czech.hatenablog.com/entry/randoserurimeiku-de-shippai
123,歴代 スイちゃん,3600,6,80,28,http://czech.hatenablog.com/entry/rekidai-suityan
124,コニー抱っこ紐 死亡,2400,6,79,25,http://czech.hatenablog.com/entry/konny-danger
125,スイちゃん歴代,6600,5,77,21,http://czech.hatenablog.com/entry/rekidai-suityan
126,ローストビーフ 何歳から,1900,5,75,14,http://czech.hatenablog.com/entry/roosutobiifu-ha-nansai
127,まめっち 育て方,1900,5,75,22,http://czech.hatenablog.com/entry/mametchino-sodate-hou
128,オフロスキー 呼んだ,2900,8,74,21,http://czech.hatenablog.com/entry/ohurosuki-yondenai
129,りくキッズ 進化,1300,5,72,11,http://czech.hatenablog.com/entry/tamagotchi-paradaisu-noriku
130,ふら わっ ち,33100,8,71,18,http://czech.hatenablog.com/entry/furawatchi-kanzen-gaido
131,たまごっち 寝かせる 方法,1000,2,71,28,http://czech.hatenablog.com/entry/tamagotchi-paradaisu-wo
132,スイちゃん 5代目,1900,6,71,25,http://czech.hatenablog.com/entry/suityan-godaime-hyouban
133,たまごっち 育て方初代,1300,5,70,26,http://czech.hatenablog.com/entry/shodai-shinka-joken
134,ビー玉転がし おもちゃ,1300,5,70,25,http://czech.hatenablog.com/entry/marble-run-recommend
135,たまごっち 進化時間,1300,5,70,25,http://czech.hatenablog.com/entry/original-shinka-time
136,初代たまごっち 育て方,1300,5,70,26,http://czech.hatenablog.com/entry/shodai-shinka-joken
137,知育菓子まずい ランキング,1300,5,70,8,http://czech.hatenablog.com/entry/tiiku-kashi
138,部活 休む理由,5400,3,69,13,http://czech.hatenablog.com/entry/bukatsu-yasumu
139,たまごっちガチャガチャ 取り扱い店舗,2400,8,69,17,http://czech.hatenablog.com/entry/tamagotchi-gachagacha-setchibasho
140,たまごっちガチャガチャ 設置場所,5400,3,69,17,http://czech.hatenablog.com/entry/tamagotchi-gachagacha-setchibasho
141,フライングボール 本物見分け方,1600,6,67,26,http://czech.hatenablog.com/entry/flyingball-real
142,ベビーカー 5歳,1600,6,67,21,http://czech.hatenablog.com/entry/5years-babycar-instead
143,5歳 ベビーカー,1600,6,67,21,http://czech.hatenablog.com/entry/5years-babycar-instead
144,アンパンマン ポテトいつから,1600,6,67,16,http://czech.hatenablog.com/entry/anpanman-potato
145,ベビーカー ５歳,1600,6,67,18,http://czech.hatenablog.com/entry/5years-babycar-instead
146,アンパンマン ポテト何歳から,1900,7,67,17,http://czech.hatenablog.com/entry/anpanman-potato
147,ラムネ 何歳から,1900,7,67,14,http://czech.hatenablog.com/entry/ramune-ha-nansai
148,みいつけた スイちゃん5代目,1600,7,66,25,http://czech.hatenablog.com/entry/suityan-godaime-hyouban
149,オフロスキー 呼んでない,1600,7,66,25,http://czech.hatenablog.com/entry/ohurosuki-yondenai
150,アンパンマンポテト いつから,1600,7,66,16,http://czech.hatenablog.com/entry/anpanman-potato
151,パイナップル 何歳から,1600,7,66,12,http://czech.hatenablog.com/entry/painappuru-ha-nansai
152,プリキュア 歴代おもちゃ,1600,7,66,24,http://czech.hatenablog.com/entry/purikyua-henshin-aitemu
153,たまごっちパラダイス はたあげ,1600,7,66,16,http://czech.hatenablog.com/entry/tamagotchi-paradaisu-nohataage
154,ストライダー 後悔,1600,7,66,8,http://czech.hatenablog.com/entry/strider-regret
155,みいつけたスイちゃん 5代目,1600,7,66,25,http://czech.hatenablog.com/entry/suityan-godaime-hyouban
156,カニカマ 何歳から,1600,5,65,12,http://czech.hatenablog.com/entry/kanikama-ha-nansai
157,マタニティ旅行 どこに行った,1600,5,65,20,http://czech.hatenablog.com/entry/matanity-ryokou
158,たまごっち gen1,5400,10,65,18,http://czech.hatenablog.com/entry/original-sinkazu
159,ヤマダ電機 たまごっちパラダイス,1600,5,65,17,http://czech.hatenablog.com/entry/tamagotchi-paradaisu-ha
160,たまごっちパラダイス 遊び方,1600,5,65,19,http://czech.hatenablog.com/entry/tamagotchi-paradaisu-kouryaku
161,たまごっち gen2 進化,1000,2,64,22,http://czech.hatenablog.com/entry/original-sinkazu
162,たまごっち ドクロ マーク,1000,2,64,27,http://czech.hatenablog.com/entry/tamagotchino-dokuromaaku-kanzen
163,パウパト キャラクター,6600,10,64,26,http://czech.hatenablog.com/entry/paupatorooru-no-kyarakutaa
164,ポップコーン 何歳から,1900,8,64,10,http://czech.hatenablog.com/entry/poppukoon-ha-nansai
165,たまごっち　おすすめ,1000,2,63,26,http://czech.hatenablog.com/entry/tamagotchihadorega-ninki-ima
166,たまごっちパラダイス 森 シークレット,880,2,63,28,http://czech.hatenablog.com/entry/tamagotchi-paradaisu-mori
167,たまごっちパラダイス 寝かせる 方法,880,2,63,22,http://czech.hatenablog.com/entry/tamagotchi-paradaisu-wo
168,マミーポコ パンツ なぜ安い,880,2,63,10,http://czech.hatenablog.com/entry/mamiipokopantsu-hanaze-yasui
169,にかっち,1000,2,63,24,http://czech.hatenablog.com/entry/nikatchi-shinka-gaido
170,スマートキッズベルト取り締まり,1000,2,63,18,http://czech.hatenablog.com/entry/smartkidsbelt-tsukamaru
171,出産報告インスタ,1000,2,63,25,http://czech.hatenablog.com/entry/insuta-de-shussan
172,たまごっち寝かせる方法,1000,2,63,28,http://czech.hatenablog.com/entry/tamagotchi-paradaisu-wo
173,シナモン何歳から,1000,2,63,12,http://czech.hatenablog.com/entry/sinamon-nansai
174,コラージュフルフルシャンプー 口コミ,1300,6,62,19,http://czech.hatenablog.com/entry/collage-shampoo
175,エアラブ 洗い方,1300,6,62,19,http://czech.hatenablog.com/entry/airlove-wash
176,妊娠報告サプライズ 100均,1300,6,62,14,http://czech.hatenablog.com/entry/100yen-ninshinhoukoku
177,すいちゃん 初代,1300,6,62,25,http://czech.hatenablog.com/entry/rekidai-suityan
178,ヤング くちぱっち,1300,6,62,16,http://czech.hatenablog.com/entry/kuchipatchino-sodate-hou
179,たまごっちスマート キャラ,1300,7,62,24,http://czech.hatenablog.com/entry/tamagotchi-sumaato-kouryaku
180,たまごっちコネクション 進化一覧,1300,7,62,26,http://czech.hatenablog.com/entry/tamagotchi-konekushon-shinka
181,たまパラ 進化図,1600,9,61,11,http://czech.hatenablog.com/entry/tamagotchi-paradaisu-kouryaku
182,たまごっちラボコード 一覧,1300,8,61,12,http://czech.hatenablog.com/entry/tamagotchi-paradaisu-no
183,子ども 食堂 図 々 しい,1000,2,61,17,http://czech.hatenablog.com/entry/kodomosyokudou-zuzushi
184,アンパンマンミュージアム横浜 裏ワザ,3600,10,61,12,http://czech.hatenablog.com/entry/anpan-urawaza
185,アンパンマンミュージアム 横浜裏ワザ,3600,10,61,12,http://czech.hatenablog.com/entry/anpan-urawaza
186,たまごっちパラダイス細胞マーク,720,2,60,27,http://czech.hatenablog.com/entry/tamagotchi-paradaisu-saibou
187,たまごっちパラダイス レベル上げ方,1000,5,60,16,http://czech.hatenablog.com/entry/tamagotchi-paradaisu-no-2
188,ユニースリープ いつまで,1000,5,60,15,http://czech.hatenablog.com/entry/yunisleep-itsumade
189,ベビーカー 相場,1000,6,60,30,http://czech.hatenablog.com/entry/babycar-price
190,たまごっち 死んだら,1900,9,60,25,http://czech.hatenablog.com/entry/tamagotchi-reset
191,たまごっち初代 キャラ,12100,10,60,21,http://czech.hatenablog.com/entry/shodai-shinka-ichiran
192,おしりふき手口ふき 違い,1000,5,60,14,http://czech.hatenablog.com/entry/oshirifuki-tekuchifuki
193,マシュマロ 何歳から,1000,5,60,12,http://czech.hatenablog.com/entry/mashumaro-ha-nansai
194,くちぱっち 進化,1000,5,60,15,http://czech.hatenablog.com/entry/kuchipatchino-sodate-hou
195,たまごっち コード一覧,1600,9,59,12,http://czech.hatenablog.com/entry/tamagotchi-paradaisu-no
196,割り算筆算 何年生,1000,6,59,10,http://czech.hatenablog.com/entry/hissan-ha-nannen
197,割り算の筆算 何年生,1000,6,59,11,http://czech.hatenablog.com/entry/hissan-ha-nannen
198,西松屋 防水シーツ,1600,9,59,18,http://czech.hatenablog.com/entry/nishimatsuya-bousui-sheet
199,ばい おれ っ ち,880,2,59,26,http://czech.hatenablog.com/entry/furawatchitobaioretchino-chigai-onaji
200,たまごっち りく,1600,9,59,11,http://czech.hatenablog.com/entry/tamagotchi-paradaisu-noriku
201,くちぱっち 育て方,1600,9,59,21,http://czech.hatenablog.com/entry/kuchipatchino-sodate-hou
202,たまごっちパラダイスはたあげ やり方,1000,7,58,15,http://czech.hatenablog.com/entry/tamagotchi-paradaisu-nohataage
203,ベビーワゴン いらない,1000,8,58,13,http://czech.hatenablog.com/entry/bebiiwagon-hairanai-kawa
204,クレヨンしんちゃん 何歳,1000,7,58,21,http://czech.hatenablog.com/entry/kureyon-shinchanha-nansai
205,タコ 何歳から,1000,8,58,11,http://czech.hatenablog.com/entry/tako-ha-nansai
206,おしりふき 手口ふき違い,1000,7,58,18,http://czech.hatenablog.com/entry/oshirifuki-tekuchifuki
207,割り算 筆算何年生,1000,7,58,13,http://czech.hatenablog.com/entry/hissan-ha-nannen
208,産休挨拶 メール,1000,8,58,16,http://czech.hatenablog.com/entry/sankyu-aisatsu-henshin
209,たまごっちパラダイス 細胞 マーク 一覧,880,2,58,25,http://czech.hatenablog.com/entry/tamagotchi-paradaisu-saibou
210,たまごっち 進化 一覧,8100,6,58,7,http://czech.hatenablog.com/entry/original-sinkazu
211,たまごっちパラダイス フィールド,1000,7,58,20,http://czech.hatenablog.com/entry/tamagotchi-paradaisu-kouryaku
212,リカちゃん 家族構成,1000,8,58,25,http://czech.hatenablog.com/entry/rika-family
213,ユニースリープ 使い方,1000,8,58,8,http://czech.hatenablog.com/entry/yunisleep-tukaikata
214,たこ 何歳から,1000,8,58,11,http://czech.hatenablog.com/entry/tako-ha-nansai
215,梅干し 何歳から,1000,7,58,13,http://czech.hatenablog.com/entry/umeboshi-nansai
216,たまごっち 初代キャラ,12100,8,57,33,http://czech.hatenablog.com/entry/shodai-shinka-ichiran
217,うーたん三輪車 元ネタ,1300,9,57,26,http://czech.hatenablog.com/entry/utan-sanrinsya
218,たまごっちオリジナル 進化,1000,10,57,26,http://czech.hatenablog.com/entry/original-shinka-time
219,名古屋アンパンマンミュージアム 攻略,1000,9,57,12,http://czech.hatenablog.com/entry/nagoya-anpanmanmyuujiamu-kouryaku
220,いか 何歳から,1300,9,57,11,http://czech.hatenablog.com/entry/ika-ha-nansai
221,たまごっちパラダイス ラボコード一覧,1300,9,57,20,http://czech.hatenablog.com/entry/tamagotchi-paradaisu-no
222,クレヨンしんちゃん ドラえもん,2400,10,56,25,http://czech.hatenablog.com/entry/kureyon-shinchanto-dora
223,たまごっちパラダイス森 進化,1600,10,56,11,http://czech.hatenablog.com/entry/tamagotchi-paradaisu-mori
224,パウパトロール 新キャラクター,2900,10,56,24,http://czech.hatenablog.com/entry/paupat-new-chara
225,たまごっち わがままサイン,1000,9,56,25,http://czech.hatenablog.com/entry/tamagotchi-shitsuke
226,ベビーカー 値段,1000,9,56,28,http://czech.hatenablog.com/entry/babycar-price
227,ミルトン 買ってはいけない,1000,9,56,14,http://czech.hatenablog.com/entry/miruton-ha-katsu
228,たまごっちパラダイスふらわっち,880,2,56,26,http://czech.hatenablog.com/entry/furawatchi-kanzen-gaido
229,マイたまごっち 攻略,1600,10,56,18,http://czech.hatenablog.com/entry/mai-tamagotchi-shashin
230,ベビーベッド卒業後 ニトリ,1000,9,56,17,http://czech.hatenablog.com/entry/babybed-sotsugyou-nitori
231,ジョブレイバー キャラクター,1000,9,56,21,http://czech.hatenablog.com/entry/jobureibaa-no-kyarakutaa
232,水天宮前 写真館,1000,9,54,14,http://czech.hatenablog.com/entry/suitengu
233,uno 何枚,1300,10,54,18,http://czech.hatenablog.com/entry/uno-syurui
234,たまごっちスマート キャラクター,1300,10,54,23,http://czech.hatenablog.com/entry/tamagotchi-sumaato-kouryaku
235,ミルクウォーマー 使い方,1000,10,53,13,http://czech.hatenablog.com/entry/milkwalmer-tukaikata
236,たまごっち フィールド切り替え,1000,10,53,25,http://czech.hatenablog.com/entry/tamagotchi-paradaisu-kouryaku
237,部活　休む理由,5400,5,53,12,http://czech.hatenablog.com/entry/bukatsu-yasumu
238,ビスコ　何歳から,4400,5,49,20,http://czech.hatenablog.com/entry/bisuko-ha-nansai
239,ビスコ何歳から,4400,5,49,20,http://czech.hatenablog.com/entry/bisuko-ha-nansai
240,ビスコは何歳から,4400,5,49,21,http://czech.hatenablog.com/entry/bisuko-ha-nansai
241,み ゃ おっ ち 育て方,2400,3,45,8,http://czech.hatenablog.com/entry/myaotchino-sodate-hou
242,たまごっち 進化 図,6600,8,45,16,http://czech.hatenablog.com/entry/original-sinkazu
243,スイちゃん 何歳,2400,4,44,9,http://czech.hatenablog.com/entry/suityan-nenrei
244,ホッピング 体に悪い,590,2,44,12,http://czech.hatenablog.com/entry/hoppingu-ha-karada
245,ミスド 何歳から,590,2,44,16,http://czech.hatenablog.com/entry/misudo-ha-nansai
246,初代たまごっち キャラクター,12100,9,44,22,http://czech.hatenablog.com/entry/shodai-shinka-ichiran
247,てんしっち 進化,2400,4,44,16,http://czech.hatenablog.com/entry/tenshitti
248,たまごっち どれが人気,590,2,44,25,http://czech.hatenablog.com/entry/tamagotchihadorega-ninki-ima
249,すいちゃん 何歳,2400,4,44,9,http://czech.hatenablog.com/entry/suityan-nenrei
250,アンパンマン ミュージアム 横浜 裏 ワザ,3600,5,43,24,http://czech.hatenablog.com/entry/anpan-urawaza
251,ぐそく っ ち,3600,5,42,26,http://czech.hatenablog.com/entry/gusokutchino-sodate-hou
252,スイ ちゃん 歴代,6600,6,42,26,http://czech.hatenablog.com/entry/rekidai-suityan
253,たまごっちの名前,8100,8,40,25,http://czech.hatenablog.com/entry/tamagotchi-namae-ichiran
254,マイたまごっち進化,5400,7,40,10,http://czech.hatenablog.com/entry/tamagotchi-apuri-kouryaku
255,部活 休む言い訳,1600,3,40,8,http://czech.hatenablog.com/entry/bukatsu-yasumu
256,たまごっち お世話ミスとは,1600,3,40,28,http://czech.hatenablog.com/entry/tamagotchi-paradaisu-noo
257,たまごっちパラダイス 寝る時間,1600,3,40,28,http://czech.hatenablog.com/entry/tamagotchi-paradaisu-wo
258,たまごっちパラダイス 惑星レベル,1600,3,40,24,http://czech.hatenablog.com/entry/tamagotchi-paradaisu-no-2
259,たまごっちパラダイスりく,5400,7,40,11,http://czech.hatenablog.com/entry/tamagotchi-paradaisu-noriku
260,ベビーミラー 危ない,390,2,39,17,http://czech.hatenablog.com/entry/bebiimiraa-ha-abunai
261,たまごっち 寝ない,390,2,39,28,http://czech.hatenablog.com/entry/tamagotchi-paradaisu-wo
262,エベレス 意味ない,390,2,39,22,http://czech.hatenablog.com/entry/everess-iminai
263,ドーナッツ 何歳から,390,2,39,14,http://czech.hatenablog.com/entry/misudo-ha-nansai
264,サイゼリヤ小エビのサラダ 妊娠中,390,2,39,17,http://czech.hatenablog.com/entry/saizeriya-koebi-ninshin
265,筆算 何年生,390,2,39,14,http://czech.hatenablog.com/entry/hissan-ha-nannen
266,たまごっち 人気機種,390,2,39,26,http://czech.hatenablog.com/entry/tamagotchihadorega-ninki-ima
267,スマートキッズベルト 捕まる,390,2,39,20,http://czech.hatenablog.com/entry/smartkidsbelt-tsukamaru
268,穴子 何歳から,390,2,39,11,http://czech.hatenablog.com/entry/anago-ha-nansai
269,ドーナツ 何歳から,390,2,39,15,http://czech.hatenablog.com/entry/misudo-ha-nansai
270,ふらわっち ばいおれっち,390,2,39,28,http://czech.hatenablog.com/entry/furawatchitobaioretchino-chigai-onaji
271,プリキュア 武器一覧,390,2,39,21,http://czech.hatenablog.com/entry/purikyua-buki-ichiran
272,たまごっち 進化図 初代,1900,3,39,22,http://czech.hatenablog.com/entry/shodai-shinka-joken
273,たまごっち 何時に寝る,390,2,39,27,http://czech.hatenablog.com/entry/tamagotchi-paradaisu-wo
274,ジェンダーリビール気持ち悪い,1900,3,39,19,http://czech.hatenablog.com/entry/jiendariibiiru-ga-kimochiwarui
275,たまごっちパラダイス 病気,390,2,39,25,http://czech.hatenablog.com/entry/tamagotchino-dokuromaaku-kanzen
276,たまごっち 死んだ画面,390,2,39,27,http://czech.hatenablog.com/entry/tamagotchi-shindara
277,たまごっちパラダイス み ゃ おっ ち 育て方,720,2,38,13,http://czech.hatenablog.com/entry/myaotchino-sodate-hou
278,たまごっち初代 育て方,1300,3,38,21,http://czech.hatenablog.com/entry/shodai-shinka-joken
279,たまごっちユニ 攻略,1300,3,38,23,http://czech.hatenablog.com/entry/tamagotchi-yuni-no-3
280,ふらわっち 育て方,1300,3,38,21,http://czech.hatenablog.com/entry/furawatchi-kanzen-gaido
281,部活休む 言い訳,1300,3,38,12,http://czech.hatenablog.com/entry/bukatsu-yasumu
282,たまごっちパラダイス みみっち育て方,1300,3,38,6,http://czech.hatenablog.com/entry/mimitchino-sodate-hou
283,サイベックス パラスg デメリット,720,2,37,6,http://czech.hatenablog.com/entry/cybex-parasu
284,サイベックスパラス g デメリット,720,2,37,6,http://czech.hatenablog.com/entry/cybex-parasu
285,ミスド何歳から,590,2,36,18,http://czech.hatenablog.com/entry/misudo-ha-nansai
286,たまごっちガチャガチャ設置場所,5400,8,35,20,http://czech.hatenablog.com/entry/tamagotchi-gachagacha-setchibasho
287,スイちゃん　歴代,6600,6,35,26,http://czech.hatenablog.com/entry/rekidai-suityan
288,たまごっちふらわっち,5400,8,35,17,http://czech.hatenablog.com/entry/furawatchi-kanzen-gaido
289,たまごっち 初代 進化,2400,4,35,25,http://czech.hatenablog.com/entry/shodai-shinka-ichiran
290,すい ちゃん 何 歳,2400,4,34,21,http://czech.hatenablog.com/entry/suityan-nenrei
291,たまごっちトイザらス,6600,9,34,19,http://czech.hatenablog.com/entry/tamagotchi-paradaisu-ha-2
292,たまごっちスマート進化,320,3,34,26,http://czech.hatenablog.com/entry/tamagotchi-sumaato-kouryaku
293,たまごっち死なない,320,3,34,25,http://czech.hatenablog.com/entry/sibou
294,たまごっち進化図,6600,9,34,22,http://czech.hatenablog.com/entry/original-sinkazu
295,たまごっちパラダイス寝かせ方,2900,2,34,22,http://czech.hatenablog.com/entry/tamagotchi-paradaisu-wo
296,部活休む時の言い訳,320,3,34,10,http://czech.hatenablog.com/entry/bukatsu-yasumu
297,たまごっち死んだ時,320,3,34,25,http://czech.hatenablog.com/entry/tamagotchi-shindara
298,せびれっち育て方,320,3,34,12,http://czech.hatenablog.com/entry/tamagotchi-paradaisu-kouryaku
299,たまごっち惑星レベル,320,3,34,20,http://czech.hatenablog.com/entry/tamagotchi-paradaisu-no-2
300,マイたまごっち シークレット,480,2,33,18,http://czech.hatenablog.com/entry/mai-tamagotchino-shiikuretto
301,わらび餅 何歳から,480,2,33,13,http://czech.hatenablog.com/entry/warabi-mochi-ha
302,たまごっちパラダイス みみっち,1600,4,33,15,http://czech.hatenablog.com/entry/mimitchino-sodate-hou
303,中学生 意見文テーマ,480,2,33,11,http://czech.hatenablog.com/entry/tyugakusei-ikenbun
304,あほ ろ ぱっち,1900,3,33,26,http://czech.hatenablog.com/entry/ahoropatchino-sodate-hou
305,ピルクル 何歳から,480,2,33,12,http://czech.hatenablog.com/entry/pirukuru-ha-nansai
306,くちばしっち 進化,480,2,33,16,http://czech.hatenablog.com/entry/kuchipatchino-sodate-hou
307,たまごっちユニ ダウンロードコード,480,2,33,16,http://czech.hatenablog.com/entry/tamagotchi-yuni-no
308,たまごっちパラダイス うみ,1600,4,33,8,http://czech.hatenablog.com/entry/tamagotchi-paradaisu-kouryaku
309,たまごっち ヤマダ電機,1600,4,33,17,http://czech.hatenablog.com/entry/tamagotchi-paradaisu-ha
310,意見文テーマ 中学生,480,2,33,13,http://czech.hatenablog.com/entry/tyugakusei-ikenbun
311,うーたん 三輪車理由,480,2,33,28,http://czech.hatenablog.com/entry/utan-sanrinsya
312,そらキッズ 進化,1300,4,32,10,http://czech.hatenablog.com/entry/tamagotchi-paradaisu-nosora
313,ジェンダーリビール 気持ち 悪い,2400,5,32,13,http://czech.hatenablog.com/entry/jiendariibiiru-ga-kimochiwarui
314,たまごっち ユニ 進化 一覧,2400,6,32,19,http://czech.hatenablog.com/entry/tamagotchi-yuni-no-3
315,ドーナッツ何歳から,390,2,31,12,http://czech.hatenablog.com/entry/misudo-ha-nansai
316,たまごっちパラダイスおにぎりマーク,390,2,31,25,http://czech.hatenablog.com/entry/tamagotchi-paradaisu-noonigiri
317,たまごっちパラダイスほーほっち,390,2,31,17,http://czech.hatenablog.com/entry/hoohotchino-sodate-hou
318,たまごっちパラダイス寝ない,390,2,31,28,http://czech.hatenablog.com/entry/tamagotchi-paradaisu-wo
319,筆算何年生,390,2,31,14,http://czech.hatenablog.com/entry/hissan-ha-nannen
320,たまごっち寝ない,390,2,31,28,http://czech.hatenablog.com/entry/tamagotchi-paradaisu-wo
321,たまごっち 何時に起きる,1300,4,31,27,http://czech.hatenablog.com/entry/tamagotchi-paradaisu-wo
322,たまごっちパラダイス 惑星の名前,1300,4,31,25,http://czech.hatenablog.com/entry/tamagotchi-wakusei-no
323,知育菓子 まずいランキング,1300,4,31,9,http://czech.hatenablog.com/entry/tiiku-kashi
324,穴子　何歳から,390,2,31,11,http://czech.hatenablog.com/entry/anago-ha-nansai
325,たまごっち何時に寝る,390,2,31,27,http://czech.hatenablog.com/entry/tamagotchi-paradaisu-wo
326,西松屋 おむつ替えシート,1300,4,31,17,http://czech.hatenablog.com/entry/nishimatsuya-omutukaesheet
327,スマートキッズベルト違反,390,2,31,20,http://czech.hatenablog.com/entry/smartkidsbelt-tsukamaru
328,ドーナツ何歳から,390,2,31,15,http://czech.hatenablog.com/entry/misudo-ha-nansai
329,スマートキッズベルト　捕まる,390,2,31,20,http://czech.hatenablog.com/entry/smartkidsbelt-tsukamaru
330,スマートキッズベルト捕まる,390,2,31,20,http://czech.hatenablog.com/entry/smartkidsbelt-tsukamaru
331,うーたん三輪車 になった理由,1300,4,31,28,http://czech.hatenablog.com/entry/utan-sanrinsya
332,穴子何歳から,390,2,31,11,http://czech.hatenablog.com/entry/anago-ha-nansai
333,プリキュア武器一覧,390,2,31,6,http://czech.hatenablog.com/entry/purikyua-buki-ichiran
334,たまごっち人気機種,390,2,31,24,http://czech.hatenablog.com/entry/tamagotchihadorega-ninki-ima
335,スイちゃん 初代,1300,4,31,25,http://czech.hatenablog.com/entry/rekidai-suityan
336,ローストビーフ何歳から,1900,4,31,14,http://czech.hatenablog.com/entry/roosutobiifu-ha-nansai
337,おっとっと何歳から,590,3,30,15,http://czech.hatenablog.com/entry/ottottoha-nansai-kara
338,マグビルド 事故,480,2,30,6,http://czech.hatenablog.com/entry/magbuild-jiko
339,たまごっちパラダイスふらわっち育て方,590,3,30,21,http://czech.hatenablog.com/entry/furawatchi-kanzen-gaido
340,たまごっち死んだ後,590,3,30,24,http://czech.hatenablog.com/entry/tamagotchi-reset
341,たまごっちパラダイス 陸 進化,1600,3,29,6,http://czech.hatenablog.com/entry/tamagotchi-paradaisu-noriku
342,初代たまごっち キャラ,12100,33,29,30,http://czech.hatenablog.com/entry/tamagotchi-namae-ichiran
343,意見文テーマ一覧,320,2,29,11,http://czech.hatenablog.com/entry/tyugakusei-ikenbun
344,ベビーゲート何歳まで,320,2,29,8,http://czech.hatenablog.com/entry/babygate-3years
345,たらこソース シシリー風,3600,28,29,40,http://czech.hatenablog.com/entry/saizeriya-tarako-sicily-ninshin
346,スクスクダイズ怪しい,320,2,29,14,http://czech.hatenablog.com/entry/suskusukudaizu-ayashi
347,マイたまごっち 進化 図,1600,3,29,9,http://czech.hatenablog.com/entry/mai-tamagotchi-shinka-2
348,たつっち,320,2,29,19,http://czech.hatenablog.com/entry/tamagotchi-paradaisu-mori
349,中学生の意見文,480,3,28,14,http://czech.hatenablog.com/entry/tyugakusei-ikenbun
350,部活サボる言い訳,720,3,28,10,http://czech.hatenablog.com/entry/bukatsu-yasumu
351,ラフフとは,1600,3,28,28,http://czech.hatenablog.com/entry/rafufu-to-rabubu
352,部活休む理由当日,480,3,28,10,http://czech.hatenablog.com/entry/bukatsu-yasumu
353,ジュニアシート　背もたれなし　法律,720,3,28,17,http://czech.hatenablog.com/entry/boosterseat-3year
354,たまごっちパラダイス まめ っ ち 育て方,1900,4,28,11,http://czech.hatenablog.com/entry/mametchino-sodate-hou
355,たまごっち死んだらどうする,480,3,28,24,http://czech.hatenablog.com/entry/tamagotchi-shindara
356,たまごっちお世話ミスとは,1600,3,28,28,http://czech.hatenablog.com/entry/tamagotchi-paradaisu-noo
357,部活　サボる言い訳,720,3,28,10,http://czech.hatenablog.com/entry/bukatsu-yasumu
358,たまごっち成長過程,2900,5,28,22,http://czech.hatenablog.com/entry/tamagochi-seityouzu
359,スイちゃん可愛くない,480,3,28,23,http://czech.hatenablog.com/entry/suityan-godaime-hyouban
360,サイゼリヤ離乳食,720,3,28,11,http://czech.hatenablog.com/entry/saizeriya-rinyusyoku
361,たまごっちパラダイス惑星レベル,1600,3,28,24,http://czech.hatenablog.com/entry/tamagotchi-paradaisu-no-2
362,たまごっちパラダイスお世話ミス,1600,3,28,25,http://czech.hatenablog.com/entry/tamagotchi-paradaisu-noo
363,部活　サボる　言い訳,720,3,28,13,http://czech.hatenablog.com/entry/bukatsu-yasumu
364,ベビーパーク講師 辞めたい,590,3,27,11,http://czech.hatenablog.com/entry/babypark-koushi-yametai
365,部活休む言い訳,1300,3,27,12,http://czech.hatenablog.com/entry/bukatsu-yasumu
366,たまごっちユニダウンロードコード,480,2,27,16,http://czech.hatenablog.com/entry/tamagotchi-yuni-no
367,たまごっちパラダイス 起こす方法,590,3,27,28,http://czech.hatenablog.com/entry/tamagotchi-paradaisu-wo
368,わらび餅何歳から,480,2,27,14,http://czech.hatenablog.com/entry/warabi-mochi-ha
369,たまごっちいつ起きる,390,3,27,26,http://czech.hatenablog.com/entry/tamagotchi-paradaisu-wo
370,たまごっちキャラクター進化,390,3,27,12,http://czech.hatenablog.com/entry/tamagochi-seityouzu
371,たまごっちユニサンリオ育て方,390,3,27,9,http://czech.hatenablog.com/entry/uni-sanrio-sodatekata
372,スイちゃん年齢,480,2,27,21,http://czech.hatenablog.com/entry/suityan-nenrei
373,わらび餅　何歳から,480,2,27,14,http://czech.hatenablog.com/entry/warabi-mochi-ha
374,たまごっちユニ育て方,390,3,27,19,http://czech.hatenablog.com/entry/tamagotchi-yuni-no-3
375,たまごっち 歴代一覧,2900,28,27,24,http://czech.hatenablog.com/entry/shodai-shinka-ichiran
376,スイちゃん初代現在,480,2,27,28,http://czech.hatenablog.com/entry/rekidai-suityan
377,さけるチーズ何歳から,390,3,27,18,http://czech.hatenablog.com/entry/sakerucheeu
378,意見文テーマ書きやすい,480,2,27,11,http://czech.hatenablog.com/entry/tyugakusei-ikenbun
379,ランドセルリメイク失敗,480,2,27,9,http://czech.hatenablog.com/entry/randoserurimeiku-de-shippai
380,たまごっち 死亡画面,590,3,27,24,http://czech.hatenablog.com/entry/tamagotchi-shindara
381,ピルクル何歳から,480,2,27,12,http://czech.hatenablog.com/entry/pirukuru-ha-nansai
382,たまごっちユニ コード一覧,590,3,27,11,http://czech.hatenablog.com/entry/tamagotchi-yuni-no
383,たまごっち 初代 育て方,1300,3,26,21,http://czech.hatenablog.com/entry/shodai-shinka-joken
384,たまごっちパラダイス みみっち 育て方,1300,3,26,6,http://czech.hatenablog.com/entry/mimitchino-sodate-hou
385,妊娠報告 友達 ライン 例文,590,2,26,13,http://czech.hatenablog.com/entry/ninshinhoukoku-line
386,たまごっちパラダイス 進化 時間,3600,6,26,21,http://czech.hatenablog.com/entry/tamagotchi-paradaisu-kouryaku
387,おかあさんといっしょファミリーコンサート 倍率,720,3,26,6,http://czech.hatenablog.com/entry/family-bairitsu
388,部活サボる理由,590,3,26,10,http://czech.hatenablog.com/entry/bukatsu-yasumu
389,部活 サボる言い訳,720,3,26,10,http://czech.hatenablog.com/entry/bukatsu-yasumu
390,おっとっと 何 歳 から,590,2,26,15,http://czech.hatenablog.com/entry/ottottoha-nansai-kara
391,たまごっち 進化図 2 代目,590,2,26,23,http://czech.hatenablog.com/entry/gen2-shinkazu
392,たまごっち ふらわっち 育て方,390,2,25,16,http://czech.hatenablog.com/entry/furawatchi-kanzen-gaido
393,たまごっち 寝 ない,390,2,25,28,http://czech.hatenablog.com/entry/tamagotchi-paradaisu-wo
394,たまごっち キャラクター 全 種類,2900,8,25,25,http://czech.hatenablog.com/entry/tamagotchi-namae-ichiran
395,たまごっち ユニ 攻略,1300,3,25,23,http://czech.hatenablog.com/entry/tamagotchi-yuni-no-3
396,サイゼリヤ 小エビのサラダ 妊娠中,390,2,25,17,http://czech.hatenablog.com/entry/saizeriya-koebi-ninshin
397,サイゼリヤ 離乳食 持ち込み,390,2,25,11,http://czech.hatenablog.com/entry/saizeriya-rinyusyoku
398,部活 休む 言い訳,1300,3,25,13,http://czech.hatenablog.com/entry/bukatsu-yasumu
399,ベビーゲート 手作り 開閉 100均,390,2,24,12,http://czech.hatenablog.com/entry/seria-babygate
400,たまごっち パラダイス ラボコード 入手方法,390,2,24,8,http://czech.hatenablog.com/entry/tamagotchi-paradaisu-no
401,たまごっちパラダイス森シークレット,880,3,24,26,http://czech.hatenablog.com/entry/tamagotchi-paradaisu-mori
402,マタニティ旅行どこに行った,1600,4,24,20,http://czech.hatenablog.com/entry/matanity-ryokou
403,たまごっちパラダイス まめ っ ち にする 方法,390,2,24,21,http://czech.hatenablog.com/entry/mametchino-sodate-hou
404,かめっち たまごっち,390,3,24,16,http://czech.hatenablog.com/entry/kame-tchino-sodate
405,妊娠報告おめでとう言わない,880,3,24,18,http://czech.hatenablog.com/entry/omedetouiwanai
406,ダンボールハウス,6600,7,24,25,http://czech.hatenablog.com/entry/danball-house
407,ベビーカーコストコ,880,3,24,18,http://czech.hatenablog.com/entry/costco
408,ヤマダ電機たまごっち,1600,4,24,17,http://czech.hatenablog.com/entry/tamagotchi-paradaisu-ha
409,たまごっち ふら わっ ち 育て方,390,2,24,16,http://czech.hatenablog.com/entry/furawatchi-kanzen-gaido
410,たまごっちパラダイス レベル4にする方法,390,3,24,29,http://czech.hatenablog.com/entry/tamagotchi-paradaisu-no-2
411,部活休む理由 中学生,390,3,24,11,http://czech.hatenablog.com/entry/bukatsu-yasumu
412,たまごっちパラダイス まめ っ ち にする方法,390,2,24,17,http://czech.hatenablog.com/entry/mametchino-sodate-hou
413,ドーナツ 何 歳 から,390,2,24,15,http://czech.hatenablog.com/entry/misudo-ha-nansai
414,離乳食冷凍 何日,390,3,24,16,http://czech.hatenablog.com/entry/rinyusyoku-yasui
415,哺乳瓶 消毒 後 乾かし 方,390,2,24,13,http://czech.hatenablog.com/entry/honyubin-kawakashikata
416,たまごっち ユニ育て方,390,3,24,17,http://czech.hatenablog.com/entry/tamagotchi-yuni-no-3
417,たまごっちユニ 育て方,390,3,24,17,http://czech.hatenablog.com/entry/tamagotchi-yuni-no-3
418,さけるチーズ 何歳から,390,3,24,17,http://czech.hatenablog.com/entry/sakerucheeu
419,ふよふよヤング,880,3,24,18,http://czech.hatenablog.com/entry/fuyofuyo-yangu-no
420,たまごっちパラダイスいるかっち,880,3,24,17,http://czech.hatenablog.com/entry/irukatchino-sodate-hou
421,すいちゃん 可愛くない,480,3,23,19,http://czech.hatenablog.com/entry/suityan-godaime-hyouban
422,子ども食堂 図々しい,1000,3,23,18,http://czech.hatenablog.com/entry/kodomosyokudou-zuzushi
423,たまごっちパラダイス 進化図 最新,1900,5,23,13,http://czech.hatenablog.com/entry/tamagotchi-paradaisu-kouryaku
424,サイゼリア 離乳食,720,4,23,14,http://czech.hatenablog.com/entry/saizeriya-rinyusyoku
425,5 歳 ベビーカー 代わり,590,2,23,20,http://czech.hatenablog.com/entry/5years-babycar-instead
426,部活休む理由 当日,480,3,23,8,http://czech.hatenablog.com/entry/bukatsu-yasumu
427,たまごっち何時に起きる,1300,4,23,27,http://czech.hatenablog.com/entry/tamagotchi-paradaisu-wo
428,どうぶつしょうぎ販売中止理由,1300,4,23,27,http://czech.hatenablog.com/entry/doubutsushougiha-hanbaichuushi-nanoka
429,たまごっちパラダイス コード入力,480,3,23,12,http://czech.hatenablog.com/entry/tamagotchi-paradaisu-no
430,ローストビーフ 何 歳 から,1900,5,23,14,http://czech.hatenablog.com/entry/roosutobiifu-ha-nansai
431,スイちゃん 年齢,480,3,23,13,http://czech.hatenablog.com/entry/suityan-nenrei
432,めんだこっち 育て方,1000,3,23,22,http://czech.hatenablog.com/entry/mendakotchino-sodate-hou
433,ランドセルリメイク 失敗,480,3,23,8,http://czech.hatenablog.com/entry/randoserurimeiku-de-shippai
434,スイちゃん かわいくない,480,3,23,20,http://czech.hatenablog.com/entry/suityan-godaime-hyouban
435,たまごっちパラダイス惑星の名前,1300,4,23,25,http://czech.hatenablog.com/entry/tamagotchi-wakusei-no
436,グーン キャンペーン,2900,31,23,16,http://czech.hatenablog.com/entry/goon-point
437,かみかみチキン いつから,480,3,23,8,http://czech.hatenablog.com/entry/kamikami-chicken
438,たまごっちパラダイス 進化 図 最新,1900,5,23,13,http://czech.hatenablog.com/entry/tamagotchi-paradaisu-kouryaku
439,イフミー 貧乏,480,3,23,12,http://czech.hatenablog.com/entry/ifmr-binbou
440,すいちゃん かわいくない,480,3,23,20,http://czech.hatenablog.com/entry/suityan-godaime-hyouban
441,たまごっちパラダイス スリープモード,320,2,22,28,http://czech.hatenablog.com/entry/tamagotchi-paradaisu-wo
442,イヤイヤ期激しい子 将来,320,2,22,15,http://czech.hatenablog.com/entry/iyaiyaki
443,たまごっちパラダイス ヤング期,720,4,22,24,http://czech.hatenablog.com/entry/tamagotchi-paradaisu-kouryaku
444,たまごっちユニ進化,2900,6,22,19,http://czech.hatenablog.com/entry/tamagotchi-yuni-no-3
445,スウィーティー パウパト,480,3,22,24,http://czech.hatenablog.com/entry/paupatorooru-no-suuiiteii
446,たまごっち惑星 名前候補,320,2,22,26,http://czech.hatenablog.com/entry/tamagotchi-wakusei-no
447,スクスクダイズ 怪しい,320,2,22,14,http://czech.hatenablog.com/entry/suskusukudaizu-ayashi
448,たまごっちパラダイス 起きる時間,1000,4,22,28,http://czech.hatenablog.com/entry/tamagotchi-paradaisu-wo
449,たまごっち 起きる時間,1000,4,22,26,http://czech.hatenablog.com/entry/tamagotchi-paradaisu-wo
450,たまごっち 死ぬ理由,320,2,22,25,http://czech.hatenablog.com/entry/sibou
451,たまごっち 死ぬとどうなる,320,2,22,24,http://czech.hatenablog.com/entry/tamagotchi-shindara
452,スイちゃん 可愛くない,480,3,22,20,http://czech.hatenablog.com/entry/suityan-godaime-hyouban
453,初代たまごっち 進化,1000,4,22,22,http://czech.hatenablog.com/entry/shodai-shinka-joken
454,マイたまごっち 進化条件,320,2,22,6,http://czech.hatenablog.com/entry/mai-tamagotchi-shinka-2
455,西松屋 ブースターシート,720,4,22,14,http://czech.hatenablog.com/entry/nishimatsuya-lucky-booster
456,たまごっち 育成,480,3,22,16,http://czech.hatenablog.com/entry/tamagotchi-paradaisu-kouryaku
457,ベビーゲート 何歳まで,320,2,22,10,http://czech.hatenablog.com/entry/babygate-3years
458,たまごっち 寝る時間設定,320,2,22,28,http://czech.hatenablog.com/entry/tamagotchi-paradaisu-wo
459,たまごっちパラダイス にんじん,480,3,22,28,http://czech.hatenablog.com/entry/tamagotchi-paradaisu-noonigiri
460,たまごっち 死んだ時,320,2,22,24,http://czech.hatenablog.com/entry/tamagotchi-shindara
461,ふら わっ ち 育て方,1300,3,22,18,http://czech.hatenablog.com/entry/furawatchi-kanzen-gaido
462,たまごっち 何時間放置で死ぬ,390,4,21,21,http://czech.hatenablog.com/entry/sibou
463,サイベックス リベルいつから,880,4,21,9,http://czech.hatenablog.com/entry/libel-when
464,たまごっち 死亡,1000,3,21,26,http://czech.hatenablog.com/entry/sibou
465,たまごっち育て方,3600,6,21,17,http://czech.hatenablog.com/entry/tamagotchi-paradaisu-kouryaku
466,たまごっち キッズ期,390,4,21,16,http://czech.hatenablog.com/entry/tamagotchi-paradaisu-kouryaku
467,フライングボール 本物 見分け 方,1600,4,21,21,http://czech.hatenablog.com/entry/flyingball-real
468,パンビーナ 仕組み,1000,4,21,20,http://czech.hatenablog.com/entry/banbiina-omochano-shikumi
469,たまごっち ユニ進化図,880,4,21,19,http://czech.hatenablog.com/entry/tamagotchi-yuni-no-3
470,ドラえもん 何 歳,2400,7,21,18,http://czech.hatenablog.com/entry/dora-emonha-nansai
471,すいちゃん何歳,2400,3,21,21,http://czech.hatenablog.com/entry/suityan-nenrei
472,たまごっち 成長速度,390,4,21,22,http://czech.hatenablog.com/entry/original-shinka-time
473,たまごっち攻略,2400,3,21,17,http://czech.hatenablog.com/entry/tamagotchi-paradaisu-kouryaku
474,ケンタッキー 何歳から,390,4,21,12,http://czech.hatenablog.com/entry/kentakkii-ha-nansai
475,歴代スイちゃん,3600,6,21,26,http://czech.hatenablog.com/entry/rekidai-suityan
476,プリキュア 歴代 変身アイテム,1600,4,21,22,http://czech.hatenablog.com/entry/purikyua-henshin-aitemu
477,たまごっちパラダイス進化時間,3600,6,21,25,http://czech.hatenablog.com/entry/tamagotchi-paradaisu-kouryaku
478,アンパンマン名言,2900,7,20,9,http://czech.hatenablog.com/entry/anpanman-no-meigen
479,料理に文句を言う男 心理,590,4,20,16,http://czech.hatenablog.com/entry/ryori-monku
480,たまごっち すぐ死ぬ,590,4,20,25,http://czech.hatenablog.com/entry/sibou
481,たまごっち アプリ攻略,480,4,20,18,http://czech.hatenablog.com/entry/mai-tamagotchi-kouryaku
482,たまごっちパラダイス くちぱっち育て方,590,4,20,14,http://czech.hatenablog.com/entry/kuchipatchino-sodate-hou
483,えび 何 歳 から,2400,9,20,25,http://czech.hatenablog.com/entry/ebi-ha-nansai
484,カプラ作り方,590,5,20,12,http://czech.hatenablog.com/entry/kapla-ball
485,たまごっち マークの意味,480,4,20,23,http://czech.hatenablog.com/entry/tamagotchi-paradaisu-saibou
486,ぷにるんず 遊び方,480,4,20,11,http://czech.hatenablog.com/entry/puniruns-how-to
487,たまごっちユニ ダウンロードコード一覧,480,4,20,15,http://czech.hatenablog.com/entry/tamagotchi-yuni-no
488,寝返り防止 ベルト　危険性,480,4,20,14,http://czech.hatenablog.com/entry/negaeribousibelt-kikensei
489,意見文 中学生,480,4,20,16,http://czech.hatenablog.com/entry/tyugakusei-ikenbun
490,ベビーカー 満員電車,480,4,20,24,http://czech.hatenablog.com/entry/manin
491,ヤマダ 電機 たまごっち,1600,4,20,17,http://czech.hatenablog.com/entry/tamagotchi-paradaisu-ha
492,たまごっち 進化表,390,4,20,22,http://czech.hatenablog.com/entry/shodai-shinka-ichiran
493,うーたん三輪車 理由,480,4,20,28,http://czech.hatenablog.com/entry/utan-sanrinsya
494,たまごっち 進化図 最新,2400,7,20,12,http://czech.hatenablog.com/entry/tamagochi-seityouzu
495,日本 遊び,2900,29,19,19,http://czech.hatenablog.com/entry/nippon-no-asobi
496,たまごっち死んだら,1900,5,19,24,http://czech.hatenablog.com/entry/tamagotchi-shindara
497,部活をサボる言い訳,720,4,19,13,http://czech.hatenablog.com/entry/bukatsu-yasumu
498,たまごっちパラダイスもんがっち,320,4,19,19,http://czech.hatenablog.com/entry/mongatchino-sodate-hou
499,たまごっち プチプチお店っち お店一覧,1300,4,19,34,http://czech.hatenablog.com/entry/tamagotchino-puchipuchi-omisetchio
500,スイちゃん 初代 現在,480,2,19,17,http://czech.hatenablog.com/entry/rekidai-suityan
501,たまごっちパラダイス 森 進化,1300,4,19,8,http://czech.hatenablog.com/entry/tamagotchi-paradaisu-kouryaku
502,団子何歳から,720,4,19,12,http://czech.hatenablog.com/entry/dango-ha-nansai
503,わらび餅 何 歳から,480,2,19,13,http://czech.hatenablog.com/entry/warabi-mochi-ha
504,うーたん三輪車 になった 理由,1300,4,19,28,http://czech.hatenablog.com/entry/utan-sanrinsya
505,オイスターソース何歳から,590,2,19,15,http://czech.hatenablog.com/entry/oistersauce-nansai
506,フルグラ何歳から,320,4,19,15,http://czech.hatenablog.com/entry/furugura-ha-nansai
507,意見文 テーマ 書きやすい,480,2,19,13,http://czech.hatenablog.com/entry/tyugakusei-ikenbun
508,ぴょこぴょこヤング,480,5,19,10,http://czech.hatenablog.com/entry/ahoropatchino-sodate-hou
509,インスタ 出産 報告,480,2,19,24,http://czech.hatenablog.com/entry/insuta-de-shussan
510,ローストビーフ　何歳から,1900,5,19,14,http://czech.hatenablog.com/entry/roosutobiifu-ha-nansai
511,たまごっち プチプチ お店っち お店一覧,1300,4,19,34,http://czech.hatenablog.com/entry/tamagotchino-puchipuchi-omisetchio
512,どうぶつ しょう ぎ 販売中止 理由,1300,4,19,19,http://czech.hatenablog.com/entry/doubutsushougiha-hanbaichuushi-nanoka
513,コニー　抱っこ紐　後悔,320,4,19,9,http://czech.hatenablog.com/entry/konny-danger
514,どうぶつしょうぎ 販売中止 理由,1300,4,19,27,http://czech.hatenablog.com/entry/doubutsushougiha-hanbaichuushi-nanoka
515,たまごっちパラダイス ラボコード 数字,480,2,19,7,http://czech.hatenablog.com/entry/tamagotchi-paradaisu-no
516,サイゼリア離乳食,720,4,19,14,http://czech.hatenablog.com/entry/saizeriya-rinyusyoku
517,ココナッツ何歳から,320,4,19,11,http://czech.hatenablog.com/entry/kokonattsu-ha-nansai
518,たまごっち ユニ ダウンロードコード一覧,480,2,19,20,http://czech.hatenablog.com/entry/tamagotchi-yuni-no
519,西松屋 スリーパー,2900,26,19,19,http://czech.hatenablog.com/entry/nishimatsuya-sleaper
520,杏仁豆腐　何歳から,720,4,19,7,http://czech.hatenablog.com/entry/annintofu
521,たまごっち通信できる,320,4,19,22,http://czech.hatenablog.com/entry/tamagotchi-tsuushin-gaido
522,たまごっち 一覧,12100,21,19,37,http://czech.hatenablog.com/entry/tamagotchi-namae-ichiran
523,どうぶつ しょう ぎ 販売 中止 理由,1300,4,19,27,http://czech.hatenablog.com/entry/doubutsushougiha-hanbaichuushi-nanoka
524,たまごっち プチプチお店 っ ち お店一覧,1300,4,19,34,http://czech.hatenablog.com/entry/tamagotchino-puchipuchi-omisetchio
525,プール休む方法,320,4,19,25,http://czech.hatenablog.com/entry/pool-yasumu
526,たまごっちパラダイスキッズ期,720,4,19,21,http://czech.hatenablog.com/entry/tamagotchi-paradaisu-kouryaku
527,たまごっちスマートキャラクター一覧,320,4,19,26,http://czech.hatenablog.com/entry/tamagotchi-sumaato-no
528,知育 菓子 まずい ランキング,1300,5,18,8,http://czech.hatenablog.com/entry/tiiku-kashi
529,まめ っ ち たまごっちパラダイス,480,2,18,19,http://czech.hatenablog.com/entry/mametchino-sodate-hou
530,母子手帳 保護者の氏名記入例,320,4,18,19,http://czech.hatenablog.com/entry/boshitetyou-dochi
531,紐通しおもちゃ 手作り,320,4,18,22,http://czech.hatenablog.com/entry/himo-toshi
532,知育菓子 まずい ランキング,1300,5,18,8,http://czech.hatenablog.com/entry/tiiku-kashi
533,フルグラ 何歳から,320,4,18,15,http://czech.hatenablog.com/entry/furugura-ha-nansai
534,たまごっちパラダイス レベル4 にする 方法,480,2,18,29,http://czech.hatenablog.com/entry/tamagotchi-paradaisu-no-2
535,エスメラルダ 枕洗い方,320,4,18,11,http://czech.hatenablog.com/entry/esumeraruda-araikata
536,たまごっちキャラクター 初代,12100,22,18,26,http://czech.hatenablog.com/entry/gen1-shinkazu
537,たまごっちパラダイスそらキッズ 進化,320,4,18,10,http://czech.hatenablog.com/entry/tamagotchi-paradaisu-nosora
538,スイ ちゃん 5 代目,1900,6,18,23,http://czech.hatenablog.com/entry/suityan-godaime-hyouban
539,たまごっち 育て方 初代,1300,5,18,26,http://czech.hatenablog.com/entry/shodai-shinka-joken
540,エスメラルダ枕 洗い方,320,4,18,12,http://czech.hatenablog.com/entry/esumeraruda-araikata
541,子ども食堂図々しい,1000,3,18,16,http://czech.hatenablog.com/entry/kodomosyokudou-zuzushi
542,たまごっち キャラクター初代,12100,22,18,30,http://czech.hatenablog.com/entry/gen1-shinkazu
543,ふら わっ ち ばい おれ っ ち 違い,320,2,18,28,http://czech.hatenablog.com/entry/furawatchitobaioretchino-chigai-onaji
544,ロンパース 足 なし 着せ方 冬,1300,5,18,12,http://czech.hatenablog.com/entry/ashi-nashi-ronpaasu
545,たまごっち死亡,1000,3,18,24,http://czech.hatenablog.com/entry/sibou
546,がおがおヤング 進化先,320,4,18,10,http://czech.hatenablog.com/entry/pochi-tchino-sodate
547,初代スイちゃん,1000,3,18,26,http://czech.hatenablog.com/entry/rekidai-suityan
548,スイちゃん 1代目,320,4,18,23,http://czech.hatenablog.com/entry/rekidai-suityan
549,プール 休む方法,320,4,18,25,http://czech.hatenablog.com/entry/pool-yasumu
550,めんだこっち育て方,1000,3,18,22,http://czech.hatenablog.com/entry/mendakotchino-sodate-hou
551,スイちゃん 5 代目,1900,6,17,25,http://czech.hatenablog.com/entry/suityan-godaime-hyouban
552,新種発見たまごっち 進化図,320,3,17,10,http://czech.hatenablog.com/entry/gen2-shinkazu
553,たまごっちパラダイス みみっちにするには,320,3,17,15,http://czech.hatenablog.com/entry/mimitchino-sodate-hou
554,たまごっち 初代 キャラクター,12100,22,17,17,http://czech.hatenablog.com/entry/gen1-shinkazu
555,たまごっち キャラ 初代,12100,24,17,21,http://czech.hatenablog.com/entry/gen1-shinkazu
556,紐通し おもちゃ手作り,320,3,17,21,http://czech.hatenablog.com/entry/himo-toshi
557,おかあさんといっしょコンサート倍率,590,4,17,6,http://czech.hatenablog.com/entry/family-bairitsu
558,たまごっち ユニ コード,480,2,17,15,http://czech.hatenablog.com/entry/tamagotchi-yuni-no
559,たまごっちスマート 進化,320,3,17,26,http://czech.hatenablog.com/entry/tamagotchi-sumaato-kouryaku
560,たまごっちパラダイス 起きない,320,3,17,28,http://czech.hatenablog.com/entry/tamagotchi-paradaisu-wo
561,グミ何歳から,2900,8,17,12,http://czech.hatenablog.com/entry/gumi-ha-nansai
562,スタジオアリス 料金わかりにくい,320,3,17,31,http://czech.hatenablog.com/entry/arisu-expensive
563,たまごっち 何日で死ぬ,320,3,17,16,http://czech.hatenablog.com/entry/sibou
564,アンパンマン ポテト 何歳から,1900,6,17,17,http://czech.hatenablog.com/entry/anpanman-potato
565,くら寿司離乳食,590,4,17,24,http://czech.hatenablog.com/entry/kura-sushi-rinyusyoku
566,ランドセル リメイク 失敗,480,2,17,8,http://czech.hatenablog.com/entry/randoserurimeiku-de-shippai
567,オフロスキー呼んだ,2900,8,17,19,http://czech.hatenablog.com/entry/ohurosuki-yondenai
568,まめっち 進化,320,3,17,12,http://czech.hatenablog.com/entry/mametchino-sodate-hou
569,たまごっち 死なない,320,3,17,25,http://czech.hatenablog.com/entry/sibou
570,パウパトロール キャラクター,18100,36,17,27,http://czech.hatenablog.com/entry/paupatorooru-no-kenshu
571,たまごっち 種類,18100,23,17,40,http://czech.hatenablog.com/entry/tamagotchihadorega-ninki-ima
572,コニー抱っこ紐 後悔,320,3,17,9,http://czech.hatenablog.com/entry/konny-danger
573,くら寿司　離乳食,590,4,17,24,http://czech.hatenablog.com/entry/kura-sushi-rinyusyoku
574,部活 休む時の言い訳,320,3,17,10,http://czech.hatenablog.com/entry/bukatsu-yasumu
575,たまごっち キャラクター 初代,12100,20,17,36,http://czech.hatenablog.com/entry/gen1-shinkazu
576,たまごっち死んだあと,590,4,17,24,http://czech.hatenablog.com/entry/tamagotchi-shindara
577,たまごっち 初代 キャラ,12100,20,17,33,http://czech.hatenablog.com/entry/gen1-shinkazu
578,パウパトロール キャラ,18100,37,17,27,http://czech.hatenablog.com/entry/paupatorooru-no-kenshu
579,ドラえもん　年齢,1900,5,16,21,http://czech.hatenablog.com/entry/dora-emonha-nansai
580,ベビーカー b型,27100,27,16,16,http://czech.hatenablog.com/entry/bgata-babycar-recommend
581,ラムネ 何 歳 から,1900,7,16,15,http://czech.hatenablog.com/entry/ramune-ha-nansai
582,たまごっち 歴代,27100,24,16,28,http://czech.hatenablog.com/entry/shodai-shinka-ichiran
583,離乳食 フィーダー デメリット,260,2,16,18,http://czech.hatenablog.com/entry/rinyuusyoku-feader-demerit
584,レジスター おもちゃ 本格的,390,2,16,26,http://czech.hatenablog.com/entry/register-toy-recommend
585,たまごっちパラダイス ぐるぐるマーク 消し方,260,2,16,28,http://czech.hatenablog.com/entry/tamagotchi-paradaisu-noo
586,たまごっちパラダイスそら,2900,9,16,16,http://czech.hatenablog.com/entry/tamagotchi-paradaisu-nosora
587,サイベックス パラスg 後悔,320,2,15,6,http://czech.hatenablog.com/entry/cybex-parasu
588,ふら わっ ち ばい おれ っ ち,390,2,15,28,http://czech.hatenablog.com/entry/furawatchitobaioretchino-chigai-onaji
589,プリキュア 武器 一覧,390,2,15,21,http://czech.hatenablog.com/entry/purikyua-buki-ichiran
590,たまごっち 惑星 名前候補,320,2,15,28,http://czech.hatenablog.com/entry/tamagotchi-wakusei-no
591,たまごっち オリジナル 進化 図,480,2,15,22,http://czech.hatenablog.com/entry/original-sinkazu
592,イヤイヤ期 激しい子 将来,320,2,15,15,http://czech.hatenablog.com/entry/iyaiyaki
593,スイちゃん　可愛くない,480,4,15,20,http://czech.hatenablog.com/entry/suityan-godaime-hyouban
594,みい つけ た スイちゃん 5代目,1600,7,15,25,http://czech.hatenablog.com/entry/suityan-godaime-hyouban
595,エアラブ 保冷 剤 付け方,320,2,15,10,http://czech.hatenablog.com/entry/airlove-horeizai
596,ラムネ　何歳から,1900,6,15,12,http://czech.hatenablog.com/entry/ramune-ha-nansai
597,たまごっち プラス 進化 図,480,2,15,16,http://czech.hatenablog.com/entry/tamagochi-seityouzu
598,スイちゃん初代,1300,5,15,20,http://czech.hatenablog.com/entry/rekidai-suityan
599,西松屋離乳食調理セット,480,4,15,15,http://czech.hatenablog.com/entry/2023/01/21/190800
600,たまごっち キャラクター 初代 一覧,12100,15,15,21,http://czech.hatenablog.com/entry/gen1-shinkazu
601,ドラえもん年齢,1900,6,15,21,http://czech.hatenablog.com/entry/dora-emonha-nansai
602,筆算 何 年生,390,2,15,14,http://czech.hatenablog.com/entry/hissan-ha-nannen
603,ポップコーン 何 歳 から,1900,8,15,10,http://czech.hatenablog.com/entry/poppukoon-ha-nansai
604,保育園 泥遊び やめて,320,2,15,24,http://czech.hatenablog.com/entry/hoikuen-doroasobi
605,知育菓子まずいランキング,1300,5,15,8,http://czech.hatenablog.com/entry/tiiku-kashi
606,たまごっちパラダイス ごはん 一覧,320,2,15,13,http://czech.hatenablog.com/entry/tamagotchino-tabemono-to
607,みい つけた スイちゃん 5代目,1600,7,15,25,http://czech.hatenablog.com/entry/suityan-godaime-hyouban
608,エアラブ洗い方,1300,5,15,11,http://czech.hatenablog.com/entry/airlove-wash
609,たまごっち惑星 名前 候補,320,2,15,26,http://czech.hatenablog.com/entry/tamagotchi-wakusei-no
610,たまごっちオリジナル進化,1000,3,15,26,http://czech.hatenablog.com/entry/original-sinkazu
611,たまごっちパラダイス起こし方,1900,6,15,22,http://czech.hatenablog.com/entry/tamagotchi-paradaisu-wo
612,部活を休む言い訳,1300,5,15,12,http://czech.hatenablog.com/entry/bukatsu-yasumu
613,妊娠報告 ライン 例文,320,2,15,10,http://czech.hatenablog.com/entry/ninshinhoukoku-line
614,名言アンパンマン,2900,9,15,9,http://czech.hatenablog.com/entry/anpanman-no-meigen
615,飛行機 12歳 ばれ た,260,2,15,13,http://czech.hatenablog.com/entry/3year-bareru
616,たまごっちパラダイス ほ ー ほっ ち 育て方,320,2,14,11,http://czech.hatenablog.com/entry/hoohotchino-sodate-hou
617,たまごっち死ぬ,1000,4,14,24,http://czech.hatenablog.com/entry/sibou
618,スライム 髪の毛,390,4,14,26,http://czech.hatenablog.com/entry/slime-kaminitsuita
619,すいちゃん可愛くない,480,4,14,12,http://czech.hatenablog.com/entry/suityan-godaime-hyouban
620,たまごっち育成,480,4,14,22,http://czech.hatenablog.com/entry/tamagotchi-paradaisu-kouryaku
621,哺乳瓶乾かし方,480,5,14,22,http://czech.hatenablog.com/entry/honyubin-kawakashikata
622,子育て親の助けなし割合,480,4,14,18,http://czech.hatenablog.com/entry/oyanotasukenashi
623,たまごっち違い,480,4,14,20,http://czech.hatenablog.com/entry/tamagotchihadorega-ninki-ima
624,エビフライ何歳から,480,5,14,17,http://czech.hatenablog.com/entry/ebi-ha-nansai
625,ぷにるんず遊び方,480,4,14,14,http://czech.hatenablog.com/entry/puniruns-how-to
626,割り算の筆算何年生,1000,4,14,16,http://czech.hatenablog.com/entry/hissan-ha-nannen
627,ベビーカー 5 歳,1600,6,14,22,http://czech.hatenablog.com/entry/5years-babycar-instead
628,たまごっち写真,480,5,14,20,http://czech.hatenablog.com/entry/mai-tamagotchi-shashin
629,た まさ いぼ ー マーク 一覧,320,2,14,23,http://czech.hatenablog.com/entry/tamagotchi-paradaisu-saibou
630,たまごっち 惑星 名前 候補,320,2,14,26,http://czech.hatenablog.com/entry/tamagotchi-wakusei-no
631,エビフライ　何歳から,480,4,14,14,http://czech.hatenablog.com/entry/ebi-ha-nansai
632,中学生意見文,480,4,14,16,http://czech.hatenablog.com/entry/tyugakusei-ikenbun
633,抱っこ紐暑さ対策エルゴ,480,4,14,20,http://czech.hatenablog.com/entry/erugo-atsusa-taisaku
634,パウパト スウィーティー,390,3,14,25,http://czech.hatenablog.com/entry/paupatorooru-no-suuiiteii
635,ドラえもん何歳,2400,7,14,18,http://czech.hatenablog.com/entry/dora-emonha-nansai
636,パウパトロールライダー,480,5,14,25,http://czech.hatenablog.com/entry/paupatorooru-no-raidaa
637,トイストーリー豚名前,1000,4,14,25,http://czech.hatenablog.com/entry/ham
638,たまごっち起きる時間,1000,4,14,26,http://czech.hatenablog.com/entry/tamagotchi-paradaisu-wo
639,カニカマ 何 歳 から,1600,5,13,12,http://czech.hatenablog.com/entry/kanikama-ha-nansai
640,めんだこっち 進化,320,3,13,20,http://czech.hatenablog.com/entry/mendakotchino-sodate-hou
641,プリキュア 変身アイテム 歴代,1600,5,13,27,http://czech.hatenablog.com/entry/purikyua-henshin-aitemu
642,みい つけ た スイ ちゃん 歴代,880,4,13,26,http://czech.hatenablog.com/entry/rekidai-suityan
643,パンパース ラグジュアリー,260,3,13,24,http://czech.hatenablog.com/entry/panpaasu-ragujuariishirukiitatchi-toha
644,おかあさんといっしょ ファミリーコンサート 倍率,720,3,13,6,http://czech.hatenablog.com/entry/family-bairitsu
645,フライングボール 本物 見分け方,1600,6,13,21,http://czech.hatenablog.com/entry/flyingball-real
646,たまごっち いる かっ ち,1600,5,13,18,http://czech.hatenablog.com/entry/irukatchino-sodate-hou
647,みて ね 両家別々,720,3,13,18,http://czech.hatenablog.com/entry/ryouke-betsu
648,部活 サボる 言い訳,720,3,13,10,http://czech.hatenablog.com/entry/bukatsu-yasumu
649,マタニティ旅行 どこに 行った,1600,5,13,20,http://czech.hatenablog.com/entry/matanity-ryokou
650,ベビーパーク 講師 辞めたい,590,3,13,11,http://czech.hatenablog.com/entry/babypark-koushi-yametai
651,たまごっちパラダイス にんじんマーク,320,3,13,25,http://czech.hatenablog.com/entry/tamagotchi-paradaisu-noonigiri
652,おかあさん といっしょファミリーコンサート 倍率,720,3,13,5,http://czech.hatenablog.com/entry/family-bairitsu
653,マタニティ旅行 どこに 行っ た,1600,5,13,17,http://czech.hatenablog.com/entry/matanity-ryokou
654,たまごっち惑星 名前 おすすめ,590,3,13,29,http://czech.hatenablog.com/entry/tamagotchi-wakusei-no
655,みい つけ た スイ ちゃん 5 代目,1600,7,13,25,http://czech.hatenablog.com/entry/suityan-godaime-hyouban
656,育休延長希望チェック欄バレる,590,5,12,19,http://czech.hatenablog.com/entry/ikukyuuentyou-bareru
657,たまごっちキッズ期,390,4,12,21,http://czech.hatenablog.com/entry/tamagotchi-paradaisu-kouryaku
658,スライム髪についた,590,5,12,22,http://czech.hatenablog.com/entry/slime-kaminitsuita
659,ロディミッフィー,390,4,12,26,http://czech.hatenablog.com/entry/miffii-to-rodi
660,たまごっちパラダイスうみ,1900,7,12,8,http://czech.hatenablog.com/entry/tamagotchi-paradaisu-kouryaku
661,パイナップル1歳,590,5,12,13,http://czech.hatenablog.com/entry/painappuru-ha-nansai
662,アンパンマン ポテト いつから,1600,7,12,17,http://czech.hatenablog.com/entry/anpanman-potato
663,パウパトロールキャラクター,18100,11,12,32,http://czech.hatenablog.com/entry/paupatorooru-no-kyarakutaa
664,パウパトメンバー,390,4,12,27,http://czech.hatenablog.com/entry/paupatorooru-no-kyarakutaa
665,マイたまごっち攻略,1600,6,12,15,http://czech.hatenablog.com/entry/mai-tamagotchi-kouryaku
666,アンパンマン ミュージアム どこがいい,1600,7,12,29,http://czech.hatenablog.com/entry/anpan-doko
667,お世話ミスとは,590,5,12,28,http://czech.hatenablog.com/entry/tamagotchi-paradaisu-noo
668,ぷにるんずふしぎぷに入手方法,590,5,12,23,http://czech.hatenablog.com/entry/puniruns-how-to
669,がおがおヤング 進化 先,320,4,11,6,http://czech.hatenablog.com/entry/pochi-tchino-sodate
670,ロンパース 足なし 着せ方 冬,1300,6,11,17,http://czech.hatenablog.com/entry/ashi-nashi-ronpaasu
671,大野城 いこいの森 中央公園,14800,25,11,17,http://czech.hatenablog.com/entry/oonojou-ikoino-morinaka
672,たまごっちの キャラクター,201000,25,11,20,http://czech.hatenablog.com/entry/tamagotchi-namae-ichiran
673,すいちゃん みい つけた,18100,25,11,25,http://czech.hatenablog.com/entry/rekidai-suityan
674,大野城 いこい の森 中央公園,14800,23,11,26,http://czech.hatenablog.com/entry/oonojou-ikoino-morinaka
675,みいつけたスイちゃん 5 代目,1600,7,11,25,http://czech.hatenablog.com/entry/suityan-godaime-hyouban
676,スカイ 犬種,260,4,11,16,http://czech.hatenablog.com/entry/paupatorooru-no-kenshu
677,たまごっち gen1 進化,1000,3,11,21,http://czech.hatenablog.com/entry/original-sinkazu
678,アンパンマンミュージアム 横浜 裏ワザ,3600,10,11,12,http://czech.hatenablog.com/entry/anpan-urawaza
679,パウパトキャラクター,6600,11,11,29,http://czech.hatenablog.com/entry/paupatorooru-no-kyarakutaa
680,たまごっちスマート キャラクター 一覧,320,4,11,26,http://czech.hatenablog.com/entry/tamagotchi-sumaato-kouryaku
681,クレヨンしんちゃんとドラえもん,2400,9,11,23,http://czech.hatenablog.com/entry/kureyon-shinchanto-dora
682,ラムネ何歳から,1900,7,11,15,http://czech.hatenablog.com/entry/ramune-ha-nansai
683,たまごっち ガチャガチャ 取り扱い店舗,2400,9,11,18,http://czech.hatenablog.com/entry/tamagotchi-gachagacha-setchibasho
684,たまごっちパラダイス ケース おすすめ,320,4,11,26,http://czech.hatenablog.com/entry/tamagocchi-case
685,たまごっち進化,12100,11,11,9,http://czech.hatenablog.com/entry/tamagochi-seityouzu
686,すいちゃん5代目,1900,7,11,25,http://czech.hatenablog.com/entry/suityan-godaime-hyouban
687,母子手帳 保護者の氏名 記入例,320,4,11,19,http://czech.hatenablog.com/entry/boshitetyou-dochi
688,はじめてずかん1000 販売休止 理由,1600,7,11,7,http://czech.hatenablog.com/entry/first-picture-book-soldout
689,スシロー ベビーカー,480,6,11,17,http://czech.hatenablog.com/entry/sushiro
690,ベビーカー5歳,1600,6,11,21,http://czech.hatenablog.com/entry/5years-babycar-instead
691,たまごっちパラダイスはたあげ,1600,8,11,16,http://czech.hatenablog.com/entry/tamagotchi-paradaisu-nohataage
692,に かっ ち,1000,3,11,19,http://czech.hatenablog.com/entry/nikatchi-shinka-gaido
693,離乳食フィーダー デメリット,260,4,11,18,http://czech.hatenablog.com/entry/rinyuusyoku-feader-demerit
694,大野城 いこい の森中央公園,14800,25,11,17,http://czech.hatenablog.com/entry/oonojou-ikoino-morinaka
695,大野城 いこいの森中央公園,14800,25,11,17,http://czech.hatenablog.com/entry/oonojou-ikoino-morinaka
696,フライングボール本物見分け方,1600,5,10,26,http://czech.hatenablog.com/entry/flyingball-real
697,ベッドインベッド 床置き,480,6,10,20,http://czech.hatenablog.com/entry/babybed-onfloor
698,たまごっちパラダイス レベル4にする 方法,390,3,10,28,http://czech.hatenablog.com/entry/tamagotchi-paradaisu-no-2
699,たまごっちパラダイス jade forest 予約,320,4,10,25,http://czech.hatenablog.com/entry/tamagotchi-paradaisu-yoyaku
700,たまごっち 死んだら どうする,480,3,10,24,http://czech.hatenablog.com/entry/tamagotchi-shindara
701,たまごっち ガチャガチャ 取り扱い 店舗,2400,10,10,17,http://czech.hatenablog.com/entry/tamagotchi-gachagacha-setchibasho
702,コニー抱っこ紐 新生児 難しい,480,6,10,19,http://czech.hatenablog.com/entry/konny-danger
703,たまごっち キャラクター一覧 歴代,1900,8,10,41,http://czech.hatenablog.com/entry/tamagotchi-namae-ichiran
704,産休前 お菓子 配らない,390,3,10,10,http://czech.hatenablog.com/entry/sankyumae-okashi
705,たまごっち お世話ミス 確認方法,480,3,10,18,http://czech.hatenablog.com/entry/tamagotchi-paradaisu-noo
706,たまごっちパラダイス 攻略 うみ,480,3,10,6,http://czech.hatenablog.com/entry/tamagotchi-paradaisu-kouryaku
707,スーツ ケース ベビーカー,480,6,10,25,http://czech.hatenablog.com/entry/suitcase
708,たまごっちパラダイス 店頭販売 トイザらス,480,6,10,19,http://czech.hatenablog.com/entry/tamagotchi-paradaisu-ha-2
709,ココナッツ 何 歳 から,320,4,10,13,http://czech.hatenablog.com/entry/kokonattsu-ha-nansai
710,たまごっち 何 日で死ぬ,320,3,10,24,http://czech.hatenablog.com/entry/sibou
711,ダイヤブロック 生産終了 なぜ,480,3,10,6,http://czech.hatenablog.com/entry/daiyaburokku-ha-seisanshuuryou
712,2歳児 折り紙 3回折り,320,3,10,12,http://czech.hatenablog.com/entry/2year-3kaiori
713,ストライダー　後悔,1600,5,10,10,http://czech.hatenablog.com/entry/strider-regret
714,スイちゃん かわいく ない,480,3,10,20,http://czech.hatenablog.com/entry/suityan-godaime-hyouban
715,スイちゃん 歴代 現在,480,3,10,21,http://czech.hatenablog.com/entry/rekidai-suityan
716,キャリーケース ベビーカー,480,6,10,23,http://czech.hatenablog.com/entry/suitcase
717,パウパト キャラクター 一覧,480,7,10,20,http://czech.hatenablog.com/entry/paupatorooru-no-kyarakutaa
718,部活 休む理由 当日,480,3,10,10,http://czech.hatenablog.com/entry/bukatsu-yasumu
719,レジ おもちゃ リアル,480,6,10,21,http://czech.hatenablog.com/entry/register-toy-recommend
720,たまごっち ユニ 育て方,390,3,10,19,http://czech.hatenablog.com/entry/tamagotchi-yuni-no-3
721,マイたまごっち 進化 条件,320,3,10,6,http://czech.hatenablog.com/entry/mai-tamagotchi-shinka-2
722,カニカマ何歳から,1600,5,10,12,http://czech.hatenablog.com/entry/kanikama-ha-nansai
723,たまごっちキャラクター一覧,60500,21,10,16,http://czech.hatenablog.com/entry/tamagotchi-namae-ichiran
724,たまごっち 何 日 で死ぬ,320,4,10,24,http://czech.hatenablog.com/entry/sibou
725,たまごっちパラダイス フィールド切り替え 条件,320,3,10,16,http://czech.hatenablog.com/entry/tamagotchi-paradaisu-kouryaku
726,レジおもちゃ リアル,480,6,10,16,http://czech.hatenablog.com/entry/register-toy-recommend
727,たまごっちパラダイス お世話 ミス挽回,390,3,10,19,http://czech.hatenablog.com/entry/tamagotchi-paradaisu-noo
728,みい つけ た 歴代スイちゃん,320,4,10,26,http://czech.hatenablog.com/entry/rekidai-suityan
729,たまごっちパラダイス遊び方,1600,5,10,16,http://czech.hatenablog.com/entry/tamagotchi-paradaisu-kouryaku
730,コニー 抱っこ紐 後悔,320,3,10,9,http://czech.hatenablog.com/entry/konny-danger
731,兄弟 出産祝いあげない,480,6,10,14,http://czech.hatenablog.com/entry/kyoudai-no-shussan
732,トイザらス たまごっち 予約,480,6,10,19,http://czech.hatenablog.com/entry/tamagotchi-paradaisu-ha-2
733,びっくりドンキー 離乳食,480,6,10,16,http://czech.hatenablog.com/entry/bikkuridonky-rinyusyoku
734,たまごっちラボコード と は,390,3,10,11,http://czech.hatenablog.com/entry/tamagotchi-paradaisu-no
735,たまごっちパラダイス ショップコード と は,320,4,10,28,http://czech.hatenablog.com/entry/tamagotchi-paradaisu-no
736,ベビーカー 背もたれ 直角にしたい 100均,320,4,10,20,http://czech.hatenablog.com/entry/semotare
737,すいちゃん みい つけ た 歴代,320,4,10,26,http://czech.hatenablog.com/entry/rekidai-suityan
738,スタジオアリス 料金 わかり にくい,320,4,10,34,http://czech.hatenablog.com/entry/arisu-expensive
739,さけるチーズ 何 歳から,390,3,10,28,http://czech.hatenablog.com/entry/sakerucheeu
740,ベビーダノン どこに 売ってる,320,3,10,23,http://czech.hatenablog.com/entry/bebiidanon-pureen-hadokode
741,さけるチーズ 何 歳 から,390,3,9,18,http://czech.hatenablog.com/entry/sakerucheeu
742,しゃ ー くっ ち 育て方,320,4,9,12,http://czech.hatenablog.com/entry/tachutchino-sodate-hou
743,さける チーズ 何 歳 から,390,3,9,18,http://czech.hatenablog.com/entry/sakerucheeu
744,たまごっち プチプチ お店 っ ち お店一覧 ds,480,6,9,23,http://czech.hatenablog.com/entry/tamagotchino-puchipuchi-omisetchio
745,たまごっち パラダイス お世話 ミス やり方,320,3,9,18,http://czech.hatenablog.com/entry/tamagotchi-paradaisu-noo
746,ベビーカー 背もたれ 直角に したい 100 均,320,4,9,17,http://czech.hatenablog.com/entry/semotare
747,たまごっち プチプチお店っち お店一覧 ds,480,6,9,23,http://czech.hatenablog.com/entry/tamagotchino-puchipuchi-omisetchio
748,ベビー ダノン どこに 売ってる,320,3,9,23,http://czech.hatenablog.com/entry/bebiidanon-pureen-hadokode
749,みい つけ た スイちゃん 5代目 評判,320,3,9,14,http://czech.hatenablog.com/entry/suityan-godaime-hyouban
750,パイナップル何歳から,1600,7,9,12,http://czech.hatenablog.com/entry/painappuru-ha-nansai
751,ベビーカー背もたれ直角にしたい 100 均,320,4,9,17,http://czech.hatenablog.com/entry/semotare
752,たまごっちスマートキャラ,1600,7,9,26,http://czech.hatenablog.com/entry/tamagotchi-sumaato-no
753,兄弟 出産 祝い あげ ない,480,6,9,14,http://czech.hatenablog.com/entry/kyoudai-no-shussan
754,はじめて ず かん 1000 販売 休止 理由,1600,10,9,16,http://czech.hatenablog.com/entry/first-picture-book-soldout
755,パイナップル　何歳から,1600,7,9,12,http://czech.hatenablog.com/entry/painappuru-ha-nansai
756,パウパト犬種,390,4,9,17,http://czech.hatenablog.com/entry/paupatorooru-no-kenshu
757,てんし っ ちの たまごっち 育て方,390,3,9,16,http://czech.hatenablog.com/entry/tenshitti
758,たまごっちパラダイス お世話 ミス やり方,320,3,9,14,http://czech.hatenablog.com/entry/tamagotchi-paradaisu-noo
759,たまごっち アプリ,5400,20,9,28,http://czech.hatenablog.com/entry/tamagotchi-apuri-kouryaku
760,たまごっちパラダイス お世話 ミス 確認 方法,480,3,9,25,http://czech.hatenablog.com/entry/tamagotchi-paradaisu-noo
761,プリキュア 変身アイテム 一覧,880,3,9,22,http://czech.hatenablog.com/entry/purikyua-buki-ichiran
762,パウパト キャラクター一覧,480,7,9,23,http://czech.hatenablog.com/entry/paupatorooru-no-kyarakutaa
763,たまごっち 名前 一覧,1300,7,9,21,http://czech.hatenablog.com/entry/tamagotchi-namae-ichiran
764,サイベックス メリオ 新生児 乗せ方,480,6,9,9,http://czech.hatenablog.com/entry/inrei
765,アンパンマンポテトいつから,1600,7,9,16,http://czech.hatenablog.com/entry/anpanman-potato
766,2 歳児 折り紙 3回折り,320,3,9,12,http://czech.hatenablog.com/entry/2year-3kaiori
767,攻略 マイたまごっち 進化図,880,3,8,8,http://czech.hatenablog.com/entry/mai-tamagotchi-shinka-2
768,たまごっち 死ん だら どうする,480,3,8,24,http://czech.hatenablog.com/entry/tamagotchi-shindara
769,みいつけた スイちゃん 5代目 何歳,1000,5,8,20,http://czech.hatenablog.com/entry/suityan-nenrei
770,みい つけたスイちゃん 5代目 何 歳,1000,5,8,20,http://czech.hatenablog.com/entry/suityan-nenrei
771,みいつけた スイちゃん 歴代,880,36,8,26,http://czech.hatenablog.com/entry/suityan-nenrei
772,マシュマロ 何 歳 から,1000,5,8,12,http://czech.hatenablog.com/entry/mashumaro-ha-nansai
773,おやすみたまご,27100,17,8,25,http://czech.hatenablog.com/entry/oyasumitamago
774,トイザらス たまごっち,6600,12,8,24,http://czech.hatenablog.com/entry/tamagotchi-paradaisu-ha-2
775,みい つけ た スイちゃん 5代目 何歳,1000,5,8,20,http://czech.hatenablog.com/entry/suityan-nenrei
776,スカイ 犬 種,320,4,8,16,http://czech.hatenablog.com/entry/paupatorooru-no-kenshu
777,割り算 の筆算 何 年生,1000,5,8,8,http://czech.hatenablog.com/entry/hissan-ha-nannen
778,プリキュア アイテム 一覧,390,6,8,21,http://czech.hatenablog.com/entry/purikyua-buki-ichiran
779,ほう ほっ ち,320,3,8,20,http://czech.hatenablog.com/entry/hoohotchino-sodate-hou
780,たまごっちコネクション 進化 一覧,1300,6,8,24,http://czech.hatenablog.com/entry/tamagotchi-konekushon-shinka
781,ミルトン 買っ て は いけない,1000,8,8,14,http://czech.hatenablog.com/entry/miruton-ha-katsu
782,たまごっちパラダイス くちぱっちにする 方法,720,4,8,16,http://czech.hatenablog.com/entry/kuchipatchino-sodate-hou
783,たまごっち キャラクター名前,5400,13,8,24,http://czech.hatenablog.com/entry/tamagotchi-namae-ichiran
784,たまごっちパラダイス はたあげ やり方,1000,7,8,15,http://czech.hatenablog.com/entry/tamagotchi-paradaisu-nohataage
785,たまごっち お世話 ミス 確認 方法,480,3,8,25,http://czech.hatenablog.com/entry/tamagotchi-paradaisu-noo
786,スイちゃん 可愛く ない,480,3,8,15,http://czech.hatenablog.com/entry/suityan-godaime-hyouban
787,西松屋 おしりふき,4400,20,8,25,http://czech.hatenablog.com/entry/nishimatsuya-oshirihuki
788,トイ ストーリー ぶた 名前,1000,6,8,34,http://czech.hatenablog.com/entry/ham
789,ベビーパーク 講師 辞め たい,590,3,8,11,http://czech.hatenablog.com/entry/babypark-koushi-yametai
790,グーンポイント,6600,10,8,18,http://czech.hatenablog.com/entry/goon-point
791,たまごっち gen2 キャラクター,320,3,8,19,http://czech.hatenablog.com/entry/gen2-shinkazu
792,みい つけ たスイちゃん 5代目 何歳,1000,6,8,21,http://czech.hatenablog.com/entry/suityan-nenrei
793,おかあさん と いっしょ ファミリー コンサート 倍率,720,3,8,6,http://czech.hatenablog.com/entry/family-bairitsu
794,初代 すい ちゃん,1000,5,8,16,http://czech.hatenablog.com/entry/rekidai-suityan
795,大野城いこいの森 中央公園,14800,16,8,16,http://czech.hatenablog.com/entry/oonojou-ikoino-morinaka
796,ベビーカー　５歳,1600,8,8,21,http://czech.hatenablog.com/entry/5years-babycar-instead
797,トイストーリー ブタ,5400,13,8,23,http://czech.hatenablog.com/entry/ham
798,ベビー パーク 講師 辞め たい,590,3,8,11,http://czech.hatenablog.com/entry/babypark-koushi-yametai
799,ストライダー後悔,1600,8,8,8,http://czech.hatenablog.com/entry/strider-regret
800,アプリ たまごっち,5400,19,8,25,http://czech.hatenablog.com/entry/tamagotchi-apuri-kouryaku
801,いか何歳から,1300,6,7,11,http://czech.hatenablog.com/entry/ika-ha-nansai
802,ミッフィー ロディ,390,6,7,18,http://czech.hatenablog.com/entry/miffii-to-rodi
803,たまごっちパラダイス 攻略 りく,390,4,7,6,http://czech.hatenablog.com/entry/tamagotchi-paradaisu-noriku
804,おやじ てんし,390,6,7,26,http://czech.hatenablog.com/entry/tenshitti
805,みい つけ たスイちゃん 歴代,880,5,7,28,http://czech.hatenablog.com/entry/rekidai-suityan
806,パウパト キャラ,6600,11,7,25,http://czech.hatenablog.com/entry/paupatorooru-no-kyarakutaa
807,子ども食堂 図 々 しい,1000,3,7,18,http://czech.hatenablog.com/entry/kodomosyokudou-zuzushi
808,たまごっちコネクション進化一覧,1300,7,7,26,http://czech.hatenablog.com/entry/tamagotchi-konekushon-shinka
809,ネオママ イズム 洗濯,390,6,7,19,http://czech.hatenablog.com/entry/neomamaizum-wash
810,たまごっち 死ん だ 時,320,4,7,26,http://czech.hatenablog.com/entry/tamagotchi-shindara
811,スライム髪の毛,480,6,7,26,http://czech.hatenablog.com/entry/slime-kaminitsuita
812,てんし っ ちの たまごっち,3600,11,7,25,http://czech.hatenablog.com/entry/tenshitti
813,カプラ 作り方,590,5,7,11,http://czech.hatenablog.com/entry/kapla-ball
814,おもちゃ の バンバン,2900,11,7,23,http://czech.hatenablog.com/entry/omocha-ya-banban
815,みみっち たまごっち,18100,17,7,17,http://czech.hatenablog.com/entry/mimitchino-sodate-hou
816,たまごっちパラダイス空進化,1300,8,7,11,http://czech.hatenablog.com/entry/tamagotchi-paradaisu-nosora
817,みい つけたスイちゃん 5代目 何歳,1000,7,7,21,http://czech.hatenablog.com/entry/suityan-nenrei
818,ストライダー 何歳から,5400,21,7,14,http://czech.hatenablog.com/entry/strider-age
819,ヤングくちぱっち,1300,6,7,16,http://czech.hatenablog.com/entry/kuchipatchino-sodate-hou
820,たまごっち 何時間放置 で死ぬ,390,4,7,21,http://czech.hatenablog.com/entry/sibou
821,みいつけた スイちゃん 5代目何歳,1000,5,7,20,http://czech.hatenablog.com/entry/suityan-nenrei
822,たまごっち パラダイス 成長,1300,8,7,17,http://czech.hatenablog.com/entry/tamagotchi-paradaisu-kouryaku
823,みいつけた スイちゃん5代目 何歳,1000,5,7,20,http://czech.hatenablog.com/entry/suityan-nenrei
824,たまごっちパラダイス 森 進化 一覧,1300,10,7,6,http://czech.hatenablog.com/entry/tamagotchi-paradaisu-kouryaku
825,たまごっち食べ物,480,6,7,13,http://czech.hatenablog.com/entry/tamagotchino-tabemono-to
826,みいつけた スイちゃん歴代,880,6,7,26,http://czech.hatenablog.com/entry/rekidai-suityan
827,たまごっちラボコード一覧,1300,8,7,8,http://czech.hatenablog.com/entry/tamagotchi-paradaisu-no
828,びっくりドンキー離乳食,480,6,7,16,http://czech.hatenablog.com/entry/bikkuridonky-rinyusyoku
829,ピンキッツ キャラクター,390,6,7,16,http://czech.hatenablog.com/entry/pinkittsu-no-kyarakutaa
830,たまごっちパラダイスフィールド切り替え,4400,10,7,20,http://czech.hatenablog.com/entry/tamagotchi-paradaisu-kouryaku
831,たまごっち初代キャラ,12100,10,7,17,http://czech.hatenablog.com/entry/shodai-shinka-ichiran
832,みい つけ た スイちゃん 5代目 何 歳,1000,8,7,16,http://czech.hatenablog.com/entry/suityan-nenrei
833,たまごっちパラダイス 予約,14800,14,7,23,http://czech.hatenablog.com/entry/tamagotchi-paradaisu-yoyaku
834,コンビ クルムーヴ 新生児 苦しそう,880,4,7,18,http://czech.hatenablog.com/entry/kurumove-kurushi
835,ふら わっ ち たまごっちパラダイス,390,4,7,23,http://czech.hatenablog.com/entry/furawatchi-kanzen-gaido
836,ロンパース足なし着せ方冬,1300,6,7,17,http://czech.hatenablog.com/entry/ashi-nashi-ronpaasu
837,たまごっちパラダイスラボコード一覧,1300,8,7,25,http://czech.hatenablog.com/entry/tamagotchi-paradaisu-no
838,安産祈願 腹帯 風呂敷 ない,390,4,7,16,http://czech.hatenablog.com/entry/ansankigan-huroshiki
839,ウルトラマン 塗り絵 無料 公式,320,4,7,26,http://czech.hatenablog.com/entry/nurie
840,たまごっち 進化一覧,8100,12,7,24,http://czech.hatenablog.com/entry/original-sinkazu
841,たまごっちパラダイス レベル上げ 方,1000,5,7,16,http://czech.hatenablog.com/entry/tamagotchi-paradaisu-no-2
842,割り算 筆算 何 年生,1000,7,7,13,http://czech.hatenablog.com/entry/hissan-ha-nannen
843,安産祈願 腹帯 風呂敷ない,390,4,7,16,http://czech.hatenablog.com/entry/ansankigan-huroshiki
844,生 ハム 何 歳 から,2900,11,7,9,http://czech.hatenablog.com/entry/nama-hamu-ha
845,いか 何 歳 から,1300,9,7,11,http://czech.hatenablog.com/entry/ika-ha-nansai
846,スイ ちゃん 1 代目,320,4,7,20,http://czech.hatenablog.com/entry/rekidai-suityan
847,たまごっちキャラクター初代,12100,12,7,21,http://czech.hatenablog.com/entry/shodai-shinka-ichiran
848,hzdmj ベビーベッド,5400,23,7,26,http://czech.hatenablog.com/entry/hzdmj-baby-bed
849,たまごっち 死んだ 画面,390,4,7,27,http://czech.hatenablog.com/entry/tamagotchi-reset
850,たまごっちパラダイス りくキッズ,390,6,7,10,http://czech.hatenablog.com/entry/tamagotchi-paradaisu-noriku
851,たまごっち みみっち,18100,15,7,20,http://czech.hatenablog.com/entry/mimitchino-sodate-hou
852,いか　何歳から,1300,8,7,11,http://czech.hatenablog.com/entry/ika-ha-nansai
853,たまごっち 種類 初代,390,6,7,37,http://czech.hatenablog.com/entry/shodai-shinka-ichiran
854,たらこ何歳から,1900,9,7,13,http://czech.hatenablog.com/entry/tarako-nansai
855,ゆかり 何歳から,320,5,6,15,http://czech.hatenablog.com/entry/yukari-nansai
856,サイベックスリベル いつから,880,5,6,9,http://czech.hatenablog.com/entry/libel-when
857,たまごっち ガチャガチャ どこに ある,390,6,6,17,http://czech.hatenablog.com/entry/tamagotchi-gachagacha-setchibasho
858,豆椅子 何歳まで,320,5,6,13,http://czech.hatenablog.com/entry/mameisu-nansai
859,てんし っ ち 死んだら,390,6,6,26,http://czech.hatenablog.com/entry/sibou
860,たまごっち 成長 速度,390,5,6,22,http://czech.hatenablog.com/entry/original-shinka-time
861,みいつけた歴代スイちゃん,320,5,6,26,http://czech.hatenablog.com/entry/rekidai-suityan
862,たこ 何 歳 から,1000,9,6,11,http://czech.hatenablog.com/entry/tako-ha-nansai
863,たまごっちパラダイス うみ 進化,590,4,6,5,http://czech.hatenablog.com/entry/tamagotchi-paradaisu-kouryaku
864,スイちゃん 1 代目,320,5,6,23,http://czech.hatenablog.com/entry/rekidai-suityan
865,アンパンマン の滑り台,4400,25,6,23,http://czech.hatenablog.com/entry/anpanman-slide
866,誕生日 アンパンマンミュージアム,3600,25,6,24,http://czech.hatenablog.com/entry/nagoya-anpanman-birthday
867,ミキハウステーブルウェアセット,880,6,6,17,http://czech.hatenablog.com/entry/mikihouse-tablewear
868,はじめて ず かん 1000販売休止 理由,1600,11,6,20,http://czech.hatenablog.com/entry/first-picture-book-soldout
869,プー さん メリー 新作 違い,390,6,6,4,http://czech.hatenablog.com/entry/poo-mery-sinsaku
870,ランドセルリメイク後悔,3600,12,6,8,http://czech.hatenablog.com/entry/randoserurimeiku-de-shippai
871,スマホ たまごっち,2900,20,6,34,http://czech.hatenablog.com/entry/tamagotchi-apuri-kouryaku
872,たまごっちパラダイス予約 方法,390,5,6,23,http://czech.hatenablog.com/entry/tamagotchi-paradaisu-yoyaku
873,おやじてんし,390,5,6,25,http://czech.hatenablog.com/entry/tenshitti
874,おかあさんといっしょ コンサート倍率,590,6,6,5,http://czech.hatenablog.com/entry/family-bairitsu
875,スマートエンジェル チャイルドシート,3600,22,6,20,http://czech.hatenablog.com/entry/nishimatsuya-child-seat
876,たまごっちパラダイス 進化 りく,390,5,6,10,http://czech.hatenablog.com/entry/tamagotchi-paradaisu-noriku
877,たまごっちパラダイス定価で買う方法,1600,9,6,23,http://czech.hatenablog.com/entry/tamagotchi-paradaisu-yoyaku
878,マック ポテト 何歳から,390,6,6,23,http://czech.hatenablog.com/entry/makku-ha-nansai
879,たまごっち ガチャガチャ4 設置場所,320,5,6,17,http://czech.hatenablog.com/entry/tamagotchi-gachagacha-setchibasho
880,ジョブ レイバー ジョブ ロイド 名前,390,6,6,20,http://czech.hatenablog.com/entry/jobureibaa-no-kyarakutaa
881,たまごっち ガチャガチャ どこにある,390,6,6,16,http://czech.hatenablog.com/entry/tamagotchi-gachagacha-setchibasho
882,ふらわっち たまごっち,3600,20,6,17,http://czech.hatenablog.com/entry/furawatchi-kanzen-gaido
883,初代たまごっち 種類,390,5,6,27,http://czech.hatenablog.com/entry/shodai-shinka-ichiran
884,たまごっち てんし っ ち 進化,320,3,6,24,http://czech.hatenablog.com/entry/tenshitti
885,くちどけおこめぼーご飯の代わり,390,5,6,10,http://czech.hatenablog.com/entry/okomebo-meal
886,いくら　何歳から,3600,12,6,11,http://czech.hatenablog.com/entry/ikuraha-nansai-kara
887,西松屋メリー,1600,9,6,17,http://czech.hatenablog.com/entry/smile-merry-dx
888,ずきっち 進化,320,5,6,25,http://czech.hatenablog.com/entry/original-sinkazu
889,おままごとキッチン コンパクト,480,5,6,22,http://czech.hatenablog.com/entry/kitchen-toy-compact
890,プーさん メリー新作 違い,390,6,6,6,http://czech.hatenablog.com/entry/poo-mery-sinsaku
891,たまごっち あほ ろ ぱっち,320,3,6,26,http://czech.hatenablog.com/entry/ahoropatchino-sodate-hou
892,たまごっち初代キャラクター,12100,16,6,30,http://czech.hatenablog.com/entry/shodai-shinka-ichiran
893,たまごっち 全キャラ,6600,17,6,29,http://czech.hatenablog.com/entry/tamagotchi-namae-ichiran
894,たまごっちパラダイス ブリード後,590,6,6,17,http://czech.hatenablog.com/entry/tamagotchi-paradaisu-no-3
895,育休明けお菓子持っていかない,390,5,6,15,http://czech.hatenablog.com/entry/ikukyuu-ake-nio
896,新幹線 ベビーカー乗せたまま,390,5,6,18,http://czech.hatenablog.com/entry/babycar-train
897,ベビーダノン どこに売ってる,320,5,6,23,http://czech.hatenablog.com/entry/bebiidanon-pureen-hadokode
898,エスメラルダ枕 洗濯,590,6,6,11,http://czech.hatenablog.com/entry/esumeraruda-araikata
899,レジスターおもちゃ 本格 的,390,3,6,25,http://czech.hatenablog.com/entry/register-toy-recommend
900,たまごっち コード入力,390,5,6,11,http://czech.hatenablog.com/entry/tamagotchi-paradaisu-no
901,たまごっち いつ起きる,390,5,6,26,http://czech.hatenablog.com/entry/tamagotchi-paradaisu-wo
902,リベルたたみ方,320,5,6,10,http://czech.hatenablog.com/entry/libel-tatamikata
903,トイストーリー ぶた,6600,11,6,23,http://czech.hatenablog.com/entry/ham
904,ぽ ちっち たまごっち,1900,9,6,17,http://czech.hatenablog.com/entry/pochi-tchino-sodate
905,パウパトロールケント何歳,320,5,6,7,http://czech.hatenablog.com/entry/paupatorooru-no-kento
906,クレヨンしんちゃん名言 感動,320,5,6,12,http://czech.hatenablog.com/entry/kureyon-shinchanno-meigenshuu
907,たまごっち 初代 キャラ 一覧,1300,9,6,20,http://czech.hatenablog.com/entry/tamagotchi-namae-ichiran
908,プーさんメリー 新作 違い,390,6,6,4,http://czech.hatenablog.com/entry/poo-mery-sinsaku
909,トイストーリー 豚,6600,11,6,21,http://czech.hatenablog.com/entry/ham
910,体型 オムツ サイズ 比較 太もも,1000,9,6,8,http://czech.hatenablog.com/entry/taikei-to-omutsusaizu
911,アンパンマンミュージアム 名古屋,74000,26,6,38,http://czech.hatenablog.com/entry/nagoya-anpanmanmyuujiamu-kouryaku
912,プーさん メリー 新作 違い,390,6,6,6,http://czech.hatenablog.com/entry/poo-mery-sinsaku
913,産休前 お菓子配らない,390,5,6,10,http://czech.hatenablog.com/entry/sankyumae-okashi
914,意見文 テーマ 面白い,390,6,6,11,http://czech.hatenablog.com/entry/tyugakusei-ikenbun
915,豆椅子何歳まで,320,5,6,13,http://czech.hatenablog.com/entry/mameisu-nansai
916,スイちゃん1代目,320,5,6,19,http://czech.hatenablog.com/entry/rekidai-suityan
917,てんし っ ち 死ん だら,390,6,6,27,http://czech.hatenablog.com/entry/sibou
918,スライム髪についたら,320,5,6,22,http://czech.hatenablog.com/entry/slime-kaminitsuita
919,くちどけおこめぼー ご飯の代わり,390,5,6,10,http://czech.hatenablog.com/entry/okomebo-meal
920,がおがおヤング 進化,320,5,6,11,http://czech.hatenablog.com/entry/pochi-tchino-sodate
921,たまごっち くちぱっちにする方法,720,5,6,20,http://czech.hatenablog.com/entry/kuchipatchino-sodate-hou
922,ゆかり　何歳から,320,5,6,14,http://czech.hatenablog.com/entry/yukari-nansai
923,パウパトロール新キャラクター,2900,13,5,29,http://czech.hatenablog.com/entry/paupat-new-chara
924,たまごっち カチカチ ヤング 進化,320,8,5,14,http://czech.hatenablog.com/entry/tamagotchi-paradaisu-kouryaku
925,たまごっち キャラクター一覧 初代,1300,10,5,21,http://czech.hatenablog.com/entry/shodai-shinka-ichiran
926,かちかちヤング 進化先,480,7,5,15,http://czech.hatenablog.com/entry/tamagotchi-paradaisu-kouryaku
927,たまごっちパラダイス 店頭販売在庫,480,5,5,13,http://czech.hatenablog.com/entry/tamagotchi-paradaisu-ha
928,初 正月 羽子板 いらない,390,5,5,10,http://czech.hatenablog.com/entry/hatsu-syogatsu-hagoita-iranai
929,手口拭き おしりふき 違い,720,5,5,17,http://czech.hatenablog.com/entry/oshirifuki-tekuchifuki
930,哺乳瓶 空気穴 向き,390,5,5,14,http://czech.hatenablog.com/entry/honyubin-kukiana
931,著作権 アンパンマン,2900,20,5,13,http://czech.hatenablog.com/entry/anpanman-no-chosakuken
932,みいつけた スイちゃん 5代目,1600,9,5,25,http://czech.hatenablog.com/entry/suityan-godaime-hyouban
933,たまごっち しつけ やり方,480,5,5,20,http://czech.hatenablog.com/entry/tamagotchi-shitsuke
934,新幹線 ベビーカー た たま ない,320,5,5,15,http://czech.hatenablog.com/entry/babycar-train
935,マイたまごっち,4400,14,5,31,http://czech.hatenablog.com/entry/mai-tamagotchi-kouryaku
936,抱っこ紐 暑さ対策 エルゴ,480,5,5,12,http://czech.hatenablog.com/entry/erugo-atsusa-taisaku
937,ユニ スリープ いつまで,480,5,5,31,http://czech.hatenablog.com/entry/yunisleep-itsumade
938,ベッドインベッド 床 置き,480,5,5,20,http://czech.hatenablog.com/entry/babybed-onfloor
939,ジェラピケ マザーズバッグ,4400,12,5,19,http://czech.hatenablog.com/entry/jerapike-mother-bag
940,スライム 髪の毛 取り方,480,5,5,16,http://czech.hatenablog.com/entry/slime-kaminitsuita
941,たまごっちパラダイス ショップコード 最新,480,5,5,21,http://czech.hatenablog.com/entry/tamagotchi-paradaisu-no
942,トイストーリー ブタ 名前,1000,6,5,29,http://czech.hatenablog.com/entry/ham
943,アンパンマン ミュージアム 誕生 日 名古屋,1600,12,5,25,http://czech.hatenablog.com/entry/nagoya-anpanman-birthday
944,たこ焼き 何歳から,720,9,5,16,http://czech.hatenablog.com/entry/tako-ha-nansai
945,中学生 意見文,480,5,5,16,http://czech.hatenablog.com/entry/tyugakusei-ikenbun
946,くち どけ おこめ ぼ ー ご飯 の 代わり,390,5,5,10,http://czech.hatenablog.com/entry/okomebo-meal
947,トイザらス たまごっちパラダイス,4400,12,5,20,http://czech.hatenablog.com/entry/tamagotchi-paradaisu-ha-2
948,たまごっちパラダイス 予約 方法,390,5,5,22,http://czech.hatenablog.com/entry/tamagotchi-paradaisu-yoyaku
949,割り算の筆算 何 年生,1000,6,5,11,http://czech.hatenablog.com/entry/hissan-ha-nannen
950,グミ　何歳から,2900,12,5,14,http://czech.hatenablog.com/entry/gumi-ha-nansai
951,科学 おもちゃ,480,7,5,9,http://czech.hatenablog.com/entry/science-toy
952,歴代すいちゃん,480,7,5,26,http://czech.hatenablog.com/entry/rekidai-suityan
953,くち どけ おこめ ぼ ー ご飯 の代わり,390,5,5,10,http://czech.hatenablog.com/entry/okomebo-meal
954,マシュマロ　何歳から,1000,5,5,12,http://czech.hatenablog.com/entry/mashumaro-ha-nansai
955,たまごっちパラダイス 店頭販売 在庫,480,5,5,13,http://czech.hatenablog.com/entry/tamagotchi-paradaisu-ha
956,手口拭き おしりふき違い,720,6,5,21,http://czech.hatenablog.com/entry/oshirifuki-tekuchifuki
957,たまごっち通信できる機種,590,6,5,22,http://czech.hatenablog.com/entry/tamagotchi-tsuushin-gaido
958,すい ちゃん みい つけ た 歴代,320,5,5,26,http://czech.hatenablog.com/entry/rekidai-suityan
959,たまごっちパラダイス 進化 図 りく,320,5,5,10,http://czech.hatenablog.com/entry/tamagotchi-paradaisu-noriku
960,パウパトロール ライダー,480,5,5,26,http://czech.hatenablog.com/entry/paupatorooru-no-raidaa
961,トイストーリー ぶた 名前,1000,6,5,28,http://czech.hatenablog.com/entry/ham
962,孫の誕生日プレゼント何歳まで,480,7,5,17,http://czech.hatenablog.com/entry/mago-tanjyoubi-nannsai
963,たまごっちユニ サンリオ 育て方,390,5,5,9,http://czech.hatenablog.com/entry/uni-sanrio-sodatekata
964,トイザらスたまごっち予約,480,7,5,19,http://czech.hatenablog.com/entry/tamagotchi-paradaisu-ha-2
965,おしりふきと手口ふきの違い,1000,5,5,14,http://czech.hatenablog.com/entry/oshirifuki-tekuchifuki
966,たまごっち 死ぬ前,320,5,5,26,http://czech.hatenablog.com/entry/sibou
967,アンパンマン 著作権,2900,19,5,13,http://czech.hatenablog.com/entry/anpanman-no-chosakuken
968,寝返り防止ベルト 危険性,480,5,5,14,http://czech.hatenablog.com/entry/negaeribousibelt-kikensei
969,たまごっちパラダイス お世話 ミス 挽回,390,5,5,28,http://czech.hatenablog.com/entry/tamagotchi-paradaisu-noo
970,たまごっち ユニ サンリオ 育て 方,390,5,5,9,http://czech.hatenablog.com/entry/uni-sanrio-sodatekata
971,くち どけ おこめ ぼ ー ご飯の代わり,390,5,5,10,http://czech.hatenablog.com/entry/okomebo-meal
972,昆虫 おもちゃ,590,7,5,26,http://czech.hatenablog.com/entry/insect-toy
973,たまごっち ガチャガチャ 4 設置 場所,320,5,5,17,http://czech.hatenablog.com/entry/tamagotchi-gachagacha-setchibasho
974,たまごっちパラダイス 再入荷 トイザらス,390,5,5,24,http://czech.hatenablog.com/entry/tamagotchi-paradaisu-ha-2
975,ジョブ レイバー キャラクター 名前,390,5,5,20,http://czech.hatenablog.com/entry/jobureibaa-no-kyarakutaa
976,たまごっちパラダイス どこで買える,3600,11,5,24,http://czech.hatenablog.com/entry/tamagotchi-paradaisu-ha-2
977,たまごっち gen1 キャラクター,480,5,5,30,http://czech.hatenablog.com/entry/shodai-shinka-ichiran
978,たまごっち ガチャガチャ 4 設置場所,320,5,5,17,http://czech.hatenablog.com/entry/tamagotchi-gachagacha-setchibasho
979,すいちゃん みい つけた 歴代,320,5,5,26,http://czech.hatenablog.com/entry/rekidai-suityan
980,出産報告 職場,4400,13,5,14,http://czech.hatenablog.com/entry/shussan-houkoku-wo
981,たまごっち 進化条件,480,5,5,12,http://czech.hatenablog.com/entry/original-sinkazu
982,たまごっち進化一覧,8100,12,5,24,http://czech.hatenablog.com/entry/original-sinkazu
983,トイザらスたまごっち,6600,12,5,24,http://czech.hatenablog.com/entry/tamagotchi-paradaisu-ha-2
984,たまごっちパラダイス やり方,480,5,5,15,http://czech.hatenablog.com/entry/tamagotchi-paradaisu-kouryaku
985,マシュマロ何歳から,1000,5,5,11,http://czech.hatenablog.com/entry/mashumaro-ha-nansai
986,石川楓 何歳,480,5,5,18,http://czech.hatenablog.com/entry/suityan-nenrei
987,たまごっち初代 まめ っ ち 育て方,320,5,5,21,http://czech.hatenablog.com/entry/mametchino-sodate-hou
988,たまごっちの育て方,3600,10,5,17,http://czech.hatenablog.com/entry/mametchino-sodate-hou
989,レジおもちゃリアル,480,7,5,23,http://czech.hatenablog.com/entry/register-toy-recommend
990,コンビ チャイルドシート 新生児 苦 しそう,320,7,5,10,http://czech.hatenablog.com/entry/kurumove-kurushi
991,たまごっちパラダイス店頭販売,12100,14,5,21,http://czech.hatenablog.com/entry/tamagotchi-paradaisu-ha
992,たまごっち 種類 一覧,3600,28,5,40,http://czech.hatenablog.com/entry/tamagotchi-namae-ichiran
993,2 歳児 折り紙 3 回 折り,320,5,5,12,http://czech.hatenablog.com/entry/2year-3kaiori
994,バギー 5歳,590,7,5,20,http://czech.hatenablog.com/entry/5years-babycar-instead
995,パウ パトロール ライダー,480,5,5,25,http://czech.hatenablog.com/entry/paupatorooru-no-raidaa
996,たまごっち ユニサンリオ 育て方,390,5,5,9,http://czech.hatenablog.com/entry/uni-sanrio-sodatekata
997,たまごっち 進化 図 最新 パラダイス,320,6,5,13,http://czech.hatenablog.com/entry/tamagotchi-paradaisu-kouryaku
998,アンパンマン ミュージアム 誕生 日,3600,13,5,22,http://czech.hatenablog.com/entry/nagoya-anpanman-birthday
999,すごい おもちゃ,390,7,4,24,http://czech.hatenablog.com/entry/toy-high-tech
1000,攻略 マイ たまごっち 進化 図,880,3,4,10,http://czech.hatenablog.com/entry/mai-tamagotchi-shinka-2
1001,たまごっちパラダイス ラボコード 一覧,1000,7,4,26,http://czech.hatenablog.com/entry/tamagotchi-paradaisu-no
1002,六甲アイランド ふわふわドーム,880,12,4,14,http://czech.hatenablog.com/entry/rokkou-airando-nofuwafuwa
1003,サイベックス メリオ 新生児インレイ 付け方,590,6,4,8,http://czech.hatenablog.com/entry/inrei
1004,いくら何歳から,3600,15,4,12,http://czech.hatenablog.com/entry/ikuraha-nansai-kara
1005,生まれてウーモ 生産終了 なぜ,1000,8,4,5,http://czech.hatenablog.com/entry/umare-te-uumo
1006,水泳帽 名前 どこに書く,480,4,4,11,http://czech.hatenablog.com/entry/swimcap-name
1007,西松屋 バギー,1600,29,4,15,http://czech.hatenablog.com/entry/smartangel-baby-buggy
1008,たまごっちパラダイス ショップコード 食べ物,1000,7,4,28,http://czech.hatenablog.com/entry/tamagotchi-paradaisu-no
1009,ソットトッテ 口コミ,320,6,4,20,http://czech.hatenablog.com/entry/sottototte-kutikomi
1010,いくら 何 歳 から,3600,16,4,12,http://czech.hatenablog.com/entry/ikuraha-nansai-kara
1011,アンパンマン ミュージアム 名古屋 攻略,1000,12,4,11,http://czech.hatenablog.com/entry/nagoya-anpanmanmyuujiamu-kouryaku
1012,パウパトロール キャラクター 一覧,2400,10,4,26,http://czech.hatenablog.com/entry/paupatorooru-no-kyarakutaa
1013,ず きっ ち 進化,320,6,4,25,http://czech.hatenablog.com/entry/original-sinkazu
1014,サイベックス メリオカーボン たたみ方,390,7,4,9,http://czech.hatenablog.com/entry/merio-carbon-tatamikata
1015,たまごっち 進化図 最新 パラダイス,320,6,4,13,http://czech.hatenablog.com/entry/tamagotchi-paradaisu-kouryaku
1016,たまごっち 初期,4400,18,4,25,http://czech.hatenablog.com/entry/shodai-shinka-ichiran
1017,母子手帳名前書き方,590,7,4,19,http://czech.hatenablog.com/entry/boshitetyou-dochi
1018,たまごっちパラダイス通信,2400,13,4,21,http://czech.hatenablog.com/entry/tamagotchi-paradaisu-kouryaku
1019,ベビーカー相場,1000,6,4,34,http://czech.hatenablog.com/entry/babycar-price
1020,有明ガーデンキッズスペース,480,8,4,25,http://czech.hatenablog.com/entry/ariake-garden
1021,おままごと キッチン コンパクト,480,4,4,13,http://czech.hatenablog.com/entry/kitchen-toy-compact
1022,たまごっちパラダイス ふら わっ ち,880,3,4,26,http://czech.hatenablog.com/entry/furawatchi-kanzen-gaido
1023,スイ ちゃん 3 代目,590,9,4,21,http://czech.hatenablog.com/entry/rekidai-suityan
1024,バギー5歳,590,7,4,20,http://czech.hatenablog.com/entry/5years-babycar-instead
1025,ぷにるんず ふしぎぷに 入手方法,590,4,4,23,http://czech.hatenablog.com/entry/puniruns-how-to
1026,ベビーカー b 型 おすすめ,3600,16,4,17,http://czech.hatenablog.com/entry/bgata-babycar-recommend
1027,ユニースリープ使い方,1000,8,4,8,http://czech.hatenablog.com/entry/yunisleep-tukaikata
1028,たまごっち 成長,1000,12,4,30,http://czech.hatenablog.com/entry/tamagochi-seityouzu
1029,グミ 何歳から食べれる,480,7,4,12,http://czech.hatenablog.com/entry/gumi-ha-nansai
1030,ロボカーポリー キャラクター図鑑,320,7,4,23,http://czech.hatenablog.com/entry/robokaaporii-no-toujoujinbutsu
1031,ディズニー 英語 システム ぶっちゃけ,2400,15,4,18,http://czech.hatenablog.com/entry/dizunii-eigo-shisutemu
1032,たまごっち ござる っ ち,1600,11,4,22,http://czech.hatenablog.com/entry/mai-tamagotchino-shiikuretto
1033,パウパト ケント,1000,12,4,21,http://czech.hatenablog.com/entry/paupatorooru-no-kento
1034,家段ボール,2400,13,4,27,http://czech.hatenablog.com/entry/danball-house
1035,ミルトン買ってはいけない,1000,8,4,11,http://czech.hatenablog.com/entry/miruton-ha-katsu
1036,割り算 筆算 何年生,1000,7,4,16,http://czech.hatenablog.com/entry/hissan-ha-nannen
1037,ピタリコ,1000,6,4,25,http://czech.hatenablog.com/entry/pita-riko-similar
1038,トイストーリー 豚の名前,590,5,4,26,http://czech.hatenablog.com/entry/ham
1039,ようちえんバッグ,1900,12,4,20,http://czech.hatenablog.com/entry/anpanman-bag
1040,みい つけたスイちゃん5代目 何歳,1000,7,4,19,http://czech.hatenablog.com/entry/suityan-nenrei
1041,兄弟 出産祝い あげ ない,480,5,4,15,http://czech.hatenablog.com/entry/kyoudai-no-shussan
1042,プリキュア アイテム一覧,390,7,4,21,http://czech.hatenablog.com/entry/purikyua-buki-ichiran
1043,トイストーリー豚,5400,13,4,23,http://czech.hatenablog.com/entry/ham
1044,手作り おもちゃ ひも通し,320,7,4,20,http://czech.hatenablog.com/entry/himo-toshi
1045,ダンボールの家,2400,13,4,27,http://czech.hatenablog.com/entry/danball-house
1046,ベビーワゴン　いらない,1000,8,4,13,http://czech.hatenablog.com/entry/bebiiwagon-hairanai-kawa
1047,サイベックス メリオ 新生児 乗せ 方,590,6,4,9,http://czech.hatenablog.com/entry/inrei
1048,レゴランド大阪 名古屋 違い,480,4,4,22,http://czech.hatenablog.com/entry/regorando-oosaka-to
1049,スマホ たまごっち 攻略,480,4,4,7,http://czech.hatenablog.com/entry/tamagotchi-apuri-kouryaku
1050,たまごっち くちぱっち 育て方,480,4,4,14,http://czech.hatenablog.com/entry/kuchipatchino-sodate-hou
1051,クレヨンしんちゃん何歳,1000,7,4,21,http://czech.hatenablog.com/entry/kureyon-shinchanha-nansai
1052,たまごっち 成長図,720,7,4,12,http://czech.hatenablog.com/entry/original-sinkazu
1053,たまごっちパラダイス ラボコード と は,880,3,4,17,http://czech.hatenablog.com/entry/tamagotchi-paradaisu-no
1054,アンパンマン ミュージアム 名古屋 駐車場,590,9,4,16,http://czech.hatenablog.com/entry/nagoya-anpanmanmyuujiamu-kouryaku
1055,アンパンマンミュージアム誕生日,3600,15,4,22,http://czech.hatenablog.com/entry/nagoya-anpanman-birthday
1056,ミルトン 買っては いけない,1000,8,4,11,http://czech.hatenablog.com/entry/miruton-ha-katsu
1057,母子手帳表紙書き方,1000,7,4,20,http://czech.hatenablog.com/entry/boshitetyou-dochi
1058,かちかち ヤング 進化 先,480,7,4,10,http://czech.hatenablog.com/entry/tamagotchi-paradaisu-kouryaku
1059,アンパンマン ミュージアム 名古屋 駐 車場,590,9,4,16,http://czech.hatenablog.com/entry/nagoya-anpanmanmyuujiamu-kouryaku
1060,はいはい ミルク どこが 安い,320,6,4,18,http://czech.hatenablog.com/entry/haihai-miruku-hadokoga
1061,アンパンマンポテト何歳から,1900,11,4,22,http://czech.hatenablog.com/entry/anpanman-potato
1062,アンパンマンミュージアム名古屋 攻略,1000,12,4,11,http://czech.hatenablog.com/entry/nagoya-anpanmanmyuujiamu-kouryaku
1063,割り算筆算何年生,1000,8,4,11,http://czech.hatenablog.com/entry/hissan-ha-nannen
1064,たまごっちパラダイス 海 進化,590,8,4,10,http://czech.hatenablog.com/entry/tamagotchi-paradaisu-kouryaku
1065,スライム 髪についた,590,5,4,21,http://czech.hatenablog.com/entry/slime-kaminitsuita
1066,手作りおもちゃ ひも通し,320,7,4,20,http://czech.hatenablog.com/entry/himo-toshi
1067,たまごっちござるっち,1600,12,4,21,http://czech.hatenablog.com/entry/mai-tamagotchino-shiikuretto
1068,ミルトン　買ってはいけない,1000,8,4,11,http://czech.hatenablog.com/entry/miruton-ha-katsu
1069,おしりふき 手口拭き 違い,1000,8,4,16,http://czech.hatenablog.com/entry/oshirifuki-tekuchifuki
1070,おもちゃのバンバン,2900,11,4,23,http://czech.hatenablog.com/entry/omocha-ya-banban
1071,トイストーリー 豚 の名前,590,4,4,26,http://czech.hatenablog.com/entry/ham
1072,たまごっち お墓,480,7,4,24,http://czech.hatenablog.com/entry/tamagotchi-shindara
1073,エスメラルダ 枕 洗い 方,320,6,4,11,http://czech.hatenablog.com/entry/esumeraruda-araikata
1074,mbti診断小学生,590,7,4,20,http://czech.hatenablog.com/entry/mbti-shindan-ha
1075,しんちゃん セリフ,320,6,4,24,http://czech.hatenablog.com/entry/kureyon-shinchanno-meigenshuu
1076,ドッカトット,9900,18,4,30,http://czech.hatenablog.com/entry/dokkatototto
1077,アンパンマンミュージアム名古屋 駐車場,590,9,4,16,http://czech.hatenablog.com/entry/nagoya-anpanmanmyuujiamu-kouryaku
1078,にょろ っ ち 進化 条件,320,6,4,28,http://czech.hatenablog.com/entry/original-sinkazu
1079,たまごっち 歴代 一覧,3600,19,4,32,http://czech.hatenablog.com/entry/shodai-shinka-ichiran
1080,ベビーワゴンいらない,1000,8,4,13,http://czech.hatenablog.com/entry/bebiiwagon-hairanai-kawa
1081,たまごっち スマホ 攻略,480,4,4,25,http://czech.hatenablog.com/entry/mai-tamagotchi-kouryaku
1082,エビ 何歳から,2400,19,4,30,http://czech.hatenablog.com/entry/ebi-ha-nansai
1083,名古屋アンパンマンミュージアム攻略,1000,9,4,7,http://czech.hatenablog.com/entry/nagoya-anpanmanmyuujiamu-kouryaku
1084,ひも通し おもちゃ 手作り,320,6,4,20,http://czech.hatenablog.com/entry/himo-toshi
1085,くり てん てんし っ ち 違い,320,6,4,19,http://czech.hatenablog.com/entry/tenshitti
1086,グミ 何歳から,2900,11,4,14,http://czech.hatenablog.com/entry/gumi-ha-nansai
1087,パウパトロール キャスト,1900,12,4,28,http://czech.hatenablog.com/entry/paupatorooru-no-kyarakutaa
1088,なめこ 離乳食,720,7,4,23,http://czech.hatenablog.com/entry/namekoha-nansai-kara
1089,ベビービョルン エプロン,2400,28,4,15,http://czech.hatenablog.com/entry/babybjorn-sty
1090,湯冷まし 容器,320,6,4,25,http://czech.hatenablog.com/entry/yusamashi
1091,おしりふき手口ふき違い,1000,6,4,14,http://czech.hatenablog.com/entry/oshirifuki-tekuchifuki
1092,ほんだし 離乳食,320,6,4,26,http://czech.hatenablog.com/entry/rinyusyoku-hondashi
1093,梅干し何歳から,1000,7,4,13,http://czech.hatenablog.com/entry/umeboshi-nansai
1094,ロボカーポリー キャラクター 図鑑,320,7,4,24,http://czech.hatenablog.com/entry/robokaaporii-no-toujoujinbutsu
1095,たまごっち予約,3600,15,4,23,http://czech.hatenablog.com/entry/tamagotchi-paradaisu-yoyaku
1096,たまごっち 死んだ あと,590,4,4,24,http://czech.hatenablog.com/entry/tamagotchi-shindara
1097,ぷにるんずふしぎぷに 入手方法,590,5,4,23,http://czech.hatenablog.com/entry/puniruns-how-to
1098,センサリーボトル ベビーオイル,320,7,4,17,http://czech.hatenablog.com/entry/sensariibotoru-ni-bebiioiru
1099,たまごっちパラダイスコード,5400,17,4,23,http://czech.hatenablog.com/entry/tamagotchi-paradaisu-no
1100,たまごっちパラダイス シークレット 条件,480,4,4,26,http://czech.hatenablog.com/entry/tamagotchi-paradaisu-mori
1101,たまごっちパラダイス 進化 図 森,320,8,4,6,http://czech.hatenablog.com/entry/tamagotchi-paradaisu-kouryaku
1102,たまごっち歴代キャラクター,1000,7,4,40,http://czech.hatenablog.com/entry/tamagotchi-namae-ichiran
1103,たまごっち 森 進化,480,9,4,16,http://czech.hatenablog.com/entry/tamagotchi-paradaisu-mori
1104,ドラえもんとクレヨンしんちゃん,2400,11,4,26,http://czech.hatenablog.com/entry/kureyon-shinchanto-dora
1105,たまごっちパラダイスフィールド,1000,6,4,20,http://czech.hatenablog.com/entry/tamagotchi-paradaisu-kouryaku
1106,料理に文句を言う 男 心理,590,4,4,13,http://czech.hatenablog.com/entry/ryori-monku
1107,カニカマ 離乳食,390,7,4,14,http://czech.hatenablog.com/entry/kanikama-ha-nansai
1108,ココス 離乳食 持ち込み,320,6,4,6,http://czech.hatenablog.com/entry/cocos-rinyusyoku
1109,アンパンマンミュージアム 名古屋 攻略,1000,12,4,11,http://czech.hatenablog.com/entry/nagoya-anpanmanmyuujiamu-kouryaku
1110,たまごっち gen3 進化,480,4,4,20,http://czech.hatenablog.com/entry/tenshitti
1111,飛行機3歳膝の上,260,6,4,22,http://czech.hatenablog.com/entry/3year-bareru
1112,サイベックス メリオ 新生児 インレイ 付け方,590,6,4,7,http://czech.hatenablog.com/entry/inrei
1113,ココス 離乳食持ち込み,320,6,4,6,http://czech.hatenablog.com/entry/cocos-rinyusyoku
1114,おしりふき 手口ふき 違い,1000,8,4,17,http://czech.hatenablog.com/entry/oshirifuki-tekuchifuki
1115,西松屋 手口ふき,880,9,4,14,http://czech.hatenablog.com/entry/2023/01/20/190800
1116,おしりふきと手口拭きの違い,1000,7,4,14,http://czech.hatenablog.com/entry/oshirifuki-tekuchifuki
1117,まるっち 進化,720,8,4,21,http://czech.hatenablog.com/entry/original-sinkazu
1118,たまごっち シークレットコード,390,7,3,21,http://czech.hatenablog.com/entry/tamagotchi-paradaisu-no
1119,たまごっち人気,1900,14,3,26,http://czech.hatenablog.com/entry/tamagotchihadorega-ninki-ima
1120,ミッフィーロディ,390,6,3,17,http://czech.hatenablog.com/entry/miffii-to-rodi
1121,パウパトロール sweetie,390,7,3,24,http://czech.hatenablog.com/entry/paupatorooru-no-suuiiteii
1122,スシロー 離乳食持ち込み,390,7,3,15,http://czech.hatenablog.com/entry/sushiro-rinyuusyoku
1123,ぶんぶんヤング 進化,320,7,3,10,http://czech.hatenablog.com/entry/tamagotchi-paradaisu-nosora
1124,パウパトロールキャラクター一覧,2400,14,3,24,http://czech.hatenablog.com/entry/paupatorooru-no-kyarakutaa
1125,アンパンマン ブロック レゴ,1000,12,3,22,http://czech.hatenablog.com/entry/anpanman-block-lego
1126,たまごっち 初代 キャラクター 一覧,1300,13,3,23,http://czech.hatenablog.com/entry/shodai-shinka-ichiran
1127,サイベックスメリオカーボン 畳み方,390,7,3,7,http://czech.hatenablog.com/entry/merio-carbon-tatamikata
1128,スタジオアリス高い,390,6,3,16,http://czech.hatenablog.com/entry/arisu-expensive
1129,はいはいミルク どこが安い,320,6,3,23,http://czech.hatenablog.com/entry/haihai-miruku-hadokoga
1130,オフロ スキー 呼んだ,2900,10,3,25,http://czech.hatenablog.com/entry/ohurosuki-yondenai
1131,プレイマット 西松屋,1900,29,3,15,http://czech.hatenablog.com/entry/nishimatsuya-jointmat
1132,離乳食 冷凍 保存 期間,590,12,3,18,http://czech.hatenablog.com/entry/rinyusyoku-yasui
1133,に かっ ち たまごっち,590,7,3,22,http://czech.hatenablog.com/entry/nikatchi-shinka-gaido
1134,抱っこ紐 ケープ 付け方 クリップ,320,9,3,11,http://czech.hatenablog.com/entry/dakkohimo-cape
1135,ファミマ ガチャガチャ 設置 場所,320,7,3,18,http://czech.hatenablog.com/entry/tamagotchi-gachagacha-setchibasho
1136,ビスコ何歳から食べれる,320,6,3,17,http://czech.hatenablog.com/entry/bisuko-ha-nansai
1137,たまごっち 進化 しない,320,7,3,25,http://czech.hatenablog.com/entry/original-shinkanai
1138,たまごっちパラダイス ショップコード 遊具,320,7,3,20,http://czech.hatenablog.com/entry/tamagotchi-paradaisu-no
1139,産休 あいさつ,2400,23,3,17,http://czech.hatenablog.com/entry/sankyu-aisatsu-henshin
1140,産休の挨拶,2400,14,3,15,http://czech.hatenablog.com/entry/sankyu-aisatsu-henshin
1141,パウパトロール 新キャラ,2900,16,3,32,http://czech.hatenablog.com/entry/paupat-new-chara
1142,アンパンマンレゴブロック,1000,15,3,22,http://czech.hatenablog.com/entry/anpanman-block-lego
1143,アンパンマンミュージアム 名古屋攻略,1000,12,3,11,http://czech.hatenablog.com/entry/nagoya-anpanmanmyuujiamu-kouryaku
1144,アンパンマン 自販機,1300,21,3,25,http://czech.hatenablog.com/entry/anpanman-jihanki
1145,たまごっち キャラクター 一覧 初代,1300,11,3,24,http://czech.hatenablog.com/entry/shodai-shinka-ichiran
1146,レゴランド 大阪 名古屋 違い,480,4,3,22,http://czech.hatenablog.com/entry/regorando-oosaka-to
1147,たまごっち オリジナル キャラクター,320,8,3,42,http://czech.hatenablog.com/entry/shodai-shinka-ichiran
1148,アンパンマン ミュージアム 横浜 最 寄 駅,880,9,3,16,http://czech.hatenablog.com/entry/anpanman-ikikata
1149,uno カード一覧,720,18,3,19,http://czech.hatenablog.com/entry/uno-syurui
1150,たまごっち 死ん だ 後,590,4,3,19,http://czech.hatenablog.com/entry/tamagotchi-reset
1151,レゴランド 大阪名古屋 違い,390,7,3,22,http://czech.hatenablog.com/entry/regorando-oosaka-to
1152,ネオママイズム洗濯,390,7,3,19,http://czech.hatenablog.com/entry/neomamaizum-wash
1153,安産祈願 腹帯持参 包装,320,7,3,13,http://czech.hatenablog.com/entry/ansankigan-huroshiki
1154,たまごっちパラダイス おやじっち条件,390,7,3,26,http://czech.hatenablog.com/entry/tamagotchi-paradaisu-kouryaku
1155,はいはい ミルク どこが安い,320,6,3,18,http://czech.hatenablog.com/entry/haihai-miruku-hadokoga
1156,サイベックスリベル たたみ方,320,6,3,7,http://czech.hatenablog.com/entry/libel-tatamikata
1157,たまごっち 死んだ 時,320,6,3,24,http://czech.hatenablog.com/entry/tamagotchi-shindara
1158,たまごっちパラダイス水進化,320,7,3,5,http://czech.hatenablog.com/entry/tamagotchi-paradaisu-kouryaku
1159,パウパトロール 登場人物,2900,15,3,29,http://czech.hatenablog.com/entry/paupatorooru-no-kyarakutaa
1160,段ボールハウス 作り方,1600,27,3,17,http://czech.hatenablog.com/entry/danball-house
1161,ヤマダ電機たまごっちパラダイス,1600,12,3,17,http://czech.hatenablog.com/entry/tamagotchi-paradaisu-ha
1162,ワミー おもちゃ,1600,24,3,25,http://czech.hatenablog.com/entry/wammy
1163,湯冷まし容器,320,6,3,25,http://czech.hatenablog.com/entry/yusamashi
1164,明太子何歳から,1300,13,3,13,http://czech.hatenablog.com/entry/tarako-nansai
1165,西松屋おまる,1300,13,3,15,http://czech.hatenablog.com/entry/nishimatsuya-omaru
1166,離乳食 冷凍 保存期間,590,12,3,18,http://czech.hatenablog.com/entry/rinyusyoku-yasui
1167,ベビーカーa型 いらない,590,12,3,18,http://czech.hatenablog.com/entry/a-type-no-need
1168,たまごっちパラダイス 進化図森,390,9,3,11,http://czech.hatenablog.com/entry/tamagotchi-paradaisu-mori
1169,リベル 畳み方,320,6,3,16,http://czech.hatenablog.com/entry/libel-tatamikata
1170,たまごっち 初代 まめ っ ち 育て方,320,6,3,17,http://czech.hatenablog.com/entry/mametchino-sodate-hou
1171,海老 何歳から,2400,12,3,26,http://czech.hatenablog.com/entry/ebi-ha-nansai
1172,バンバン おもちゃ,2900,18,3,23,http://czech.hatenablog.com/entry/omocha-ya-banban
1173,バースデイ チャイルドシート,2400,20,3,22,http://czech.hatenablog.com/entry/birthday-childseat
1174,パウパトロール キャラクター一覧,2400,15,3,27,http://czech.hatenablog.com/entry/paupatorooru-no-kyarakutaa
1175,ウノ 種類,1900,20,3,22,http://czech.hatenablog.com/entry/uno-syurui
1176,我 善 坊横川 省 三 記念公園,1000,18,3,17,http://czech.hatenablog.com/entry/gazenbou-yokokawa-shouzou
1177,スイちゃん卒業 5代目,1900,11,3,25,http://czech.hatenablog.com/entry/rekidai-suityan
1178,たまごっちパラダイス通信 やり方,590,8,3,16,http://czech.hatenablog.com/entry/tamagotchi-paradaisu-kouryaku
1179,西松屋 離乳食 調理 セット,480,4,3,15,http://czech.hatenablog.com/entry/2023/01/21/190800
1180,たまごっち 死ん だ あと,590,4,3,24,http://czech.hatenablog.com/entry/tamagotchi-shindara
1181,たまごっちパラダイス 陸 キャラクター,480,9,3,16,http://czech.hatenablog.com/entry/tamagotchi-paradaisu-noriku
1182,意見文テーマ面白い,390,7,3,11,http://czech.hatenablog.com/entry/tyugakusei-ikenbun
1183,たまごっちガチャガチャ どこにある,390,7,3,17,http://czech.hatenablog.com/entry/tamagotchi-gachagacha-setchibasho
1184,生理 プール 見学理由 例文,260,9,3,17,http://czech.hatenablog.com/entry/pool-yasumu
1185,にょろ っ ち 進化条件,320,6,3,28,http://czech.hatenablog.com/entry/original-sinkazu
1186,たまごっち サム 条件,320,8,3,26,http://czech.hatenablog.com/entry/shodai-shinka-joken
1187,プリキュア変身アイテム歴代,1600,11,3,24,http://czech.hatenablog.com/entry/purikyua-henshin-aitemu
1188,たまごっちパラダイス ショップコード ゆう ぐ,480,7,3,27,http://czech.hatenablog.com/entry/tamagotchi-paradaisu-no
1189,たまごっちパラダイス りく キッズ 進化,320,6,3,10,http://czech.hatenablog.com/entry/tamagotchi-paradaisu-noriku
1190,うーたん三輪車 ほんと,320,6,3,28,http://czech.hatenablog.com/entry/utan-sanrinsya
1191,たまごっちパラダイスりくキッズ 進化,320,6,3,8,http://czech.hatenablog.com/entry/tamagotchi-paradaisu-noriku
1192,クレヨンしんちゃん 名言感動,320,6,3,12,http://czech.hatenablog.com/entry/kureyon-shinchanno-meigenshuu
1193,たまごっちスマホ,2900,17,3,36,http://czech.hatenablog.com/entry/tamagotchi-apuri-kouryaku
1194,離乳食 パイナップル,880,12,3,13,http://czech.hatenablog.com/entry/painappuru-ha-nansai
1195,たらこ 何歳から,1900,11,3,13,http://czech.hatenablog.com/entry/tarako-nansai
1196,にょろっち 進化条件,320,6,3,20,http://czech.hatenablog.com/entry/original-sinkazu
1197,ほんだし離乳食,320,6,3,22,http://czech.hatenablog.com/entry/rinyusyoku-hondashi
1198,たまごっちパラダイス森育て方,320,6,3,5,http://czech.hatenablog.com/entry/tamagotchi-paradaisu-mori
1199,鳴淵ダム下流河川公園,1900,15,3,13,http://czech.hatenablog.com/entry/mei-fuchi-damu
1200,ジョブレイバー 一覧,2400,18,3,23,http://czech.hatenablog.com/entry/jobureibaa-noomocha-shurui
1201,たまごっちパラダイスシークレットキャラ,1000,14,3,26,http://czech.hatenablog.com/entry/tamagotchi-paradaisu-mori
1202,お薬手帳無料でもらえるかわいい,1000,15,3,23,http://czech.hatenablog.com/entry/okusuritetyou-kawaii
1203,ピタゴラ スイッチ 紙コップ 暗号 作り方,480,7,3,19,http://czech.hatenablog.com/entry/pitagora-kamicup
1204,たまごっちパラダイス そら キッズ,390,8,3,17,http://czech.hatenablog.com/entry/tamagotchi-paradaisu-nosora
1205,布絵本 アンパンマン,480,18,3,22,http://czech.hatenablog.com/entry/anpanman-nuno-book
1206,たまごっちユニ お世話ミス と は,320,6,3,25,http://czech.hatenablog.com/entry/tamagotchi-yuni-no-3
1207,子育て 大変な時期ランキング,880,12,3,15,http://czech.hatenablog.com/entry/kosodate-taihen
1208,エスメラルダ 枕 洗濯,590,6,3,12,http://czech.hatenablog.com/entry/esumeraruda-araikata
1209,アンパンマンミュージアム 名古屋駐車場,590,8,3,16,http://czech.hatenablog.com/entry/nagoya-anpanmanmyuujiamu-kouryaku
1210,たまごっち ユニ ダウンロードコード 一覧,480,4,3,15,http://czech.hatenablog.com/entry/tamagotchi-yuni-no
1211,サイベックス メリオ 新生児インレイ いつまで,390,11,3,7,http://czech.hatenablog.com/entry/inrei
1212,ゆかり 何 歳から,320,6,3,14,http://czech.hatenablog.com/entry/yukari-nansai
1213,ゆかり何歳から,320,6,3,14,http://czech.hatenablog.com/entry/yukari-nansai
1214,たまごっち 進化図 2025,390,7,3,29,http://czech.hatenablog.com/entry/original-sinkazu
1215,ココナッツ 何歳から,320,6,3,11,http://czech.hatenablog.com/entry/kokonattsu-ha-nansai
1216,たまごっちスマートキャラクター,1300,9,3,26,http://czech.hatenablog.com/entry/tamagotchi-sumaato-kouryaku
1217,レゴ デュプロ何歳まで,480,18,3,23,http://czech.hatenablog.com/entry/lego-dupulo
1218,大野城 いこい の森 水辺 公園 駐 車場,320,20,3,16,http://czech.hatenablog.com/entry/oonojou-ikoino-morinaka
1219,たまごっちユニ お世話 ミス と は,320,6,3,25,http://czech.hatenablog.com/entry/tamagotchi-yuni-no-3
1220,たまごっちパラダイス 進化 図 最新 森,320,19,3,11,http://czech.hatenablog.com/entry/tamagotchi-paradaisu-mori
1221,2歳 おもちゃ 乗り物,320,7,3,16,http://czech.hatenablog.com/entry/2year-vehicle-toy
1222,1歳 楽器 おもちゃ,320,8,3,22,http://czech.hatenablog.com/entry/1year-music-toy
1223,段ボールハウス,6600,14,3,27,http://czech.hatenablog.com/entry/danball-house
1224,たまごっち 遊び方,1900,24,3,17,http://czech.hatenablog.com/entry/tamagotchi-apuri-kouryaku
1225,おむつ セール,590,13,3,24,http://czech.hatenablog.com/entry/rakuten-supersale-diapers
1226,にょろっち進化条件,320,6,3,28,http://czech.hatenablog.com/entry/original-sinkazu
1227,たまごっちパラダイス空キャラクター,320,6,3,10,http://czech.hatenablog.com/entry/tamagotchi-paradaisu-nosora
1228,エスメラルダ 枕 洗い方,320,7,3,11,http://czech.hatenablog.com/entry/esumeraruda-araikata
1229,たまごっちアプリ,5400,19,3,25,http://czech.hatenablog.com/entry/tamagotchi-apuri-kouryaku
1230,アンパンマン ミュージアム 誕生日,3600,15,3,22,http://czech.hatenablog.com/entry/nagoya-anpanman-birthday
1231,ポップコーン何歳から,1900,13,3,14,http://czech.hatenablog.com/entry/poppukoon-ha-nansai
1232,たまごっち 種類キャラ,1900,19,3,29,http://czech.hatenablog.com/entry/tamagotchi-namae-ichiran
1233,サイベックス メリオカーボンたたみ方,390,7,3,9,http://czech.hatenablog.com/entry/merio-carbon-tatamikata
1234,ピタゴラスイッチ 紙コップ 暗号 作り方,480,7,3,19,http://czech.hatenablog.com/entry/pitagora-kamicup
1235,大野城 いこい の森 水辺公園 駐 車場,320,20,3,14,http://czech.hatenablog.com/entry/oonojou-ikoino-morinaka
1236,たまごっちパラダイス 森フィールド,320,7,3,26,http://czech.hatenablog.com/entry/tamagotchi-paradaisu-mori
1237,アンパンマン ハンドル,1000,26,3,22,http://czech.hatenablog.com/entry/anpanman-melody-handle
1238,おもちゃ屋バンバン,590,7,3,18,http://czech.hatenablog.com/entry/omocha-ya-banban
1239,ハンバーガー 何歳から,390,7,3,24,http://czech.hatenablog.com/entry/makku-ha-nansai
1240,くちぱっち たまごっちパラダイス,390,9,3,15,http://czech.hatenablog.com/entry/kuchipatchino-sodate-hou
1241,サイベックス リベル たたみ方,320,6,3,10,http://czech.hatenablog.com/entry/libel-tatamikata
1242,くら 寿司 ベビーカー,320,8,3,11,http://czech.hatenablog.com/entry/sushiro
1243,産まれてきてくれてありがとう 英語,2900,18,3,22,http://czech.hatenablog.com/entry/shussan-houkoku-wo-2
1244,西松屋 ベビー バス,2900,12,3,26,http://czech.hatenablog.com/entry/nishimatsuya-babybath
1245,サイベックスメリオカーボン たたみ方,390,7,3,9,http://czech.hatenablog.com/entry/merio-carbon-tatamikata
1246,たまごっちパラダイス りくキッズ 進化,320,6,3,10,http://czech.hatenablog.com/entry/tamagotchi-paradaisu-noriku
1247,たまごっち 何 歳で進化,320,6,3,19,http://czech.hatenablog.com/entry/original-shinka-time
1248,パウパトロールキャラ一覧,2400,10,3,23,http://czech.hatenablog.com/entry/paupatorooru-no-kyarakutaa
1249,コロコロタワー アンパンマン,1900,25,3,22,http://czech.hatenablog.com/entry/anpanman-kurukorotower%3A
1250,横浜アンパンマンミュージアム ホテル,1600,26,3,20,http://czech.hatenablog.com/entry/anpanman-hotel
1251,たまごっち パラダイス ホワイト グレイシア 予約,590,12,3,26,http://czech.hatenablog.com/entry/tamagotchi-paradaisu-yoyaku
1252,たまごっちパラダイス 森 育て方,320,7,3,8,http://czech.hatenablog.com/entry/tamagotchi-paradaisu-kouryaku
1253,職場 出産報告,3600,16,3,13,http://czech.hatenablog.com/entry/shussan-houkoku-wo
1254,いくら 何歳から,3600,13,3,11,http://czech.hatenablog.com/entry/ikuraha-nansai-kara
1255,サイベックス リベルたたみ方,320,7,3,10,http://czech.hatenablog.com/entry/libel-tatamikata
1256,えび 何歳から,2400,18,3,30,http://czech.hatenablog.com/entry/ebi-ha-nansai
1257,たまごっち初代 一覧,2400,12,3,26,http://czech.hatenablog.com/entry/shodai-shinka-ichiran
1258,たまごっちパラダイス 一覧,1600,19,3,19,http://czech.hatenablog.com/entry/tamagotchi-paradaisu-kouryaku
1259,たまごっちパラダイス売ってる場所,1000,12,3,41,http://czech.hatenablog.com/entry/tamagotchi-paradaisu-yoyaku
1260,たまごっち 死ん だ 画面,390,4,3,27,http://czech.hatenablog.com/entry/tamagotchi-reset
1261,たらこパスタ 何歳から,590,13,3,16,http://czech.hatenablog.com/entry/tarako-nansai
1262,出産祝いスープいらない,320,7,3,8,http://czech.hatenablog.com/entry/syussaniwai-soup
1263,たまごっちuni 進化,320,8,3,22,http://czech.hatenablog.com/entry/tamagotchi-yuni-no-3
1264,産休 挨拶,2400,16,3,14,http://czech.hatenablog.com/entry/sankyu-aisatsu-henshin
1265,マックポテトいつから,1900,14,3,20,http://czech.hatenablog.com/entry/makku-ha-nansai
1266,てんしっち 死んだら,390,7,3,27,http://czech.hatenablog.com/entry/sibou
1267,そらキッズ たまごっち,320,7,3,10,http://czech.hatenablog.com/entry/tamagotchi-paradaisu-nosora
1268,ポロロキャラクター,1600,13,3,26,http://czech.hatenablog.com/entry/pororo-no-kyarakutaa
1269,たまごっちプラス キャラクター一覧,1900,11,3,24,http://czech.hatenablog.com/entry/tamagotchi-namae-ichiran
1270,たまごっちコード,1000,14,3,28,http://czech.hatenablog.com/entry/tamagotchi-paradaisu-no
1271,ストライダー 何歳まで,720,13,3,14,http://czech.hatenablog.com/entry/strider-age
1272,オムツ セール,590,13,3,24,http://czech.hatenablog.com/entry/rakuten-supersale-diapers
1273,おすすめb型ベビーカー,3600,16,3,17,http://czech.hatenablog.com/entry/bgata-babycar-recommend
1274,アンパンマン コロコロタワー,1900,28,3,26,http://czech.hatenablog.com/entry/anpanman-kurukorotower%3A
1275,おもちゃ リモコン,1900,24,3,20,http://czech.hatenablog.com/entry/tinou-remote
1276,ウノ枚数,1600,14,3,18,http://czech.hatenablog.com/entry/uno-syurui
1277,ファミマ ガチャガチャ設置 場所,320,7,3,18,http://czech.hatenablog.com/entry/tamagotchi-gachagacha-setchibasho
1278,たまごっちパラダイス海キャラクター,320,6,3,11,http://czech.hatenablog.com/entry/tamagotchi-paradaisu-kouryaku
1279,雨の日 ベビーカー,1000,13,3,14,http://czech.hatenablog.com/entry/rainy-babycar
1280,リカちゃん 家系図,880,12,3,25,http://czech.hatenablog.com/entry/rika-family
1281,たまごっち gen1 gen2 違い,590,8,3,19,http://czech.hatenablog.com/entry/gen1-gen2-chigai
1282,アンパンマン 布絵本,480,18,3,22,http://czech.hatenablog.com/entry/anpanman-nuno-book
1283,たまごっち ガチャガチャどこにある,390,7,3,17,http://czech.hatenablog.com/entry/tamagotchi-gachagacha-setchibasho
1284,離乳食 ひじき 市販 おすすめ,260,9,3,7,http://czech.hatenablog.com/entry/hijikh-shihan
1285,uno 枚数,1600,23,3,19,http://czech.hatenablog.com/entry/uno-syurui
1286,2歳 乗り物 おもちゃ,320,9,3,14,http://czech.hatenablog.com/entry/2year-vehicle-toy
1287,スイちゃん5代目,1900,9,3,26,http://czech.hatenablog.com/entry/suityan-godaime-hyouban
1288,ベビーダノンどこに売ってる,320,6,3,23,http://czech.hatenablog.com/entry/bebiidanon-pureen-hadokode
1289,ドラえもんは何歳,320,7,3,21,http://czech.hatenablog.com/entry/dora-emonha-nansai
1290,たまごっちパラダイス 攻略 もり,320,7,3,8,http://czech.hatenablog.com/entry/tamagotchi-paradaisu-kouryaku
1291,たまごっち 初代 まめっち 育て方,320,6,3,21,http://czech.hatenablog.com/entry/original-sinkazu
1292,たまごっち 世代,1900,20,3,35,http://czech.hatenablog.com/entry/tamagotchihadorega-ninki-ima
1293,アンパンマンブロック レゴ,1000,12,3,22,http://czech.hatenablog.com/entry/anpanman-block-lego
1294,たまごっちパラダイス 成長 過程,390,7,3,21,http://czech.hatenablog.com/entry/tamagotchi-paradaisu-kouryaku
1295,パウパト キャラクター名前,480,8,3,24,http://czech.hatenablog.com/entry/paupatorooru-no-kyarakutaa
1296,たまごっちユニお世話ミスとは,320,6,3,25,http://czech.hatenablog.com/entry/tamagotchi-yuni-no-3
1297,パウパト名前,1300,9,3,24,http://czech.hatenablog.com/entry/paupatorooru-no-kyarakutaa
1298,離乳食 冷凍保存期間,590,12,3,18,http://czech.hatenablog.com/entry/rinyusyoku-yasui
1299,母子手帳 名前 どっち が上,590,11,3,19,http://czech.hatenablog.com/entry/boshitetyou-dochi
1300,たまごっちパラダイス イオン 予約,720,13,3,23,http://czech.hatenablog.com/entry/tamagotchi-paradaisu-yoyaku
1301,ぷにる ん ず ふしぎぷに 入手 方法,590,4,3,23,http://czech.hatenablog.com/entry/puniruns-how-to
1302,マックポテト 何歳から,390,7,3,23,http://czech.hatenablog.com/entry/makku-ha-nansai
1303,サイベックスリベルたたみ方,320,6,3,7,http://czech.hatenablog.com/entry/libel-tatamikata
1304,イソップ物語 教訓 一覧,320,7,3,8,http://czech.hatenablog.com/entry/isoppu-monogatari-no
1305,ダンボールハウス 作り方,1600,28,3,17,http://czech.hatenablog.com/entry/danball-house
1306,レゴ アンパンマン ブロック,1000,12,3,22,http://czech.hatenablog.com/entry/anpanman-block-lego
1307,ホテル ベットガード,590,13,3,22,http://czech.hatenablog.com/entry/hotel-bedguard
1308,たまごっちのアプリ,6600,14,3,26,http://czech.hatenablog.com/entry/tamagotchi-apuri-kouryaku
1309,たまごっちパラダイス みずキッズ 進化,320,7,3,10,http://czech.hatenablog.com/entry/tamagotchi-paradaisu-kouryaku
1310,スイちゃん 5代目 何 歳,320,7,3,19,http://czech.hatenablog.com/entry/suityan-nenrei
1311,レゴブロックアンパンマン,1000,13,3,22,http://czech.hatenablog.com/entry/anpanman-block-lego
1312,てんしっちのたまごっち,3600,18,3,25,http://czech.hatenablog.com/entry/tenshitti
1313,ぷにる ん ず 遊び方,480,4,3,15,http://czech.hatenablog.com/entry/puniruns-how-to
1314,サイベックス メリオたたみ方,390,7,3,6,http://czech.hatenablog.com/entry/merio-carbon-tatamikata
1315,パウパトロールケント,1900,14,3,20,http://czech.hatenablog.com/entry/paupatorooru-no-kento
1316,西松屋布団セット,1300,15,3,20,http://czech.hatenablog.com/entry/nishimatsuya-baby-huton
1317,たまごっち昔キャラクター,1300,14,3,24,http://czech.hatenablog.com/entry/shodai-shinka-ichiran
1318,産休の挨拶 メール,880,12,3,21,http://czech.hatenablog.com/entry/sankyu-aisatsu-henshin
1319,からふるくみくる,390,7,3,24,http://czech.hatenablog.com/entry/colorful-kumikuru
1320,たまごっちパラダイス ブリードとは,2900,12,3,21,http://czech.hatenablog.com/entry/tamagotchi-paradaisu-no-3
1321,おもちゃ ワミー,1600,22,3,22,http://czech.hatenablog.com/entry/wammy
1322,たまごっち成長図,720,6,3,11,http://czech.hatenablog.com/entry/original-sinkazu
1323,ハッピーセット何歳まで,590,11,3,26,http://czech.hatenablog.com/entry/makku-ha-nansai
1324,ラムネ いつから,320,8,3,16,http://czech.hatenablog.com/entry/ramune-ha-nansai
1325,unoカード 種類,1600,19,3,16,http://czech.hatenablog.com/entry/uno-syurui
1326,ブロック アンパンマン レゴ,1000,12,3,22,http://czech.hatenablog.com/entry/anpanman-block-lego
1327,ぐそく っ ち 進化,390,4,3,15,http://czech.hatenablog.com/entry/gusokutchino-sodate-hou
1328,たまごっちユニ お世話ミスとは,320,6,3,25,http://czech.hatenablog.com/entry/tamagotchi-yuni-no-3
1329,クレヨンしんちゃん 名言 感動,320,7,3,12,http://czech.hatenablog.com/entry/kureyon-shinchanno-meigenshuu
1330,2歳乗り物おもちゃ,320,9,3,14,http://czech.hatenablog.com/entry/2year-vehicle-toy
1331,フライングボール 本物,480,18,3,24,http://czech.hatenablog.com/entry/flyingball-real
1332,カニカマいつから,390,7,3,14,http://czech.hatenablog.com/entry/kanikama-ha-nansai
1333,たまごっち進化しない,320,7,3,25,http://czech.hatenablog.com/entry/original-shinkanai
1334,アンパンマン おもちゃ 3歳,3600,16,3,22,http://czech.hatenablog.com/entry/anpanman-toy-2-3-years
1335,鳴淵ダム 下流河川公園,1900,15,3,13,http://czech.hatenablog.com/entry/mei-fuchi-damu
1336,たまごっちパラダイス リセット,390,7,3,29,http://czech.hatenablog.com/entry/tamagotchi-reset
1337,たまごっちユニ お世話ミスと は,320,6,3,25,http://czech.hatenablog.com/entry/tamagotchi-yuni-no-3
1338,トイザらス たまごっちパラダイス 予約,320,7,3,19,http://czech.hatenablog.com/entry/tamagotchi-paradaisu-ha-2
1339,アルバス ヤバ い,1900,11,3,8,http://czech.hatenablog.com/entry/albas
1340,ぷにる ん ず ふしぎぷに 入手方法,590,4,3,24,http://czech.hatenablog.com/entry/puniruns-how-to
1341,カニカマ離乳食,390,7,3,14,http://czech.hatenablog.com/entry/kanikama-ha-nansai
1342,抱っこ紐ケープ 付け方 クリップ,320,9,3,11,http://czech.hatenablog.com/entry/dakkohimo-cape
1343,ドラえもんは 何歳,320,7,3,21,http://czech.hatenablog.com/entry/dora-emonha-nansai
1344,クレヨンしんちゃん と ドラえもん,2400,12,3,24,http://czech.hatenablog.com/entry/kureyon-shinchanto-dora
1345,たまごっちパラダイス説明書,1000,12,3,27,http://czech.hatenablog.com/entry/tamagotchi-paradaisu-kouryaku
1346,ミキハウス食器セット,1300,13,3,16,http://czech.hatenablog.com/entry/mikihouse-tablewear
1347,たまごっち 寝てる 起こす,390,7,3,29,http://czech.hatenablog.com/entry/tamagotchi-paradaisu-wo
1348,たまごっちパラダイス 隠しキャラ,390,7,3,26,http://czech.hatenablog.com/entry/tamagotchi-paradaisu-mori
1349,ラボたま アイテム 一覧,320,9,3,28,http://czech.hatenablog.com/entry/tamagotchi-paradaisu-no
1350,たまごっちパラダイス裏技,320,7,3,21,http://czech.hatenablog.com/entry/tamagotchi-paradaisu-kouryaku
1351,たまごっち パラダイス ショップコード 解放,320,7,3,7,http://czech.hatenablog.com/entry/tamagotchi-paradaisu-no
1352,ベビーバス　おすすめ,4400,18,3,17,http://czech.hatenablog.com/entry/baby-bath
1353,ハンバーガー　何歳から,320,6,3,17,http://czech.hatenablog.com/entry/makku-ha-nansai
1354,たまごっちパラダイス もり,2400,14,3,17,http://czech.hatenablog.com/entry/tamagotchi-paradaisu-mori
1355,紐通しおもちゃ,1900,14,3,15,http://czech.hatenablog.com/entry/stringing
1356,パウパトロールメンバー,590,11,3,29,http://czech.hatenablog.com/entry/paupatorooru-no-kyarakutaa
1357,ベビーカー a 型 いらない,590,12,3,15,http://czech.hatenablog.com/entry/a-type-no-need
1358,ハンバーガー何歳から,390,6,3,21,http://czech.hatenablog.com/entry/makku-ha-nansai
1359,サイベックスメリオたたみ方,390,7,3,6,http://czech.hatenablog.com/entry/merio-carbon-tatamikata
1360,たまごっち プチプチお店 っ ち お店一覧 初代,320,19,3,23,http://czech.hatenablog.com/entry/tamagotchino-puchipuchi-omisetchio
1361,すいすいヤング 進化,320,6,3,6,http://czech.hatenablog.com/entry/irukatchino-sodate-hou
1362,産休挨拶,2400,15,3,14,http://czech.hatenablog.com/entry/sankyu-aisatsu-henshin
1363,生ハム　何歳から,2900,17,3,14,http://czech.hatenablog.com/entry/nama-hamu-ha
1364,たまごっち み ゃ おっ ち,1300,13,3,19,http://czech.hatenablog.com/entry/myaotchino-sodate-hou
1365,離乳食 冷凍期間,480,18,3,16,http://czech.hatenablog.com/entry/rinyusyoku-yasui
1366,たまごっちパラダイス そらキッズ,390,8,3,17,http://czech.hatenablog.com/entry/tamagotchi-paradaisu-nosora
1367,くち どけ おこめ ぼ ー 危ない,720,5,3,7,http://czech.hatenablog.com/entry/okomebo
1368,カニカマ　いつから,390,8,3,14,http://czech.hatenablog.com/entry/kanikama-ha-nansai
1369,ファミマ ガチャガチャ設置場所,320,7,3,18,http://czech.hatenablog.com/entry/tamagotchi-gachagacha-setchibasho
1370,トイザらス たまごっち 売り場,320,7,3,20,http://czech.hatenablog.com/entry/tamagotchi-paradaisu-ha-2
1371,たらこっち 初代,320,6,3,26,http://czech.hatenablog.com/entry/original-sinkazu
1372,たまごっち りくキッズ,320,7,3,15,http://czech.hatenablog.com/entry/tamagotchi-paradaisu-noriku
1373,テーブルチェア 西松屋,390,18,2,15,http://czech.hatenablog.com/entry/nishimatsuya-baby-chair
1374,たまごっちパラダイスラボたまやり方,480,9,2,11,http://czech.hatenablog.com/entry/tamagotchi-paradaisu-no
1375,btm 三輪車 説明書,1000,24,2,20,http://czech.hatenablog.com/entry/btm-tricycle
1376,ダンボールハウス手作り,880,20,2,17,http://czech.hatenablog.com/entry/danball-house
1377,水遊び 用オムツ 意味ない,590,13,2,25,http://czech.hatenablog.com/entry/mizuasobi-omutu-iminai
1378,新幹線 ベビーカーどこに置く,590,18,2,20,http://czech.hatenablog.com/entry/babycar-train
1379,たまごっち 通信できる 機種,590,5,2,19,http://czech.hatenablog.com/entry/tamagotchi-tsuushin-gaido
1380,バランスイージー デメリット,480,19,2,10,http://czech.hatenablog.com/entry/balance-easy
1381,かみかみチキン 正規品,480,15,2,27,http://czech.hatenablog.com/entry/kamikami-chicken
1382,たまごクラブ 付録,480,17,2,20,http://czech.hatenablog.com/entry/first-tamago-club
1383,サイベックス 畳み 方,390,10,2,26,http://czech.hatenablog.com/entry/merio-carbon-tatamikata
1384,哺乳瓶消毒後 乾かし方,320,7,2,14,http://czech.hatenablog.com/entry/honyubin-kawakashikata
1385,たまごっち死ぬときの音,320,9,2,27,http://czech.hatenablog.com/entry/sibou
1386,西松屋 ベビーバス,2900,17,2,25,http://czech.hatenablog.com/entry/nishimatsuya-babybath
1387,テレタビーズ キャラクター,1600,17,2,32,http://czech.hatenablog.com/entry/teretabiizu-no-kyarakutaa
1388,たまごっちパラダイス おやじ っ ち,1000,18,2,25,http://czech.hatenablog.com/entry/tamagotchi-paradaisu-kouryaku
1389,おもちゃ タブレット,1000,17,2,19,http://czech.hatenablog.com/entry/tablet-toy-recommend
1390,コラージュフルフル シャンプー口コミ,1300,11,2,21,http://czech.hatenablog.com/entry/collage-shampoo
1391,コラージュ フルフル シャンプー 口コミ,1300,11,2,21,http://czech.hatenablog.com/entry/collage-shampoo
1392,産休挨拶メール,880,10,2,16,http://czech.hatenablog.com/entry/sankyu-aisatsu-henshin
1393,リベル 何ヶ月から,480,16,2,10,http://czech.hatenablog.com/entry/libel-when
1394,メリオカーボン 新生児インレイ,480,15,2,12,http://czech.hatenablog.com/entry/inrei
1395,たまごっち 初代 攻略,390,9,2,20,http://czech.hatenablog.com/entry/original-sinkazu
1396,すみっコぐらしおもちゃ人気,390,8,2,21,http://czech.hatenablog.com/entry/sumikko-toy
1397,コロコロ タワー アンパンマン,1900,21,2,22,http://czech.hatenablog.com/entry/anpanman-kurukorotower%3A
1398,エアラブ 付け方,1300,24,2,18,http://czech.hatenablog.com/entry/airlove-tsukekata
1399,アンパンマン おもちゃ 買ってよかった,1000,19,2,29,http://czech.hatenablog.com/entry/anpanman-toy
1400,エアラブ付け方,1300,25,2,18,http://czech.hatenablog.com/entry/airlove-tsukekata
1401,たまごっちランキング,880,20,2,26,http://czech.hatenablog.com/entry/tamagotchihadorega-ninki-ima
1402,共働き 家事分担おかしい,880,18,2,37,http://czech.hatenablog.com/entry/tomobataraki-kajibunntan
1403,たまごっち 種類 キャラクター,1900,13,2,25,http://czech.hatenablog.com/entry/tamagotchi-namae-ichiran
1404,新幹線 ベビーカー どこに置く,590,18,2,20,http://czech.hatenablog.com/entry/babycar-train
1405,5歳バギー,590,9,2,16,http://czech.hatenablog.com/entry/5years-babycar-instead
1406,トイザらス プレママ特典,480,20,2,13,http://czech.hatenablog.com/entry/babysrus-present
1407,グーン 応募,480,29,2,18,http://czech.hatenablog.com/entry/goon-point
1408,アンパンマン お 風呂 椅子,480,29,2,17,http://czech.hatenablog.com/entry/anpanman-bathchair
1409,ひらいてぴょこん アンパンマン,480,15,2,22,http://czech.hatenablog.com/entry/anpanman-hiraitepyokon
1410,アンパンマン 布 絵本,480,17,2,22,http://czech.hatenablog.com/entry/anpanman-nuno-book
1411,かわいい 歯固め,390,13,2,18,http://czech.hatenablog.com/entry/hagatame-recommend
1412,部活休む理由,5400,4,2,13,http://czech.hatenablog.com/entry/bukatsu-yasumu
1413,たまごっち 種類キャラクター,1900,17,2,31,http://czech.hatenablog.com/entry/tamagotchi-namae-ichiran
1414,アンパンマンミュージアム 名古屋 誕生日,1600,15,2,21,http://czech.hatenablog.com/entry/nagoya-anpanman-birthday
1415,歴代プリキュア 変身アイテム,1600,14,2,22,http://czech.hatenablog.com/entry/purikyua-henshin-aitemu
1416,たまごっち ござるっち,1600,11,2,22,http://czech.hatenablog.com/entry/mai-tamagotchino-shiikuretto
1417,たまごっち 一覧 キャラクター,1600,20,2,28,http://czech.hatenablog.com/entry/tamagotchi-namae-ichiran
1418,ぽつねんっち進化,390,10,2,23,http://czech.hatenablog.com/entry/tamagotchino-tabemono-to
1419,たまごっちパラダイス cボタン,320,9,2,28,http://czech.hatenablog.com/entry/tamagotchi-paradaisu-wo
1420,メルちゃん 救急車,1300,26,2,20,http://czech.hatenablog.com/entry/melchan-doctor
1421,ジョブレイバー イラスト,1900,16,2,25,http://czech.hatenablog.com/entry/jobureibaa-no-kyarakutaa
1422,共働き 家事分担 おかしい,880,19,2,37,http://czech.hatenablog.com/entry/tomobataraki-kajibunntan
1423,アンパンマン おもちゃ 0歳,1000,23,2,21,http://czech.hatenablog.com/entry/anpanman-toy-0-1-years
1424,たまごっちパラダイスどこに売ってる,720,10,2,24,http://czech.hatenablog.com/entry/tamagotchi-paradaisu-yoyaku
1425,たこ焼き　何歳から,720,9,2,16,http://czech.hatenablog.com/entry/tako-ha-nansai
1426,クーファン ベビーベッド代わり,590,19,2,19,http://czech.hatenablog.com/entry/qoofan
1427,惑星名前 かっこいい,390,14,2,12,http://czech.hatenablog.com/entry/tamagotchi-wakusei-no
1428,ベビーカー ファン シート 比較,390,11,2,24,http://czech.hatenablog.com/entry/fansheet-hikaku
1429,みてね 危険性,390,8,2,16,http://czech.hatenablog.com/entry/mitene-danger
1430,サイベックス 畳み方,390,10,2,26,http://czech.hatenablog.com/entry/merio-carbon-tatamikata
1431,たまごっち キャラクター 歴代,1900,13,2,39,http://czech.hatenablog.com/entry/tamagotchi-namae-ichiran
1432,アンパンマン トランポリン,1600,13,2,22,http://czech.hatenablog.com/entry/anpanman-tramporin
1433,昔のたまごっち キャラ,1300,27,2,26,http://czech.hatenablog.com/entry/tamagotchi-namae-ichiran
1434,おもちゃタブレット,1000,18,2,20,http://czech.hatenablog.com/entry/tablet-toy-recommend
1435,西松屋手口ふき,880,10,2,23,http://czech.hatenablog.com/entry/2023/01/20/190800
1436,たまごっちパラダイス 空 進化,1300,9,2,11,http://czech.hatenablog.com/entry/tamagotchi-paradaisu-nosora
1437,パウ パト キャラクター 名前,480,9,2,24,http://czech.hatenablog.com/entry/paupatorooru-no-kyarakutaa
1438,アティパス 足に悪い,480,12,2,10,http://czech.hatenablog.com/entry/attipas
1439,1歳 マック ハンバーガー 頼み方,320,8,2,25,http://czech.hatenablog.com/entry/makku-ha-nansai
1440,パウパトロール キャラクター イラスト,1600,18,2,26,http://czech.hatenablog.com/entry/paupatorooru-no-kyarakutaa
1441,たまごっちショップコード一覧,1900,10,2,16,http://czech.hatenablog.com/entry/tamagotchi-paradaisu-no
1442,キッズ有明ガーデン,880,25,2,19,http://czech.hatenablog.com/entry/ariake-garden
1443,おくるみ アフガン,480,21,2,13,http://czech.hatenablog.com/entry/swaddle-okurumi-afugan
1444,たまごっち 新しい卵,480,14,2,28,http://czech.hatenablog.com/entry/tamagotchi-paradaisu-no-3
1445,たまごっち ふら わっ ち イラスト,390,15,2,27,http://czech.hatenablog.com/entry/furawatchi-kanzen-gaido
1446,たまごっち プチプチ お店っち switch 攻略,390,19,2,24,http://czech.hatenablog.com/entry/tamagotchino-puchipuchi-omisetchio
1447,歴代たまごっち,27100,27,2,41,http://czech.hatenablog.com/entry/shodai-shinka-ichiran
1448,アンパンマントランポリン,1600,16,2,25,http://czech.hatenablog.com/entry/anpanman-tramporin
1449,アンパンマン ミュージアム 誕生日 名古屋,1600,19,2,23,http://czech.hatenablog.com/entry/nagoya-anpanman-birthday
1450,たまごっちパラダイス 森 進化 図,1000,11,2,11,http://czech.hatenablog.com/entry/tamagotchi-paradaisu-mori
1451,チャイルドシート アルファード,1300,19,2,26,http://czech.hatenablog.com/entry/alfard-childseat
1452,アンパンマン の自動販売機,1300,19,2,23,http://czech.hatenablog.com/entry/anpanman-jihanki
1453,ひろし名言,1300,21,2,25,http://czech.hatenablog.com/entry/kureyon-shinchanno-meigenshuu
1454,七夕ゼリー給食地域,1000,20,2,10,http://czech.hatenablog.com/entry/tanabata-zeri
1455,ベビーカー持ち上げ方バス,480,8,2,22,http://czech.hatenablog.com/entry/babycar-bus
1456,アンパンマン おもちゃ 買って よかった,1000,19,2,29,http://czech.hatenablog.com/entry/anpanman-toy
1457,子育て大変な時期ランキング,880,11,2,15,http://czech.hatenablog.com/entry/kosodate-taihen
1458,西松屋 ピアノ,480,21,2,15,http://czech.hatenablog.com/entry/nishimatusya-tekkin
1459,たまごっち 時間変更,480,13,2,26,http://czech.hatenablog.com/entry/original-shinka-time
1460,紐通し おもちゃ 手作り,320,9,2,16,http://czech.hatenablog.com/entry/himo-toshi
1461,パウパトロール 乗り物,320,9,2,27,http://czech.hatenablog.com/entry/paupatorooru-no-norimono
1462,やや こ ー んっ ち 育て方,320,14,2,24,http://czech.hatenablog.com/entry/nyokinyoki-yangu-ha
1463,西松屋 おまる,1300,17,2,19,http://czech.hatenablog.com/entry/nishimatsuya-omaru
1464,西松屋 布団,880,17,2,20,http://czech.hatenablog.com/entry/nishimatsuya-baby-huton
1465,サイゼリヤ たらこパスタ,1000,19,2,21,http://czech.hatenablog.com/entry/saizeriya-tarako-sicily-ninshin
1466,おもちゃのタブレット,1000,19,2,22,http://czech.hatenablog.com/entry/tablet-toy-recommend
1467,手作りおもちゃ 磁石,1000,19,2,26,http://czech.hatenablog.com/entry/magnet-toy-handmade
1468,み ゃ おっ ち たまごっち,1300,14,2,17,http://czech.hatenablog.com/entry/myaotchino-sodate-hou
1469,パウパト キャラクター 名前,480,8,2,24,http://czech.hatenablog.com/entry/paupatorooru-no-kyarakutaa
1470,すみっコぐらし おもちゃ 人気,390,8,2,20,http://czech.hatenablog.com/entry/sumikko-toy
1471,リッチェル ご き げんチェア,390,24,2,15,http://czech.hatenablog.com/entry/richel-gokigen-chair
1472,スタジオアリス お宮参り レンタル,1300,18,2,23,http://czech.hatenablog.com/entry/arisu-omiyamairi
1473,オーボールいつから,880,20,2,20,http://czech.hatenablog.com/entry/o-ball-how-old
1474,たまごっち disciplineとは,720,17,2,22,http://czech.hatenablog.com/entry/original-sinkazu
1475,アクアビーズ 収納,480,20,2,20,http://czech.hatenablog.com/entry/aquabeads-syuunou
1476,くちぱっち なんの動物,480,20,2,26,http://czech.hatenablog.com/entry/kuchipatchino-sodate-hou
1477,サイベックス たたみ方,390,9,2,6,http://czech.hatenablog.com/entry/merio-carbon-tatamikata
1478,ユニスリープ口コミ,140,9,2,42,http://czech.hatenablog.com/entry/yunisleep-kutikomi
1479,乗り物おもちゃ2歳,320,10,2,16,http://czech.hatenablog.com/entry/2year-vehicle-toy
1480,産休　挨拶,2400,16,2,14,http://czech.hatenablog.com/entry/sankyu-aisatsu-henshin
1481,スイ ちゃん 卒業 5 代目,1900,16,2,24,http://czech.hatenablog.com/entry/rekidai-suityan
1482,まま ぱっち,1900,17,2,22,http://czech.hatenablog.com/entry/kuchipatchino-sodate-hou
1483,西松屋 メリー,1600,15,2,23,http://czech.hatenablog.com/entry/smile-merry-dx
1484,明太子 何歳から,1300,16,2,13,http://czech.hatenablog.com/entry/tarako-nansai
1485,マザーズバッグジェラートピケ,1300,25,2,20,http://czech.hatenablog.com/entry/jerapike-mother-bag
1486,タブレット おもちゃ,1000,17,2,22,http://czech.hatenablog.com/entry/tablet-toy-recommend
1487,コラージュフルフルシャンプー口コミ,1300,11,2,21,http://czech.hatenablog.com/entry/collage-shampoo
1488,ケントパウパトロール,1300,22,2,18,http://czech.hatenablog.com/entry/paupatorooru-no-kento
1489,光る靴洗い方,720,8,2,10,http://czech.hatenablog.com/entry/hikaru-kutsu-no
1490,アルファード 三列目,390,16,2,18,http://czech.hatenablog.com/entry/alfard-childseat
1491,2代目 スイちゃん,320,8,2,27,http://czech.hatenablog.com/entry/rekidai-suityan
1492,プリキュア 歴代変身アイテム,1600,14,2,22,http://czech.hatenablog.com/entry/purikyua-henshin-aitemu
1493,たまごっち成長,1000,11,2,25,http://czech.hatenablog.com/entry/tamagochi-seityouzu
1494,離乳食 冷凍 期間,480,18,2,18,http://czech.hatenablog.com/entry/rinyusyoku-yasui
1495,やや こ ー んっ ち,880,24,2,28,http://czech.hatenablog.com/entry/nyokinyoki-yangu-ha
1496,妊娠中 エビ,590,19,2,33,http://czech.hatenablog.com/entry/saizeriya-koebi-ninshin
1497,なめこ何歳から,720,7,2,16,http://czech.hatenablog.com/entry/namekoha-nansai-kara
1498,すいちゃん2代目,590,9,2,27,http://czech.hatenablog.com/entry/rekidai-suityan
1499,ヴェルファイア チャイルドシート,480,14,2,21,http://czech.hatenablog.com/entry/alfard-childseat
1500,ピジョン 哺乳瓶飲ませ方空気穴,480,17,2,24,http://czech.hatenablog.com/entry/honyubin-kukiana
1501,ユニー スリープ 枕 口コミ,140,7,2,11,http://czech.hatenablog.com/entry/yunisleep-kutikomi
1502,タングラム 問題,390,28,2,24,http://czech.hatenablog.com/entry/tangram
1503,たまごっちパラダイス ブリード 条件,320,9,2,17,http://czech.hatenablog.com/entry/tamagotchi-paradaisu-no-3
1504,生ハム 何歳から,2900,17,2,14,http://czech.hatenablog.com/entry/nama-hamu-ha
1505,たまごっち 初期 キャラ,2400,13,2,25,http://czech.hatenablog.com/entry/tamagotchi-namae-ichiran
1506,西松屋 てくちふき,1300,16,2,22,http://czech.hatenablog.com/entry/2023/01/20/190800
1507,unoカード種類,1600,16,2,16,http://czech.hatenablog.com/entry/uno-syurui
1508,たまごっちid 進化 表,1000,20,2,19,http://czech.hatenablog.com/entry/tamagochi-seityouzu
1509,たまごっちパラダイス アイテムコード,1000,18,2,15,http://czech.hatenablog.com/entry/tamagotchi-paradaisu-no
1510,サイゼリヤたらこパスタ,1000,19,2,21,http://czech.hatenablog.com/entry/saizeriya-tarako-sicily-ninshin
1511,ガスト 離乳食,1300,16,2,17,http://czech.hatenablog.com/entry/gasto-rinyusyoku
1512,アンパンマンの自動販売機,1300,20,2,25,http://czech.hatenablog.com/entry/anpanman-jihanki
1513,たまごっちパラダイス 図鑑,1300,12,2,22,http://czech.hatenablog.com/entry/tamagotchi-paradaisu-kouryaku
1514,磁石おもちゃ 手作り,1000,19,2,22,http://czech.hatenablog.com/entry/magnet-toy-handmade
1515,知育 タブレット,480,12,2,17,http://czech.hatenablog.com/entry/tablet-toy-recommend
1516,たまごっち ガチャガチャ 在庫,320,9,2,17,http://czech.hatenablog.com/entry/tamagotchi-gachagacha-setchibasho
1517,アルバムコレクション 代わり,1000,32,2,17,http://czech.hatenablog.com/entry/mitene-igai
1518,昔 の たまごっち キャラ,1300,11,2,27,http://czech.hatenablog.com/entry/tamagotchi-namae-ichiran
1519,ハッピーセット 何 歳 まで,590,13,2,26,http://czech.hatenablog.com/entry/makku-ha-nansai
1520,たまごっちパラダイス 予約できない,390,17,2,24,http://czech.hatenablog.com/entry/tamagotchi-paradaisu-ha-2
1521,新生児 チャイルドシート 首 苦 しそう,320,21,2,13,http://czech.hatenablog.com/entry/kurumove-kurushi
1522,たまごっちパラダイス 予約 ヤマダ電機,1600,18,2,25,http://czech.hatenablog.com/entry/tamagotchi-paradaisu-yoyaku
1523,ベビーカー つけるおもちゃ,1300,18,2,14,http://czech.hatenablog.com/entry/babycar-toy-osyare
1524,たまごっちパラダイス ショップコード 解放,320,8,2,7,http://czech.hatenablog.com/entry/tamagotchi-paradaisu-no
1525,ベビー バス 西松屋,1600,12,2,19,http://czech.hatenablog.com/entry/nishimatsuya-babybath
1526,なめこ離乳食,720,7,2,19,http://czech.hatenablog.com/entry/namekoha-nansai-kara
1527,ジェラピケ ママバッグ,390,13,2,16,http://czech.hatenablog.com/entry/jerapike-mother-bag
1528,サイベックスメリオ たたみ方,390,8,2,6,http://czech.hatenablog.com/entry/merio-carbon-tatamikata
1529,たまごっち 海 キャラクター,390,12,2,8,http://czech.hatenablog.com/entry/tamagotchi-paradaisu-kouryaku
1530,湯冷まし保存容器,320,9,2,19,http://czech.hatenablog.com/entry/yusamashi
1531,点つなぎ,12100,29,2,35,http://czech.hatenablog.com/entry/ten-tsunagi
1532,子ども食堂 違和感,1600,14,2,20,http://czech.hatenablog.com/entry/kodomosyokudou-zuzushi
1533,サイベックスリベル 後悔,1600,23,2,8,http://czech.hatenablog.com/entry/liberu-siseiwarui
1534,アンパンマンミュージアム 横浜駅,1000,16,2,15,http://czech.hatenablog.com/entry/anpanman-ikikata
1535,おまる 西松屋,1000,15,2,23,http://czech.hatenablog.com/entry/nishimatsuya-omaru
1536,たこ何歳から,1000,9,2,11,http://czech.hatenablog.com/entry/tako-ha-nansai
1537,七夕ゼリー 給食 地域,1000,19,2,10,http://czech.hatenablog.com/entry/tanabata-zeri
1538,パウパトロール名前一覧,1600,10,2,26,http://czech.hatenablog.com/entry/paupatorooru-no-kyarakutaa
1539,てんし っ ち キャラクター,880,5,2,33,http://czech.hatenablog.com/entry/tenshitti
1540,アンパンマンミュージアム 横浜 最寄り駅,880,19,2,29,http://czech.hatenablog.com/entry/anpanman-ikikata
1541,みい つけ た スイちゃん 歴代,880,6,2,26,http://czech.hatenablog.com/entry/rekidai-suityan
1542,たまごっち 育て 方 ピース,480,28,2,25,http://czech.hatenablog.com/entry/tamagotchi-paradaisu-kouryaku
1543,たまごっち パラダイス ショップコード 番号,480,9,2,17,http://czech.hatenablog.com/entry/tamagotchi-paradaisu-no
1544,みて ね 危険性,390,9,2,11,http://czech.hatenablog.com/entry/mitene-danger
1545,たらこっち 進化,390,9,2,20,http://czech.hatenablog.com/entry/original-sinkazu
1546,乗り物 おもちゃ 2 歳,390,10,2,16,http://czech.hatenablog.com/entry/2year-vehicle-toy
1547,ベビー ゲート 斜め,320,11,2,26,http://czech.hatenablog.com/entry/babygate-naname
1548,たまごっちパラダイス 新作 予約,3600,18,2,26,http://czech.hatenablog.com/entry/tamagotchi-paradaisu-yoyaku
1549,たまごっちパラダイス森 進化図,1000,19,2,11,http://czech.hatenablog.com/entry/tamagotchi-paradaisu-kouryaku
1550,たまごっち初代 攻略,390,9,2,25,http://czech.hatenablog.com/entry/original-sinkazu
1551,すみ っ コぐらし おもちゃ 人気,390,8,2,20,http://czech.hatenablog.com/entry/sumikko-toy
1552,フルフルコラージュ 効果,480,13,2,34,http://czech.hatenablog.com/entry/collage-shampoo
1553,ショップコード,480,8,2,28,http://czech.hatenablog.com/entry/tamagotchi-paradaisu-no
1554,手作り 紐通しおもちゃ,320,8,2,20,http://czech.hatenablog.com/entry/himo-toshi
1555,大野城 いこいの森 水辺公園 駐 車場,320,20,2,16,http://czech.hatenablog.com/entry/oonojou-ikoino-morinaka
1556,たまごっちパラダイス そら キャラ,320,9,2,10,http://czech.hatenablog.com/entry/tamagotchi-paradaisu-nosora
1557,リカちゃん家族構成,880,9,2,26,http://czech.hatenablog.com/entry/rika-family
1558,プーメリー 新作,1300,21,2,22,http://czech.hatenablog.com/entry/poo-mery-sinsaku
1559,アップリカおむつゴミ箱,720,20,2,15,http://czech.hatenablog.com/entry/nioi-poi
1560,たまごっち discipline とは,720,16,2,22,http://czech.hatenablog.com/entry/original-sinkazu
1561,たまごっち ぐるぐる,480,13,2,31,http://czech.hatenablog.com/entry/tamagotchi-paradaisu-noo
1562,アンパンマン ひらいてぴょこん,480,13,2,22,http://czech.hatenablog.com/entry/anpanman-hiraitepyokon
1563,たまごっちパラダイス ショップコード 番号,480,9,2,17,http://czech.hatenablog.com/entry/tamagotchi-paradaisu-no
1564,歯 固め かわいい,390,9,2,14,http://czech.hatenablog.com/entry/hagatame-recommend
1565,ifam ベビーサークル,390,14,2,25,http://czech.hatenablog.com/entry/ifam-babycircle
1566,たまごっち森,2400,18,2,17,http://czech.hatenablog.com/entry/tamagotchi-paradaisu-mori
1567,はじめて ず かん 1000 販売休止 理由,1600,13,2,22,http://czech.hatenablog.com/entry/first-picture-book-soldout
1568,たまごっちの成長,1000,11,2,25,http://czech.hatenablog.com/entry/tamagochi-seityouzu
1569,ベビーカーにつけるおもちゃ,1300,22,2,14,http://czech.hatenablog.com/entry/babycar-toy-osyare
1570,アンパンマン レゴ,1300,22,2,23,http://czech.hatenablog.com/entry/anpanman-block-lego
1571,磁石のおもちゃ 手作り,1000,18,2,16,http://czech.hatenablog.com/entry/magnet-toy-handmade
1572,たまごっちパラダイス シーフード,390,10,2,27,http://czech.hatenablog.com/entry/irukatchino-sodate-hou
1573,みてね 危険 性,390,9,2,11,http://czech.hatenablog.com/entry/mitene-danger
1574,ベビーカー ヌナ,480,14,2,22,http://czech.hatenablog.com/entry/nuna
1575,オムツゴミ箱 いらない,480,19,2,16,http://czech.hatenablog.com/entry/diaper-trashbox
1576,iimo 三輪車,480,15,2,20,http://czech.hatenablog.com/entry/iimo-tricycle-02
1577,たまごっちパラダイス 進化図 最新森,320,8,2,11,http://czech.hatenablog.com/entry/tamagotchi-paradaisu-kouryaku
1578,エビ何歳から,2400,17,2,25,http://czech.hatenablog.com/entry/ebi-ha-nansai
1579,マックポテト いつから,1900,13,2,21,http://czech.hatenablog.com/entry/makku-ha-nansai
1580,ニトリベビーチェア,880,26,2,19,http://czech.hatenablog.com/entry/nitori-highchair
1581,アンパンマンおもちゃ 買って よかった,1000,19,2,29,http://czech.hatenablog.com/entry/anpanman-toy
1582,たまごっち 人気,1600,14,2,26,http://czech.hatenablog.com/entry/tamagotchihadorega-ninki-ima
1583,離乳食冷凍 いつまで,480,15,2,16,http://czech.hatenablog.com/entry/rinyusyoku-yasui
1584,パウパトロール キャラクター名前,590,9,2,26,http://czech.hatenablog.com/entry/paupatorooru-no-kyarakutaa
1585,産休挨拶メッセージ 例文,480,17,2,11,http://czech.hatenablog.com/entry/sankyu-aisatsu-henshin
1586,ベビーゲートいつまで,480,8,2,10,http://czech.hatenablog.com/entry/babygate-3years
1587,たまごっち本体 一覧,480,14,2,32,http://czech.hatenablog.com/entry/tamagotchihadorega-ninki-ima
1588,ミキハウス 食器,390,21,2,15,http://czech.hatenablog.com/entry/mikihouse-tablewear
1589,マクドナルド　何歳から,390,9,2,23,http://czech.hatenablog.com/entry/makku-ha-nansai
1590,プレイウェア おすすめ,390,17,2,16,http://czech.hatenablog.com/entry/playwear-osyare-recommend
1591,安産祈願 腹帯 持参 包装,320,8,2,13,http://czech.hatenablog.com/entry/ansankigan-huroshiki
1592,グロッバー4in1,320,10,2,21,http://czech.hatenablog.com/entry/globber-4
1593,アンパンマンミュージアム 全国,2400,21,2,56,http://czech.hatenablog.com/entry/anpan-doko
1594,テレタビーズキャラクター,1600,10,2,30,http://czech.hatenablog.com/entry/teretabiizu-no-kyarakutaa
1595,パウパトキャラクター名前,480,9,2,24,http://czech.hatenablog.com/entry/paupatorooru-no-kyarakutaa
1596,歯固め可愛い,390,10,2,18,http://czech.hatenablog.com/entry/hagatame-recommend
1597,くりてん てんし っ ち 違い,320,9,2,19,http://czech.hatenablog.com/entry/tenshitti
1598,1歳 マック ハンバーガー 頼み 方,320,8,2,26,http://czech.hatenablog.com/entry/makku-ha-nansai
1599,西松屋 プレイマット,2900,17,2,17,http://czech.hatenablog.com/entry/nishimatsuya-jointmat
1600,離乳食 バウンサー,880,20,2,15,http://czech.hatenablog.com/entry/bownser-rinyuusyoku
1601,ます くっ ち 進化,880,18,2,24,http://czech.hatenablog.com/entry/shodai-shinka-joken
1602,妊婦 たらこパスタ,590,18,2,19,http://czech.hatenablog.com/entry/saizeriya-tarako-sicily-ninshin
1603,高級 オムツ,590,17,2,21,http://czech.hatenablog.com/entry/kokyu-omutsu
1604,たまごっちパラダイス ショップコード おやつ,480,9,2,11,http://czech.hatenablog.com/entry/tamagotchi-paradaisu-no
1605,てんしっち お祈り,480,17,2,26,http://czech.hatenablog.com/entry/tenshitti
1606,乗り物おもちゃ 1歳,390,9,2,14,http://czech.hatenablog.com/entry/ride-toy-3years
1607,たまごっち シャカシャカ チャームコレクション2 設置場所,320,10,2,18,http://czech.hatenablog.com/entry/tamagotchi-gachagacha-setchibasho
1608,たまごっちキャラクター 進化,320,9,2,24,http://czech.hatenablog.com/entry/original-sinkazu
1609,ベビーカー値段,1000,9,2,30,http://czech.hatenablog.com/entry/babycar-price
1610,タコ何歳から,1000,9,2,11,http://czech.hatenablog.com/entry/tako-ha-nansai
1611,たまごっち 初代 キャラクター一覧,1300,13,2,25,http://czech.hatenablog.com/entry/shodai-shinka-ichiran
1612,スマートキッズベルト付け方,480,11,2,19,http://czech.hatenablog.com/entry/smartkidsbelt-danger
1613,ニチガン 積み木,480,16,2,21,http://czech.hatenablog.com/entry/nichigan-block
1614,レミン & ソラン,480,17,2,25,http://czech.hatenablog.com/entry/remin-soran
1615,すみっこぐらしおもちゃ人気,390,10,2,24,http://czech.hatenablog.com/entry/sumikko-toy
1616,たまごっちパラダイスそら キャラ,320,9,2,10,http://czech.hatenablog.com/entry/tamagotchi-paradaisu-nosora
1617,たまごっち 取扱 店 在庫 あり,320,9,2,20,http://czech.hatenablog.com/entry/tamagotchi-paradaisu-ha-2
1618,たまごっちたらこっち,1900,18,2,26,http://czech.hatenablog.com/entry/original-sinkazu
1619,スワドル着せ方,1600,10,2,10,http://czech.hatenablog.com/entry/how-to-wear-swaddleup
1620,オーボール　いつから,880,19,2,26,http://czech.hatenablog.com/entry/o-ball-how-old
1621,アンパンマン の レゴ,1300,24,2,23,http://czech.hatenablog.com/entry/anpanman-block-lego
1622,たまごっちパラダイス わくせい デコ,590,7,2,17,http://czech.hatenablog.com/entry/tamagotchi-paradaisu-no-2
1623,名古屋 アンパンマン ミュージアム 誕生 日 特典,320,16,2,23,http://czech.hatenablog.com/entry/nagoya-anpanman-birthday
1624,東京子育てパスポート ミスド,320,8,2,17,http://czech.hatenablog.com/entry/kosodate-passport-misudo
1625,ベビーベッド マットレスだけ,320,8,2,13,http://czech.hatenablog.com/entry/matress-only
1626,パウ パトロール ケント,1900,13,2,22,http://czech.hatenablog.com/entry/paupatorooru-no-kento
1627,たまごっちパラダイス空,1900,10,2,15,http://czech.hatenablog.com/entry/tamagotchi-paradaisu-nosora
1628,ポロロ キャラクター,1600,16,2,26,http://czech.hatenablog.com/entry/pororo-no-kyarakutaa
1629,たまごっち初代 キャラ 一覧,1300,27,2,25,http://czech.hatenablog.com/entry/tamagotchi-namae-ichiran
1630,たまごっちパラダイスみず,1300,16,2,19,http://czech.hatenablog.com/entry/tamagotchi-paradaisu-kouryaku
1631,たまごっち何歳まで生きる,1300,23,2,28,http://czech.hatenablog.com/entry/tamagochi-life
1632,たまごっち ユニ またねコード,590,13,2,25,http://czech.hatenablog.com/entry/tamagotchi-yuni-no
1633,室内ジャングルジム おすすめ,390,14,2,21,http://czech.hatenablog.com/entry/jungle-gym
1634,ラフフとラブブの違い,720,8,2,15,http://czech.hatenablog.com/entry/rafufu-to-rabubu
1635,育休延長希望 チェック欄 バレる,590,5,2,21,http://czech.hatenablog.com/entry/ikukyuuentyou-bareru
1636,オムツ替えシート西松屋,720,9,2,15,http://czech.hatenablog.com/entry/nishimatsuya-omutukaesheet
1637,たまごっち コネクションキャラクター一覧,480,9,2,25,http://czech.hatenablog.com/entry/tamagotchi-konekushon-no
1638,サイベックス畳み方,390,10,2,26,http://czech.hatenablog.com/entry/merio-carbon-tatamikata
1639,カニカマ いつから,390,8,2,14,http://czech.hatenablog.com/entry/kanikama-ha-nansai
1640,東京 子育てパスポート ミスド,320,9,2,17,http://czech.hatenablog.com/entry/kosodate-passport-misudo
1641,たまごっち プチプチお店 っ ち switch 攻略,390,18,2,23,http://czech.hatenablog.com/entry/tamagotchino-puchipuchi-omisetchio
1642,たらこパスタ 妊娠中,390,17,2,19,http://czech.hatenablog.com/entry/saizeriya-tarako-sicily-ninshin
1643,すごいおもちゃ,390,9,2,15,http://czech.hatenablog.com/entry/toy-high-tech
1644,たまごっち カチカチ ヤング,320,9,2,15,http://czech.hatenablog.com/entry/tamagotchi-paradaisu-kouryaku
1645,ベビーカー b型 おすすめ,3600,18,2,17,http://czech.hatenablog.com/entry/bgata-babycar-recommend
1646,プリキュア 歴代 おもちゃ,1600,13,2,23,http://czech.hatenablog.com/entry/purikyua-henshin-aitemu
1647,ダンボールハウスの 作り方,1600,25,2,15,http://czech.hatenablog.com/entry/danball-house
1648,イフミー足に悪い,1300,17,2,10,http://czech.hatenablog.com/entry/ifme-shoes
1649,3歳誕生日プレゼント おもちゃ以外,390,18,2,17,http://czech.hatenablog.com/entry/3years-present-not-toy
1650,キッチン ベビーゲートつけられない,480,17,2,18,http://czech.hatenablog.com/entry/kitchen-babyguard-tukanai
1651,離乳食 椅子 おすすめ 5ヶ月,260,11,2,18,http://czech.hatenablog.com/entry/rinyuushoku-isu-ha
1652,たまごっち ウーパールーパー,720,21,2,24,http://czech.hatenablog.com/entry/kuchipatchino-sodate-hou
1653,西松屋 ローチェア,480,25,2,14,http://czech.hatenablog.com/entry/nishimatsuya-high-low-chair
1654,アルファード 3列目,480,15,2,19,http://czech.hatenablog.com/entry/alfard-childseat
1655,たまごっち お店屋さん,480,12,2,39,http://czech.hatenablog.com/entry/tamagotchino-puchipuchi-omisetchio
1656,たまごっち 新作 予約,480,18,2,25,http://czech.hatenablog.com/entry/tamagotchi-paradaisu-yoyaku
1657,スイちゃん かわいい,320,9,2,23,http://czech.hatenablog.com/entry/suityan-godaime-hyouban
1658,母子手帳の書き方,1900,10,2,20,http://czech.hatenablog.com/entry/boshitetyou-dochi
1659,たまごっちパラダイス 森 キャラ,1900,15,2,15,http://czech.hatenablog.com/entry/tamagotchi-paradaisu-mori
1660,たまごっち ショップコード 一覧,1900,15,2,19,http://czech.hatenablog.com/entry/tamagotchi-paradaisu-no
1661,たまごっち 種類 キャラ,1900,19,2,29,http://czech.hatenablog.com/entry/tamagotchi-namae-ichiran
1662,すみっコ パッド,1900,25,2,21,http://czech.hatenablog.com/entry/sumikko-pad
1663,たまごっち キャラクター 種類,1900,19,2,27,http://czech.hatenablog.com/entry/tamagotchi-namae-ichiran
1664,ジョブレイバーキャラクター,1000,9,2,21,http://czech.hatenablog.com/entry/jobureibaa-no-kyarakutaa
1665,たまごっちidl 進化表,1000,26,2,22,http://czech.hatenablog.com/entry/original-sinkazu
1666,レミンソラン,1000,14,2,26,http://czech.hatenablog.com/entry/remin-soran
1667,たまごっち ユニ たまバースチケット,390,8,2,22,http://czech.hatenablog.com/entry/tamabirth-ticket
1668,ベビーゲート斜め,320,11,2,25,http://czech.hatenablog.com/entry/babygate-naname
1669,2代目スイちゃん,320,8,2,27,http://czech.hatenablog.com/entry/rekidai-suityan
1670,2歳 乗り物おもちゃ,320,10,2,14,http://czech.hatenablog.com/entry/2year-vehicle-toy
1671,ダンボールハウス手作り簡単,1000,21,2,17,http://czech.hatenablog.com/entry/danball-house
1672,離乳食セット ミキハウス,880,18,2,17,http://czech.hatenablog.com/entry/mikihouse-tablewear
1673,メルちゃん髪の毛サラサラにする方法,720,8,2,17,http://czech.hatenablog.com/entry/melchan-sarasara
1674,エスメラルダ枕 口コミ,480,17,2,15,http://czech.hatenablog.com/entry/esmerauda
1675,サイベックス ベビーカーたたみ方,480,13,2,14,http://czech.hatenablog.com/entry/merio-carbon-tatamikata
1676,から ぱっち,480,15,2,15,http://czech.hatenablog.com/entry/kuchipatchino-sodate-hou
1677,サイベックスたたみ方,390,9,2,6,http://czech.hatenablog.com/entry/merio-carbon-tatamikata
1678,くら寿司 ベビーカー,320,8,2,11,http://czech.hatenablog.com/entry/sushiro
1679,大野城いこいの森中央公園,14800,25,2,17,http://czech.hatenablog.com/entry/oonojou-ikoino-morinaka
1680,マック ポテト いつから,1900,14,2,22,http://czech.hatenablog.com/entry/makku-ha-nansai
1681,パウパトロール ケント,1900,14,2,20,http://czech.hatenablog.com/entry/paupatorooru-no-kento
1682,たまごっちパラダイス 予約 イオン,1600,13,2,26,http://czech.hatenablog.com/entry/tamagotchi-paradaisu-yoyaku
1683,たまごっちパラダイス 取扱 店,1300,13,2,22,http://czech.hatenablog.com/entry/tamagotchi-paradaisu-yoyaku
1684,中学生 意見文 書き方,480,17,2,14,http://czech.hatenablog.com/entry/tyugakusei-ikenbun
1685,ストライダー 収納,480,8,2,18,http://czech.hatenablog.com/entry/strider-syunou
1686,たまごっち ヤング,390,21,2,15,http://czech.hatenablog.com/entry/nyokinyoki-yangu-ha
1687,ウノ 何枚,1300,11,2,20,http://czech.hatenablog.com/entry/uno-syurui
1688,たまごっち たこっち,480,15,2,42,http://czech.hatenablog.com/entry/original-sinkazu
1689,0歳から保育園 愛情不足,390,17,2,23,http://czech.hatenablog.com/entry/hoikuen-0year
1690,東京 子育て パスポート ミスド,320,8,2,17,http://czech.hatenablog.com/entry/kosodate-passport-misudo
1691,アンパンマン ミュージアム 名古屋 誕生 日 特典,320,9,2,19,http://czech.hatenablog.com/entry/nagoya-anpanman-birthday
1692,nゲージ やってはいけない こと,320,9,2,11,http://czech.hatenablog.com/entry/n-geeji-deyattehaikenaikotowo
1693,名言クレヨンしんちゃん,5400,30,2,11,http://czech.hatenablog.com/entry/kureyon-shinchanno-meigenshuu
1694,天使のたまごっち,3600,17,2,26,http://czech.hatenablog.com/entry/tenshitti
1695,アルバス ヤバい,1600,14,2,11,http://czech.hatenablog.com/entry/albas
1696,ハンドル アンパンマン,1000,23,2,22,http://czech.hatenablog.com/entry/anpanman-melody-handle
1697,ウノ何枚,1300,20,2,15,http://czech.hatenablog.com/entry/uno-syurui
1698,uno何枚,1300,24,2,19,http://czech.hatenablog.com/entry/uno-syurui
1699,離乳食冷凍 期間,480,20,2,18,http://czech.hatenablog.com/entry/rinyusyoku-yasui
1700,たまごっちオリジナル キャラクター,320,9,2,41,http://czech.hatenablog.com/entry/shodai-shinka-ichiran
1701,たまごっち 歴代デザイン,2400,22,2,23,http://czech.hatenablog.com/entry/shodai-shinka-ichiran
1702,パウパトロールキャラクターイラスト,1600,18,2,26,http://czech.hatenablog.com/entry/paupatorooru-no-kyarakutaa
1703,ダイソートレーニングコップ,880,27,2,24,http://czech.hatenablog.com/entry/training-cup-daiso
1704,たこ焼き何歳から,720,10,2,16,http://czech.hatenablog.com/entry/tako-ha-nansai
1705,スイちゃん3代目,590,9,2,22,http://czech.hatenablog.com/entry/rekidai-suityan
1706,レゴ アンパンマン,480,14,2,22,http://czech.hatenablog.com/entry/anpanman-block-lego
1707,ピジョン 哺乳瓶 飲 ませ 方 空気穴,480,18,2,25,http://czech.hatenablog.com/entry/honyubin-kukiana
1708,サイベックスベビーカー たたみ方,480,14,2,14,http://czech.hatenablog.com/entry/merio-carbon-tatamikata
1709,プーさんメリー新作 違い,390,8,2,5,http://czech.hatenablog.com/entry/poo-mery-sinsaku
1710,パウパトロール 主人公,390,16,2,22,http://czech.hatenablog.com/entry/paupatorooru-no-kyarakutaa
1711,たまごっちコネクション しつけ,390,16,2,25,http://czech.hatenablog.com/entry/tamagotchi-konekushon-shinka
1712,ニトリ 豆椅子,320,9,2,18,http://czech.hatenablog.com/entry/mameiisu-table-nitori
1713,スイちゃん 卒業 5代目,1900,15,2,25,http://czech.hatenablog.com/entry/rekidai-suityan
1714,ココス 離乳食,1600,12,2,21,http://czech.hatenablog.com/entry/cocos-rinyusyoku
1715,初代たまごっち キャラクター一覧,1300,12,2,32,http://czech.hatenablog.com/entry/shodai-shinka-ichiran
1716,産休に入る メッセージ 例文,880,19,2,13,http://czech.hatenablog.com/entry/sankyu-aisatsu-henshin
1717,横浜駅からアンパンマンミュージアム,1000,18,2,13,http://czech.hatenablog.com/entry/anpanman-ikikata
1718,マック　何歳から,880,9,2,22,http://czech.hatenablog.com/entry/makku-ha-nansai
1719,メルシーポット　鼓膜破れる,1300,25,2,18,http://czech.hatenablog.com/entry/mercy-komaku
1720,おもちゃ屋 バンバン,590,14,2,35,http://czech.hatenablog.com/entry/omocha-ya-banban
1721,ぽ つね んっ ち 進化,480,20,2,19,http://czech.hatenablog.com/entry/tamagochi-seityouzu
1722,マックプチパンケーキ何歳から,480,11,2,22,http://czech.hatenablog.com/entry/makku-ha-nansai
1723,ジュニア シート 2 歳 違反,1600,24,2,18,http://czech.hatenablog.com/entry/boosterseat-3year
1724,アンパンマンレゴ,1300,20,2,22,http://czech.hatenablog.com/entry/anpanman-block-lego
1725,おやすみたまご 事故,480,16,2,6,http://czech.hatenablog.com/entry/oyasumitamago
1726,アンパンマン ようちえん,1000,33,2,22,http://czech.hatenablog.com/entry/anpanman-bag
1727,マック何歳から,880,9,2,22,http://czech.hatenablog.com/entry/makku-ha-nansai
1728,西松屋歩行器,1300,20,2,15,http://czech.hatenablog.com/entry/nishimatsuya-hokouki
1729,まる っ ち 進化,720,11,2,21,http://czech.hatenablog.com/entry/tenshitti
1730,アンパンマンミュージアム名古屋駐車場,590,9,2,15,http://czech.hatenablog.com/entry/nagoya-anpanmanmyuujiamu-kouryaku
1731,テレタビーズ 緑,590,16,2,20,http://czech.hatenablog.com/entry/teretabiizu-no-kyarakutaa
1732,光が丘公園 遊具,590,16,2,15,http://czech.hatenablog.com/entry/hikari-ga-oka
1733,ベビーカー 角度 月齢,480,18,2,14,http://czech.hatenablog.com/entry/semotare
1734,湯冷まし 保存容器,320,9,2,19,http://czech.hatenablog.com/entry/yusamashi
1735,uno カード 種類,1600,19,2,16,http://czech.hatenablog.com/entry/uno-syurui
1736,ドラムセット おもちゃ,480,12,2,26,http://czech.hatenablog.com/entry/drum-toy
1737,名古屋アンパンマンミュージアム誕生日,1600,10,2,23,http://czech.hatenablog.com/entry/nagoya-anpanman-birthday
1738,たまごクラブ初期,1900,17,2,25,http://czech.hatenablog.com/entry/first-tamago-club
1739,uno種類,1900,17,2,23,http://czech.hatenablog.com/entry/uno-syurui
1740,母子手帳 名前 どっちが上,590,13,2,19,http://czech.hatenablog.com/entry/boshitetyou-dochi
1741,いもり っ ち,720,16,2,21,http://czech.hatenablog.com/entry/tamagotchi-paradaisu-mori
1742,スマートエンジェル ベビーカー,590,16,2,21,http://czech.hatenablog.com/entry/smart-angel-de-yone
1743,ゆらりんタワー,480,9,2,21,http://czech.hatenablog.com/entry/yurarin-tower
1744,たまごっち お 店屋 さん,480,11,2,38,http://czech.hatenablog.com/entry/tamagotchino-puchipuchi-omisetchio
1745,たまごっち一覧,12100,21,2,38,http://czech.hatenablog.com/entry/tamagotchi-namae-ichiran
1746,アンパンマンミュージアム 誕生日 名古屋,1600,19,2,23,http://czech.hatenablog.com/entry/nagoya-anpanman-birthday
1747,西松屋マタニティパンツ,1600,17,2,18,http://czech.hatenablog.com/entry/nishinatsuya-wear
1748,たまごっち パラダイス 森 進化 図,1000,11,2,5,http://czech.hatenablog.com/entry/tamagotchi-paradaisu-mori
1749,プレイウェア いらない,320,9,2,9,http://czech.hatenablog.com/entry/play-wear-no-need
1750,1歳おもちゃ 楽器,320,11,2,22,http://czech.hatenablog.com/entry/1year-music-toy
1751,ままぱっち,2400,19,2,20,http://czech.hatenablog.com/entry/kuchipatchino-sodate-hou
1752,たまごっち サイズ,480,17,2,38,http://czech.hatenablog.com/entry/tamagotchihadorega-ninki-ima
1753,スイちゃんかわいい,320,9,2,23,http://czech.hatenablog.com/entry/suityan-godaime-hyouban
1754,タブレットおもちゃ,1000,19,2,20,http://czech.hatenablog.com/entry/tablet-toy-recommend
1755,西松屋　手口ふき,880,10,2,23,http://czech.hatenablog.com/entry/2023/01/20/190800
1756,コンビベビーカー背もたれ角度,390,20,1,15,http://czech.hatenablog.com/entry/semotare
1757,おもちゃレジ 人気,320,11,1,23,http://czech.hatenablog.com/entry/register-toy-recommend
1758,レック 哺乳瓶消毒,320,10,1,14,http://czech.hatenablog.com/entry/3way-milk-disinfection
1759,くち たまっち 進化,320,15,1,27,http://czech.hatenablog.com/entry/original-sinkazu
1760,コラージュフルフル シャンプー 口コミ,1000,10,1,19,http://czech.hatenablog.com/entry/collage-shampoo
1761,アンパンマン 著作権 フリー,880,16,1,17,http://czech.hatenablog.com/entry/anpanman-no-chosakuken
1762,たまごっちふわっち,590,20,1,21,http://czech.hatenablog.com/entry/furawatchi-kanzen-gaido
1763,折り紙ドーナツ,480,18,1,16,http://czech.hatenablog.com/entry/ice-cream-dougnats-handmade
1764,マック プチパンケーキ 何歳から,480,15,1,24,http://czech.hatenablog.com/entry/makku-ha-nansai
1765,紐通しおもちゃ 手作り 100均,390,19,1,12,http://czech.hatenablog.com/entry/himo-toshi
1766,横浜 アンパンマン ミュージアム ホテル 子連れ おすすめ,390,18,1,16,http://czech.hatenablog.com/entry/anpanman-hotel
1767,パウパトロール猫,390,15,1,25,http://czech.hatenablog.com/entry/paupatorooru-no-neko
1768,チャイルドシート いつ買う,390,11,1,13,http://czech.hatenablog.com/entry/chiledseat-when
1769,サイベックス新生児インレイ,390,12,1,11,http://czech.hatenablog.com/entry/inrei
1770,サイベックス メリオ 新生児インレイいつまで,390,11,1,7,http://czech.hatenablog.com/entry/inrei
1771,ケンタッキー　何歳から,390,12,1,17,http://czech.hatenablog.com/entry/kentakkii-ha-nansai
1772,アンパンマン自販機おもちゃ,390,16,1,27,http://czech.hatenablog.com/entry/anpanman-jihanki
1773,粉ミルク 持ち運び アイデア,320,14,1,16,http://czech.hatenablog.com/entry/konamilk-motihakobi
1774,楽器おもちゃ　1歳,320,14,1,14,http://czech.hatenablog.com/entry/1year-music-toy
1775,たまごっちショップコード,5400,24,1,26,http://czech.hatenablog.com/entry/tamagotchi-paradaisu-no
1776,たまごっちパラダイス アイテム 一覧,320,15,1,17,http://czech.hatenablog.com/entry/tamagotchi-paradaisu-no
1777,ミラクルカップ,2900,24,1,21,http://czech.hatenablog.com/entry/munchkin-miracle-cup
1778,てんし,2900,26,1,28,http://czech.hatenablog.com/entry/tenshitti
1779,段ボール ハウス 作り方,1600,30,1,21,http://czech.hatenablog.com/entry/danball-house
1780,たまごっち遊び方,1900,26,1,19,http://czech.hatenablog.com/entry/tamagochi-seityouzu
1781,豆椅子 西松屋,880,16,1,20,http://czech.hatenablog.com/entry/smart-angel-mini-chair
1782,たまごっち カラフル マルチチャーム 設置場所,390,17,1,16,http://czech.hatenablog.com/entry/tamagotchi-gachagacha-setchibasho
1783,たまごっち 通信やり方,390,11,1,26,http://czech.hatenablog.com/entry/tamagotchi-tsuushin-gaido
1784,おくるみ 何枚,590,15,1,14,http://czech.hatenablog.com/entry/okurumi-nanmai
1785,紐通し 手作り ラミネート,390,13,1,19,http://czech.hatenablog.com/entry/himo-toshi
1786,産休挨拶 メッセージ 例文,480,20,1,11,http://czech.hatenablog.com/entry/sankyu-aisatsu-henshin
1787,ベビーカー a型 いらない,590,11,1,18,http://czech.hatenablog.com/entry/a-type-no-need
1788,ベビーゲート いつまで,480,8,1,11,http://czech.hatenablog.com/entry/babygate-3years
1789,マック プチパン ケーキ 何歳から,480,16,1,21,http://czech.hatenablog.com/entry/makku-ha-nansai
1790,サイベックスベビーカーたたみ方,480,14,1,14,http://czech.hatenablog.com/entry/merio-carbon-tatamikata
1791,腰座り前 離乳食,390,19,1,14,http://czech.hatenablog.com/entry/rinyushyoku-koshisuwarimae
1792,ベビーサークル　リビング　狭い,390,16,1,8,http://czech.hatenablog.com/entry/baby-circle-semai
1793,たまごっちパラダイス 予約 できない,390,10,1,24,http://czech.hatenablog.com/entry/tamagotchi-paradaisu-yoyaku
1794,たまごっちパラダイス何匹まで,390,14,1,29,http://czech.hatenablog.com/entry/tamagotchi-paradaisu-kouryaku
1795,通知表 保護者コメント 6年生,320,13,1,9,http://czech.hatenablog.com/entry/6-nensei-no
1796,パウパトロール 乗り物 一覧,320,10,1,25,http://czech.hatenablog.com/entry/paupatorooru-no-norimono
1797,オムツ サイズ比較 太もも 太い,320,20,1,16,http://czech.hatenablog.com/entry/taikei-to-omutsusaizu
1798,たまごっちパラダイス 再販 予約,320,10,1,23,http://czech.hatenablog.com/entry/tamagotchi-paradaisu-yoyaku
1799,たまごっち disciplineメーター,320,20,1,20,http://czech.hatenablog.com/entry/original-sinkazu
1800,ジョブレイバーイラスト,1900,32,1,24,http://czech.hatenablog.com/entry/jobureibaa-no-kyarakutaa
1801,おまる西松屋,1000,16,1,23,http://czech.hatenablog.com/entry/nishimatsuya-omaru
1802,うるおっち,1000,10,1,20,http://czech.hatenablog.com/entry/irukatchino-sodate-hou
1803,たまごっちパラダイス おやじっち,1000,17,1,25,http://czech.hatenablog.com/entry/tamagotchi-paradaisu-kouryaku
1804,たまごっちパラダイス みず,1300,15,1,19,http://czech.hatenablog.com/entry/tamagotchi-paradaisu-kouryaku
1805,産休 メール挨拶,880,15,1,15,http://czech.hatenablog.com/entry/sankyu-aisatsu-henshin
1806,英語ことば図鑑5000,480,18,1,21,http://czech.hatenablog.com/entry/english-kotobazukan
1807,知育　タブレット,480,12,1,17,http://czech.hatenablog.com/entry/tablet-toy-recommend
1808,歯固め 可愛い,390,10,1,18,http://czech.hatenablog.com/entry/hagatame-recommend
1809,ぬりえ アニメ 無料,480,26,1,33,http://czech.hatenablog.com/entry/nurie
1810,たまごっちパラダイスみずキッズ,320,19,1,12,http://czech.hatenablog.com/entry/irukatchino-sodate-hou
1811,たまごっちガチャガチャ 在庫,320,10,1,17,http://czech.hatenablog.com/entry/tamagotchi-gachagacha-setchibasho
1812,バースデイ ジュニアシート,1300,23,1,18,http://czech.hatenablog.com/entry/birthday-childseat
1813,ダンボール ハウス 作り方,1600,23,1,16,http://czech.hatenablog.com/entry/danball-house
1814,横浜駅から アンパンマンミュージアム,1000,16,1,15,http://czech.hatenablog.com/entry/anpanman-ikikata
1815,ウノワイルドカード,880,15,1,22,http://czech.hatenablog.com/entry/uno-syurui
1816,べべフィン どこ の国,590,16,1,16,http://czech.hatenablog.com/entry/bebe-fin-toha
1817,ベビーベッド サークル 代わり,480,25,1,12,http://czech.hatenablog.com/entry/babybed-instead
1818,マクドナルド 何歳から,390,10,1,23,http://czech.hatenablog.com/entry/makku-ha-nansai
1819,てんしっち死んだら,390,16,1,27,http://czech.hatenablog.com/entry/tamagotchi-shindara
1820,西松屋沐浴,320,14,1,24,http://czech.hatenablog.com/entry/nishimatsuya-babybath
1821,ミラクルカップ使い方,320,15,1,16,http://czech.hatenablog.com/entry/manchikin-how-to
1822,パープレクサス ポータル,320,19,1,23,http://czech.hatenablog.com/entry/perplexus
1823,たまごっちパラダイス 通信 店舗,320,18,1,38,http://czech.hatenablog.com/entry/tamagotchi-paradaisu-yoyaku
1824,おくるみ何枚必要,390,16,1,15,http://czech.hatenablog.com/entry/okurumi-nanmai
1825,くちぱっちとは,320,20,1,22,http://czech.hatenablog.com/entry/kuchipatchino-sodate-hou
1826,アンパンマンブロック互換性,320,20,1,9,http://czech.hatenablog.com/entry/anpanman-block-lego
1827,ジョブ レイバー イラスト,1900,33,1,25,http://czech.hatenablog.com/entry/jobureibaa-no-kyarakutaa
1828,サイベックスリベル後悔,1600,23,1,8,http://czech.hatenablog.com/entry/libel-reclining
1829,磁石 手作りおもちゃ,1000,16,1,17,http://czech.hatenablog.com/entry/magnet-toy-handmade
1830,知育タブレット,480,14,1,18,http://czech.hatenablog.com/entry/tablet-toy-recommend
1831,プチプチお店 っ ち たこ焼き ない,480,16,1,34,http://czech.hatenablog.com/entry/tamagotchino-puchipuchi-omisetchio
1832,サイベックス メリオ シート付け方,320,14,1,23,http://czech.hatenablog.com/entry/inrei
1833,サイベックス メリオ シート 付け方,320,15,1,14,http://czech.hatenablog.com/entry/inrei
1834,サイベックスメリオシート付け方,320,14,1,23,http://czech.hatenablog.com/entry/inrei
1835,たまごっち 何 種類,320,18,1,31,http://czech.hatenablog.com/entry/tamagotchihadorega-ninki-ima
1836,ベビービョルン ワンカイ,320,15,1,16,http://czech.hatenablog.com/entry/babybjorn-onekai
1837,離乳食 椅子おすすめ 5ヶ月,260,15,1,18,http://czech.hatenablog.com/entry/rinyuushoku-isu-ha
1838,アンパンマンミュージアム 横浜アクセス,880,17,1,38,http://czech.hatenablog.com/entry/anpanman-ikikata
1839,写真カプセル代わり,590,24,1,16,http://czech.hatenablog.com/entry/mitene-igai
1840,アンパンマンミュージアム 名古屋 駐車場,590,9,1,16,http://czech.hatenablog.com/entry/nagoya-anpanmanmyuujiamu-kouryaku
1841,たまごっち 通信 できる 機種,590,5,1,23,http://czech.hatenablog.com/entry/tamagotchi-tsuushin-gaido
1842,unoカード枚数,480,20,1,24,http://czech.hatenablog.com/entry/uno-syurui
1843,たまごっち 大きさ,480,21,1,28,http://czech.hatenablog.com/entry/tamagotchihadorega-ninki-ima
1844,ベッド イン ベッド デメリット,390,17,1,13,http://czech.hatenablog.com/entry/babybed-bedinbed
1845,ダンボール の おうち,390,14,1,21,http://czech.hatenablog.com/entry/danball-house
1846,ストライダー収納,390,19,1,21,http://czech.hatenablog.com/entry/strider-syunou
1847,アンパンマン パン工場dx 違い,390,17,1,9,http://czech.hatenablog.com/entry/anpanman-pan-factory-difference
1848,アンパンマン 一歳 おもちゃ,390,16,1,28,http://czech.hatenablog.com/entry/anpanman-toy-0-1-years
1849,掛け算 いつ習う,320,17,1,16,http://czech.hatenablog.com/entry/hissan-ha-nannen
1850,たまごっちパラダイス 在庫復活,390,20,1,25,http://czech.hatenablog.com/entry/tamagotchi-paradaisu-ha-2
1851,ストライダーいつまで,320,18,1,14,http://czech.hatenablog.com/entry/strider-age
1852,すみっこぐらし日本旅行ゲーム,320,28,1,19,http://czech.hatenablog.com/entry/sumikko-japan-travel
1853,btm三輪車 説明書,1000,24,1,18,http://czech.hatenablog.com/entry/btm-tricycle
1854,たまごっちパラダイス 取り扱い 店,1300,14,1,23,http://czech.hatenablog.com/entry/tamagotchi-paradaisu-yoyaku
1855,たまごっち 初代キャラクター一覧,1300,13,1,23,http://czech.hatenablog.com/entry/shodai-shinka-ichiran
1856,サボテンバランス,590,26,1,11,http://czech.hatenablog.com/entry/saboten-balance
1857,ベビーザラス特典,480,15,1,23,http://czech.hatenablog.com/entry/babysrus-present
1858,室内ジャングルジムおすすめ,390,14,1,21,http://czech.hatenablog.com/entry/jungle-gym
1859,たまごっちパラダイス 通信 やり方,480,20,1,15,http://czech.hatenablog.com/entry/tamagotchi-tsuushin-gaido
1860,おもちゃレジ人気,320,15,1,22,http://czech.hatenablog.com/entry/register-toy-recommend
1861,ピタゴラス収納,320,15,1,21,http://czech.hatenablog.com/entry/pitagoras-coaster
1862,２人目 ベビーベッド,260,18,1,15,http://czech.hatenablog.com/entry/babybed-no-second
1863,1歳 エビ,320,13,1,17,http://czech.hatenablog.com/entry/ebi-ha-nansai
1864,プーさんメリー 旧型,320,12,1,20,http://czech.hatenablog.com/entry/poo-mery-sinsaku
1865,たまごっちパラダイス 成長 速度,320,10,1,23,http://czech.hatenablog.com/entry/tamagotchi-paradaisu-kouryaku
1866,たまごっちパラダイス 死因 一覧,320,15,1,24,http://czech.hatenablog.com/entry/sibou
1867,たまごっち 歴代 キャラクター,1000,21,1,40,http://czech.hatenablog.com/entry/shodai-shinka-ichiran
1868,たまごっち わがまま サイン,880,9,1,25,http://czech.hatenablog.com/entry/tamagotchi-shitsuke
1869,アンパンマン ミュージアム 横浜駅,1000,14,1,16,http://czech.hatenablog.com/entry/anpanman-ikikata
1870,初めてのたまごクラブ,880,13,1,34,http://czech.hatenablog.com/entry/first-tamago-club
1871,新幹線 ベビーカー どこに 置く,590,19,1,19,http://czech.hatenablog.com/entry/babycar-train
1872,で か べ びまる っ ち 育て方,720,17,1,26,http://czech.hatenablog.com/entry/tamagotchi-paradaisu-kouryaku
1873,ストライダー何歳まで,720,13,1,14,http://czech.hatenablog.com/entry/strider-age
1874,メリオ カーボン 新生児 インレイ,480,13,1,12,http://czech.hatenablog.com/entry/inrei
1875,バンボ　デメリット,480,15,1,9,http://czech.hatenablog.com/entry/bambo-iranai
1876,バランス イージー デメリット,480,15,1,10,http://czech.hatenablog.com/entry/balance-easy
1877,産休 挨拶 一言 メッセージ,390,16,1,11,http://czech.hatenablog.com/entry/sankyu-aisatsu-henshin
1878,ベビーサークルリビング狭い,390,18,1,8,http://czech.hatenablog.com/entry/baby-circle-semai
1879,サイベックス 新生児 インレイ,390,13,1,11,http://czech.hatenablog.com/entry/inrei
1880,いろがわりごま,390,13,1,31,http://czech.hatenablog.com/entry/iro-kawari-surukomawo
1881,アンパンマン ねじ ねじ シリーズ,320,27,1,19,http://czech.hatenablog.com/entry/anpanman-nejineji
1882,バウンサー西松屋,1900,29,1,15,http://czech.hatenablog.com/entry/nishimatsuya-bouncer
1883,たまごっちパラダイス 定価で買う方法,1600,12,1,23,http://czech.hatenablog.com/entry/tamagotchi-paradaisu-yoyaku
1884,サイベックス　リベル　後悔,1600,22,1,12,http://czech.hatenablog.com/entry/libel-reclining
1885,たまごっち 育て られる キャラ,1300,17,1,25,http://czech.hatenablog.com/entry/tamagochi-seityouzu
1886,おかあさん といっしょスペシャルステージ 倍率,390,25,1,5,http://czech.hatenablog.com/entry/family-bairitsu
1887,イオン たまごっちパラダイス 店頭販売,320,11,1,22,http://czech.hatenablog.com/entry/tamagotchi-paradaisu-yoyaku
1888,たまごっちパラダイス 成長速度,320,10,1,23,http://czech.hatenablog.com/entry/tamagotchi-paradaisu-kouryaku
1889,たまごっち 死ぬときの 音,320,16,1,30,http://czech.hatenablog.com/entry/sibou
1890,野原ひろし名言,2900,22,1,21,http://czech.hatenablog.com/entry/kureyon-shinchanno-meigenshuu
1891,メルちゃん 髪の毛 ボサボサ,880,16,1,20,http://czech.hatenablog.com/entry/melchan-bosabosa
1892,まるっち進化,720,12,1,15,http://czech.hatenablog.com/entry/tenshitti
1893,ジョブレイバー 敵,590,10,1,22,http://czech.hatenablog.com/entry/jobureibaa-no-kyarakutaa
1894,プリマポポ ハンディブレンダー 口コミ,590,19,1,25,http://czech.hatenablog.com/entry/purima-brender
1895,レゴアンパンマン,480,14,1,23,http://czech.hatenablog.com/entry/anpanman-block-lego
1896,産休挨拶 一言 メッセージ,390,16,1,11,http://czech.hatenablog.com/entry/sankyu-aisatsu-henshin
1897,サイベックスメリオ 新生児インレイ いつまで,390,12,1,7,http://czech.hatenablog.com/entry/inrei
1898,ケンタッキー何歳から,390,12,1,17,http://czech.hatenablog.com/entry/kentakkii-ha-nansai
1899,名古屋アンパンマンミュージアム 誕生日 特典,320,15,1,23,http://czech.hatenablog.com/entry/nagoya-anpanman-birthday
1900,たまごっち通信やり方,390,11,1,18,http://czech.hatenablog.com/entry/tamagotchi-tsuushin-gaido
1901,トイトレ　補助便座　おすすめ,320,29,1,16,http://czech.hatenablog.com/entry/toilet-hojyo
1902,たまごっち無料アプリ,320,12,1,26,http://czech.hatenablog.com/entry/tamagotchi-apuri-kouryaku
1903,海老何歳から,2400,25,1,29,http://czech.hatenablog.com/entry/ebi-ha-nansai
1904,たまごっち 森,2400,18,1,17,http://czech.hatenablog.com/entry/tamagotchi-paradaisu-mori
1905,産休 挨拶 メール,880,10,1,16,http://czech.hatenablog.com/entry/sankyu-aisatsu-henshin
1906,妊娠中 外食 おすすめ,480,12,1,14,http://czech.hatenablog.com/entry/ninpu-gaisyoku
1907,歯固めチョコレート,320,19,1,19,http://czech.hatenablog.com/entry/marl-marl-hagatame
1908,おこめのクレヨン,320,14,1,17,http://czech.hatenablog.com/entry/rice-crayon
1909,横浜 ホテル アンパンマンミュージアム,1600,28,1,18,http://czech.hatenablog.com/entry/anpanman-hotel
1910,たまごっち 在庫あり 店舗,880,6,1,21,http://czech.hatenablog.com/entry/tamagotchi-paradaisu-ha-2
1911,5歳 ベビーカー代わり ディズニー,590,17,1,18,http://czech.hatenablog.com/entry/5years-babycar-instead
1912,オムツゴミ箱 どうしてる,480,19,1,14,http://czech.hatenablog.com/entry/diaper-trashbox
1913,アンパンマン　ハンドルおもちゃ,480,28,1,22,http://czech.hatenablog.com/entry/anpanman-melody-handle
1914,感触 遊び スポンジ,390,14,1,13,http://czech.hatenablog.com/entry/suponji-de-tanoshi
1915,意見文の 書き方 中学生,390,19,1,15,http://czech.hatenablog.com/entry/tyugakusei-ikenbun
1916,サイベックス メリオ たたみ方,390,11,1,14,http://czech.hatenablog.com/entry/merio-carbon-tatamikata
1917,アンパンマン パン工場 dx 違い,390,18,1,9,http://czech.hatenablog.com/entry/anpanman-pan-factory-difference
1918,掛け算いつ習う,320,17,1,16,http://czech.hatenablog.com/entry/hissan-ha-nannen
1919,たまごっち スマホ 進化,390,4,1,8,http://czech.hatenablog.com/entry/mai-tamagotchi-shinka-2
1920,西松屋 プレイマット 大判,320,13,1,19,http://czech.hatenablog.com/entry/nishimatsuya-jointmat
1921,ベビーラック西松屋,320,15,1,16,http://czech.hatenablog.com/entry/nishimatsuya-high-low-chair
1922,たまごっちたらてん,320,17,1,24,http://czech.hatenablog.com/entry/tenshitti
1923,たまごっちパラダイス アイテム一覧,320,11,1,11,http://czech.hatenablog.com/entry/tamagotchi-paradaisu-no
1924,たまごっち 登場人物,320,16,1,39,http://czech.hatenablog.com/entry/tamagotchi-namae-ichiran
1925,すみっこぐらし おもちゃ人気,320,12,1,20,http://czech.hatenablog.com/entry/sumikko-toy
1926,たまごっちパラダイス 新しい卵をもらう,320,18,1,25,http://czech.hatenablog.com/entry/tamagotchi-paradaisu-no-3
1927,ダンボールハウスの作り方,1600,24,1,15,http://czech.hatenablog.com/entry/danball-house
1928,グーン ポイント 交換,390,20,1,16,http://czech.hatenablog.com/entry/goon-point
1929,上司 出産報告 メール,480,12,1,13,http://czech.hatenablog.com/entry/shussan-houkoku-wo
1930,マンチキンミラクルカップ,480,20,1,20,http://czech.hatenablog.com/entry/munchkin-miracle-cup
1931,授乳ライト いらない,320,13,1,9,http://czech.hatenablog.com/entry/jyunyu-light
1932,katojiハイローチェア,320,16,1,14,http://czech.hatenablog.com/entry/katoji-swing-lack
1933,たまごっちお世話の仕方,320,11,1,19,http://czech.hatenablog.com/entry/tamagochi-seityouzu
1934,いくら何歳,320,11,1,12,http://czech.hatenablog.com/entry/ikuraha-nansai-kara
1935,1歳エビ,320,13,1,17,http://czech.hatenablog.com/entry/ebi-ha-nansai
1936,離乳食豆腐冷凍,3600,28,1,18,http://czech.hatenablog.com/entry/rinyusyoku-tofu
1937,新幹線　ベビーカー,3600,29,1,21,http://czech.hatenablog.com/entry/babycar-train
1938,たらこソースシシリー風,3600,27,1,31,http://czech.hatenablog.com/entry/saizeriya-tarako-sicily-ninshin
1939,母子手帳書き方,1900,24,1,23,http://czech.hatenablog.com/entry/boshitetyou-dochi
1940,ババスリング,880,14,1,21,http://czech.hatenablog.com/entry/babasling
1941,割り算 何年生,1000,14,1,21,http://czech.hatenablog.com/entry/hissan-ha-nannen
1942,ポケモン クレーンゲームおもちゃ,1000,23,1,22,http://czech.hatenablog.com/entry/pokemon-cranegame
1943,たまごっち キャラクター みみっち,1000,9,1,23,http://czech.hatenablog.com/entry/mimitchino-sodate-hou
1944,アンパンマンミュージアム 近くのホテル,590,20,1,23,http://czech.hatenablog.com/entry/anpanman-hotel
1945,部活サボる,390,20,1,18,http://czech.hatenablog.com/entry/bukatsu-yasumu
1946,バランス イージー 口コミ,390,15,1,10,http://czech.hatenablog.com/entry/balance-easy
1947,たまごっちコネクションしつけ,390,18,1,26,http://czech.hatenablog.com/entry/tamagotchi-shitsuke
1948,おもちゃ 楽器 1歳,320,13,1,23,http://czech.hatenablog.com/entry/1year-music-toy
1949,たまごっち deeds とは,320,14,1,26,http://czech.hatenablog.com/entry/tenshitti
1950,おもちゃ屋さんの倉庫,4400,25,1,29,http://czech.hatenablog.com/entry/omocha-ya-sanno
1951,ヤングおやじっち,1600,24,1,26,http://czech.hatenablog.com/entry/pochi-tchino-sodate
1952,マザーズバッグ ジェラートピケ,1300,23,1,20,http://czech.hatenablog.com/entry/jerapike-mother-bag
1953,お薬手帳 無料でもらえる かわいい,1000,15,1,19,http://czech.hatenablog.com/entry/okusuritetyou-kawaii
1954,磁石 の おもちゃ 手作り,1000,16,1,17,http://czech.hatenablog.com/entry/magnet-toy-handmade
1955,サイベックス メリオ 危ない,390,13,1,8,http://czech.hatenablog.com/entry/cybex-merio
1956,おかあさんといっしょスペシャルステージ倍率,390,27,1,5,http://czech.hatenablog.com/entry/family-bairitsu
1957,たまごっち 主人公,390,11,1,38,http://czech.hatenablog.com/entry/tamagotchi-namae-ichiran
1958,3歳誕生日プレゼント おもちゃ 以外,390,18,1,17,http://czech.hatenablog.com/entry/3years-present-not-toy
1959,くちたまっち 進化,320,16,1,28,http://czech.hatenablog.com/entry/original-sinkazu
1960,イオン たまごっちパラダイス店頭販売,320,11,1,22,http://czech.hatenablog.com/entry/tamagotchi-paradaisu-yoyaku
1961,割り算何年生,1000,10,1,15,http://czech.hatenablog.com/entry/hissan-ha-nannen
1962,バンボ やめた ほうが いい,1000,15,1,8,http://czech.hatenablog.com/entry/bambo-kaisetsu
1963,しまむらオンライン 予約商品,1000,16,1,31,http://czech.hatenablog.com/entry/simamura-online
1964,豆椅子テーブル,590,12,1,20,http://czech.hatenablog.com/entry/mameiisu-table-nitori
1965,離乳食冷凍保存期間,590,12,1,18,http://czech.hatenablog.com/entry/rinyusyoku-yasui
1966,出産報告上司,590,13,1,13,http://czech.hatenablog.com/entry/shussan-houkoku-wo
1967,トリップトラップ 後悔,590,24,1,8,http://czech.hatenablog.com/entry/triptrap
1968,ふら わっ ち かわいい,390,12,1,26,http://czech.hatenablog.com/entry/furawatchi-kanzen-gaido
1969,手作り 紐通し おもちゃ,320,10,1,20,http://czech.hatenablog.com/entry/himo-toshi
1970,たらこパスタ妊娠中,390,17,1,19,http://czech.hatenablog.com/entry/saizeriya-tarako-sicily-ninshin
1971,かわいい歯固め,390,13,1,18,http://czech.hatenablog.com/entry/hagatame-recommend
1972,離乳食 腰座り前,320,12,1,18,http://czech.hatenablog.com/entry/rinyushyoku-koshisuwarimae
1973,西松屋 プレイ マット 大判,320,14,1,19,http://czech.hatenablog.com/entry/nishimatsuya-jointmat
1974,タングラム おもちゃ,320,14,1,19,http://czech.hatenablog.com/entry/tangram
1975,たまごっち 進化 図 2025,390,14,1,29,http://czech.hatenablog.com/entry/original-sinkazu
1976,たまごっち たらてん,320,13,1,25,http://czech.hatenablog.com/entry/tenshitti
1977,たまごっち discipline 意味,320,16,1,18,http://czech.hatenablog.com/entry/original-sinkazu
1978,西松屋布団,880,16,1,20,http://czech.hatenablog.com/entry/nishimatsuya-baby-huton
1979,産休の挨拶メール,880,13,1,20,http://czech.hatenablog.com/entry/sankyu-aisatsu-henshin
1980,すみっこぐらしおもちゃ 人気,390,10,1,20,http://czech.hatenablog.com/entry/sumikko-toy
1981,マンチキン　ミラクルカップ,480,19,1,20,http://czech.hatenablog.com/entry/munchkin-miracle-cup
1982,水遊び ペットボトルシャワー,320,15,1,26,http://czech.hatenablog.com/entry/bottle-shower
1983,たまごっちパラダイス 通信 ブリード,320,12,1,21,http://czech.hatenablog.com/entry/tamagotchi-paradaisu-no-3
1984,アンパンマンブロック 互換性,320,10,1,9,http://czech.hatenablog.com/entry/anpanman-block-lego
1985,ウラふらわっち,320,14,1,21,http://czech.hatenablog.com/entry/furawatchi-kanzen-gaido
1986,たまごっちパラダイス 予約 ビックカメラ,320,12,1,21,http://czech.hatenablog.com/entry/tamagotchi-paradaisu-yoyaku
1987,たまごクラブ どこで 買える,320,11,1,21,http://czech.hatenablog.com/entry/first-tamago-club
1988,たまごクラブ どこで買える,320,11,1,24,http://czech.hatenablog.com/entry/first-tamago-club
1989,たまごっちパラダイス成長速度,320,10,1,23,http://czech.hatenablog.com/entry/tamagotchi-paradaisu-kouryaku
1990,アンパンマン著作権,2900,21,1,17,http://czech.hatenablog.com/entry/anpanman-no-chosakuken
1991,0歳 おもちゃアンパンマン,1000,15,1,21,http://czech.hatenablog.com/entry/anpanman-toy-0-1-years
1992,レゴ アンパンマンブロック,1000,11,1,22,http://czech.hatenablog.com/entry/anpanman-block-lego
1993,たまごっち 進化図 2024,1000,10,1,17,http://czech.hatenablog.com/entry/tamagochi-seityouzu
1994,たまごっち スマホゲーム,880,14,1,34,http://czech.hatenablog.com/entry/tamagotchi-apuri-kouryaku
1995,メリオカーボン 新生児 インレイ,480,13,1,16,http://czech.hatenablog.com/entry/inrei
1996,オムツ グーン キャンペーン,480,28,1,16,http://czech.hatenablog.com/entry/goon-point
1997,惑星 名前 かっこいい,390,15,1,12,http://czech.hatenablog.com/entry/tamagotchi-wakusei-no
1998,バランスストーン　おすすめ,390,15,1,26,http://czech.hatenablog.com/entry/balance-stone
1999,鬼 滅 の刃pod,320,15,1,26,http://czech.hatenablog.com/entry/kimetsu-pod
2000,寓話 一覧,320,16,1,14,http://czech.hatenablog.com/entry/isoppu-monogatari-no-2
